{"0": ["this", "be", "the", "thing", "Ihave", "get", "do,", "so", "I", "get", "this", "do,", "this", "do,", "this", "do."], "1": ["pack", "a", "separate", "box", "of", "essential", "you", "may", "need", "for", "the", "first", "night", "at", "you", "new", "house."], "2": ["this", "work", "only", "on", "a", "single", "line", "of", "sight,", "so", "you", "need", "to", "know", "the", "exact", "path", "the", "mouse", "be", "take."], "3": ["Ibe", "go", "to", "Saxby's", "right", "after", "to", "just", "do", "all", "the", "work", "I", "need", "to", "do", "for", "the", "day,", "so", "yeah."], "4": ["some", "fine", "old", "farm", "house", "which", "the", "remain", "population", "do", "a", "commendable", "job", "try", "to", "maintain,", "since", "many", "of", "they", "be", "now", "empty", "and", "the", "rest", "use", "as", "vacation", "home", "for", "\"danish", "foreigner\"."], "5": ["make", "sure", "itbe", "a", "target", "you", "audience", "will", "be", "interested", "in", "and", "something", "theybe", "likely", "willing", "to", "laugh", "at.", "[2]"], "6": ["well,", "well,", "all", "we", "do", "\u2014", "I", "cannot", "do", "that,", "cause", "all", "we", "do", "be,", "I", "be", "in", "here", "and", "put", "a", "bandage", "on."], "7": ["I", "mean", "thatbe", "the", "thing", "I", "think", "of", "too."], "8": ["thing", "youwill", "need"], "9": ["I", "compare", "the", "thing", "I", "see", "under", "the", "'scope", "to", "what", "have", "be", "publish", "on", "other", "species", "in", "this", "group."], "10": ["I", "try", "to", "say", "it", "every", "time", "as", "if", "it", "be", "the", "first", "time", "I", "say", "it."], "11": ["Zenghelis", "describe", "she", "as", "the", "most", "outstanding", "pupil", "he", "ever", "teach."], "12": ["and", "also", "I", "feel", "like", "itbe", "a", "word", "mean", "to", "like,", "oppress", "people,", "particularly", "woman,", "but", "Ihave", "just", "be", "have", "a", "hard", "time", "with", "the", "way", "I", "look."], "13": ["in", "Tyler's", "mind", "he", "could", "see", "she", "face", "grow", "taut,", "lose", "color,", "and", "then,", "for", "the", "only", "time", "he", "could", "remember,", "she", "begin", "to", "cry."], "14": ["virtually", "any", "other", "combination", "you", "can", "think", "of!"], "15": ["when", "NASA", "launch", "the", "Hubble", "Space", "Telescope", "in", "1990,", "we", "be", "able", "to", "see", "the", "star", "unobstruct", "by", "the", "Earth's", "atmosphere", "and", "understand", "the", "universe", "in", "way", "we", "could", "have", "never", "imagine", "even", "a", "few", "decade", "earlier."], "16": ["you", "should", "have", "hear", "he,", "the", "night", "we", "take", "he", "to", "the", "emergency", "room."], "17": ["object", "or", "donation", "should", "be", "place", "in", "front", "of", "a", "monk", "so", "he", "can", "pick", "it", "up,", "or", "place", "it", "on", "a", "special", "cloth", "he", "carry", "with", "he."], "18": ["so", "if", "we", "go", "to", "the", "pregnant", "woman,", "she", "donot", "get", "enough", "iodine,", "she", "willnot", "make", "enough", "thyroid", "hormone,", "and", "the", "foetus", "willnot", "get", "the", "amount", "of", "thyroid", "hormone", "it", "need", "for", "adequate", "and", "proper", "development", "of", "the", "brain,", "so", "youwill", "then", "see", "consequence", "be", "loss", "of", "iq,", "learning", "difficulty,", "hearing", "difficulty", "and", "other", "neurological", "problem,\"", "Professor", "Eastman", "say."], "19": ["it", "be", "one", "of", "the", "worst", "World", "cup", "wehave", "play", "actually."], "20": ["when", "be", "the", "last", "time", "you", "see", "a", "Chevrolet", "in", "Tokyo?"], "21": ["some", "individual", "report", "that", "when", "they", "be", "able", "to", "reach", "the", "site,", "all", "they", "get", "be", "a", "message", "state,", "\"the", "word", "scientology", "mean", "search", "for", "truth", "...\"."], "22": ["in", "all", "the", "decision", "I", "have", "make", "in", "my", "public", "life,", "I", "have", "always", "try", "to", "do", "what", "be", "best", "for", "the", "Nation."], "23": ["ozone", "be", "something", "that", "we", "understand", "the", "cause", "of,", "and", "the", "step", "that", "need", "to", "be", "take", "to", "improve", "air", "quality.\""], "24": ["so", "ultimately", "I", "decide", "that", "eHow's", "model", "would", "not", "build", "the", "resource", "I", "envision."], "25": ["and", "when", "I", "see", "that", "the", "reef", "be", "but", "the", "black", "basalt", "crown", "of", "a", "shocking", "eikon", "whose", "monstrous", "forehead", "now", "show", "in", "the", "dim", "moonlight", "and", "whose", "vile", "hoof", "must", "paw", "the", "hellish", "ooze", "mile", "below,", "I", "shriek", "and", "shriek", "lest", "the", "hidden", "face", "rise", "above", "the", "water,", "and", "lest", "the", "hidden", "eye", "look", "at", "I", "after", "the", "slinking", "away", "of", "that", "leer", "and", "treacherous", "yellow", "moon."], "26": ["imagine", "have", "detailed", "step-by-step", "instruction", "on", "how", "to", "do", "any", "activity", "you", "could", "imagine."], "27": ["in", "FrameNet,", "word", "be", "describe", "in", "term", "of", "the", "frame", "they", "evoke."], "28": ["by", "the", "time", "we", "get", "to", "the", "car,", "though,", "Carabe", "wheeze."], "29": ["they", "literally", "arrive", "on", "my", "doorstep", "the", "day", "before", "we", "leave", "for", "the", "trip", "because", "I", "need", "some", "new", "hiking", "shoe,", "and", "this", "have", "be", "absolutely", "the", "best", "hiking", "shoe", "Ihave", "ever", "own."], "30": ["this", "be", "the", "37th", "time", "I", "have", "speak", "to", "you", "from", "this", "office,", "where", "so", "many", "decision", "have", "be", "make", "that", "shape", "the", "history", "of", "this", "Nation."], "31": ["thus,", "the", "time", "it", "take", "and", "the", "way", "of", "visually", "explore", "a", "artwork", "can", "inform", "about", "its", "relevance,", "interestingness,", "and", "even", "its", "aesthetic", "appeal."], "32": ["you", "can", "also", "push", "all", "the", "button", "as", "you", "reach", "the", "floor", "you", "be", "get", "off", "at."], "33": ["water", "landing:", "if", "you", "have", "successfully", "attach", "to", "a", "companion", "whose", "chute", "open,", "keep", "in", "mind", "that", "both", "you", "arm", "may", "be", "break", "or", "dislocate,", "and", "you", "may", "be", "unable", "to", "swim", "or", "tread", "water", "before", "you", "chute", "fill", "and", "drag", "you", "under."], "34": ["she", "stay", "because", "I", "hold", "she", "there", "by", "look", "at", "she,", "the", "way", "you", "can", "sometimes", "will", "a", "dog", "into", "submission."], "35": ["They're,", "like,", "the", "most", "italian", "woman", "youhave", "ever", "meet."], "36": ["she", "be", "outside", "the", "building", "in", "the", "garden,", "wait", "for", "a", "photographer", "she", "have", "arrange", "to", "shoot", "she", "new", "Epic", "Mickey", "costumed", "character-style", "outfit."], "37": ["however,", "the", "main", "problem", "of", "CFL", "be", "the", "mercury", "they", "contain."], "38": ["we", "can", "see", "possibility", "no", "one", "have", "ever", "see", "before."], "39": ["besides", "work", "whose", "copyright", "have", "expire,", "there", "be", "a", "increase", "number", "of", "modern", "book", "available", "under", "Creative", "Commons", "and", "similar", "license."], "40": ["the", "outfit", "he", "have", "choose,", "khaki", "pants", "and", "a", "blue", "button-down", "shirt", "--", "no", "tie", "--", "lay", "neatly", "fold", "on", "the", "bed."], "41": ["or", "a", "cloud,", "or", "the", "air", "we", "breathe,", "we", "call", "it", "a?"], "42": ["what", "be", "you", "thought", "on", "the", "job", "Barack", "Obama", "have", "do", "as", "president?"], "43": ["if", "agent", "be", "to", "satisfy", "the", "epistemic", "condition", "on", "responsibility,", "they", "must", "know", "what", "kind", "of", "knowledge", "they", "must", "utilize", "to", "guide", "they", "selection", "of", "source", "(on", "pain", "of", "infinite", "regress)."], "44": ["write", "down", "a", "list", "of", "everything", "you", "be", "pack,", "in", "particular", "if", "itbe", "valuable."], "45": ["a", "empire", "whose", "costly", "mistake", "would", "for", "many", "year", "to", "come", "echo", "into", "every", "corner", "of", "the", "know", "galaxy."], "46": ["then", "I", "remember", "the", "only", "''yellow", "man''", "I", "have", "ever", "see,", "a", "olondrian", "wizard", "and", "doctor", "who", "have", "visit", "Tyom", "in", "my", "childhood,", "who", "wear", "two", "piece", "of", "glass", "on", "he", "eye,", "attach", "to", "he", "ear", "with", "wire,", "and", "roam", "the", "hill", "of", "Tinimavet,", "cut", "bit", "off", "the", "tree."], "47": ["but", "I", "actually", "like", "when", "itbe", "gloomy", "for", "study", "because", "then", "I", "feel", "like", "therebe", "nothing", "else", "you", "could", "be", "do,", "so", "you", "might", "as", "well", "just", "stay", "inside", "and", "work."], "48": ["that", "be", "the", "oath", "Senators", "swear", "on", "January", "16."], "49": ["in", "this", "way,", "concept", "touch", "every", "aspect", "of", "we", "life,", "from", "we", "many", "daily", "routine", "to", "the", "guide", "principle", "behind", "the", "way", "government", "function."], "50": ["and", "I", "remember", "this", "pf-", "cartoon", "I", "see", "w-,", "of,", "of,", "it", "be", "call", "the", "Scientist."], "51": ["President", "Joe", "Biden", "and", "I", "talk", "often", "about", "we", "mutual", "passion", "for", "everything", "you", "all", "do."], "52": ["the", "band", "I", "start", "in", "1993,", "speak", "Motion,", "receive", "a", "lot", "of", "recognition", "as", "a", "speak", "word", "band", "bear", "out", "of", "the", "New", "York", "speak", "word", "scene."], "53": ["like", "my", "face", "and", "my", "hair,", "my", "feature,", "the", "amount", "of", "body", "hair", "I", "have", "in", "random", "place", "because", "of", "like", "my", "hormone,", "my", "weight", "especially."], "54": ["previous", "eye", "tracking", "research", "have", "highlight", "the", "potential", "to", "transform", "the", "way", "we", "understand", "visual", "processing", "in", "the", "art", "(see", "for", "example", "Brieber", "2014;", "Binderman", "et", "al.,", "2005)", "and", "at", "the", "same", "time", "offer", "a", "direct", "way", "of", "study", "several", "important", "factor", "of", "a", "museum", "visit", "(Filippini", "Fantoni", "et", "al.,", "2013;", "Heidenreich", "&", "Turano", "2011;", "Milekic", "2010)."], "55": ["water", "burst", "over", "the", "barrel", "and", "can", "stand", "under", "the", "eave", "and", "gutter,", "flood", "the", "pathway,", "carry", "away", "all", "that", "benot", "fix", "solid", "and", "lick", "at", "the", "stair", "to", "the", "back", "porch", "before", "climb", "each", "step", "and", "lap", "against", "the", "plank", "we", "be", "sit", "on,", "a", "wooden", "raft", "surround", "by", "angry", "water", "and", "martial", "beat", "drum,", "drum,", "drum", "on", "the", "roof", "above."], "56": ["it", "be", "a", "oath", "whose", "power", "derive", "from", "its", "common", "sense:", "that", "a", "juror", "must", "always", "be", "impartial", "for", "a", "trial", "to", "be", "fair."], "57": ["the", "doctor,", "a", "woman", "I", "donot", "know,", "be", "sit", "in", "the", "other", "chair."], "58": ["disabled", "athlete", "also", "challenge", "exist", "relation", "of", "power", "by", "display", "dedication,", "hard", "work", "and", "perseverance", "in", "different", "context", "than", "that", "most", "sport", "fan", "be", "accustomed", "to."], "59": ["Ahmed", "Mohamed,", "a", "14-year-old", "boy", "from", "Irving,", "Texas,", "be", "arrest", "at", "he", "school", "by", "police", "after", "he", "bring", "a", "digital", "clock", "he", "have", "make", "to", "school."], "60": ["and", "evolutionary", "theorist", "have", "explore", "the", "various", "way", "that", "in-group", "/", "out-group", "biase", "emerge", "across", "the", "history", "of", "we", "species.", "[10]"], "61": ["I", "want", "to", "thank", "we", "dhb,", "public", "health", "staff,", "and", "primary", "care", "and", "health", "official", "for", "the", "work", "they", "be", "do", "to", "protect", "the", "public."], "62": ["in", "fact", "the", "variation", "in", "form", "in", "unrelated", "language", "across", "the", "globe", "be", "about", "the", "same", "as", "the", "variation", "we", "find", "in", "the", "way", "any", "regular", "word", "(e.g.,", "dog)", "be", "pronounce", "across", "dialect", "of", "English."], "63": ["you", "cannot", "understan-", "-", "he", "-", "you", "can", "but,", "then", "you", "cannot,", "sometimes,", "some", "of", "the", "thing", "he", "say."], "64": ["oh", "and", "ps,", "I", "usually", "try", "to", "avoid", "take", "medicine", "that", "I", "cannot", "read", "the", "name", "of", "but", "I", "have", "someone", "help", "I", "at", "the", "pharmacy", "in", "the", "airport."], "65": ["America", "need", "a", "full-time", "president", "and", "a", "full-time", "Congress,", "particularly", "at", "this", "time", "with", "problem", "we", "face", "at", "home", "and", "abroad."], "66": ["when", "be", "the", "last", "time", "anybody", "see", "we", "beat,", "let's", "say,", "China", "in", "a", "trade", "deal?"], "67": ["all", "in", "all,", "I", "think", "this", "be", "a", "terrific", "opportunity", "to", "improve", "sport", "coverage", "in", "a", "multitude", "of", "aspect;", "but", "we", "will", "have", "to", "wait", "until", "after", "the", "event", "to", "assess", "to", "what", "extent", "the", "broadcaster", "will", "meet", "this", "expectation."], "68": ["on", "Friday,", "fisherman", "rescue", "over", "700", "asylum", "seeker", "whose", "boat", "sink,", "and", "the", "Indonesian", "Navy", "reportedly", "save", "200", "more", "after", "they", "be", "find", "swim", "along", "the", "coast", "of", "Aceh,", "Indonesia."], "69": ["I", "would", "have", "prefer", "to", "carry", "through", "to", "the", "finish,", "whatever", "the", "personal", "agony", "it", "would", "have", "involve,", "and", "my", "family", "unanimously", "urge", "I", "to", "do", "so."], "70": ["the", "best", "analogy", "Ihave", "hear", "be", "when", "Rob", "Siegel,", "former", "editor-in-chief,", "liken", "it", "to", "wine", "tasting."], "71": ["the", "Chemical", "wedding", "by", "Christian", "Rosencreutz", "be", "the", "way", "Ihave", "decide", "to", "present", "the", "title", "of", "this", "book."], "72": ["whether", "it", "be", "appropriate", "or", "not", "be", "another", "thing", "we", "leave", "to", "the", "pro", "to", "decide."], "73": ["above", "all,", "we", "be", "face", "the", "alarming", "possibility", "of", "armed", "conflict", "in", "the", "gulf,", "the", "consequence", "of", "which", "the", "world", "can", "not", "afford."], "74": ["nor", "have", "my", "flesh", "tremble", "without", "cause,", "for", "when", "I", "raise", "my", "eye", "I", "see", "that", "the", "water", "have", "ebb", "very", "low,", "shew", "much", "of", "the", "vast", "reef", "whose", "rim", "I", "have", "see", "before."], "75": ["european", "colonizer", "often", "view", "the", "people", "in", "the", "land", "they", "colonize", "as", "uncultured", "savage", "who", "be", "in", "need", "of", "european", "governance,", "dress,", "religion,", "and", "other", "cultural", "practice."], "76": ["all", "you", "need", "to", "do", "be", "place", "you", "favorite", "combination", "of", "skittle", "candy", "into", "a", "glass", "or", "bottle", "of", "vodka", "and", "wait", "for", "it", "to", "infuse."], "77": ["anything", "we", "want", "to", "explain", "about", "morality", "can", "be", "explain", "without", "mention", "moral", "fact,", "or", "so", "Ruse", "argue."], "78": ["from", "one-liner", "to", "classic", "three-liner", "to", "the", "one-minute", "gag", "you", "tell", "you", "friend,", "a", "good", "joke", "please", "everyone."], "79": ["every", "time", "the", "elevator", "reach", "a", "new", "floor,", "say", "''ding!''", "very", "loudly."], "80": ["throw", "away", "or", "donate", "junk", "you", "donot", "want", "to", "take", "to", "you", "new", "place."], "81": ["from", "the", "discussion", "I", "have", "have", "with", "congressional", "and", "other", "leader,", "I", "have", "conclude", "that", "because", "of", "the", "Watergate", "matter,", "I", "might", "not", "have", "the", "support", "of", "the", "Congress", "that", "I", "would", "consider", "necessary", "to", "back", "the", "very", "difficult", "decision", "and", "carry", "out", "the", "duty", "of", "this", "office", "in", "the", "way", "the", "interest", "of", "the", "Nation", "will", "require."], "82": ["Eegimaa", "be", "a", "endangered", "language", "whose", "transmission", "to", "new", "generation", "have", "be", "decline", "significantly", "in", "the", "last", "decade."], "83": ["and", "you", "know,", "my", "therapist,", "like", "the", "very", "first", "thing", "she", "say", "be,", "you", "know,", "you", "do", "this", "take", "a", "lot", "of", "courage."], "84": ["in", "fact,", "many", "people", "Wikinews", "observe", "take", "out", "they", "mobile", "as", "they", "leave", "for", "the", "evening", "and", "use", "they", "own", "phone", "camera", "to", "make", "one", "further", "record", "of", "the", "moment", "-", "a", "photo", "of", "a", "photo."], "85": ["Ihave", "say", "my", "prayer,", "talk", "a", "long", "time", "as", "usual", "with", "my", "Maker", "and", "think", "about", "some", "of", "the", "great", "mystery", "the", "Father", "of", "Lights", "have", "reveal", "to", "I."], "86": ["if", "you", "look", "at", "the", "room,", "therebe", "all", "the", "accouterment", "youwould", "find", "in", "this", "type", "of", "place", "--", "but", "more", "than", "anything,", "therebe", "a", "lot", "of", "good", "feeling", "around", "here."], "87": ["all", "the", "offworlders", "I", "have", "ever", "meet", "be", "teacher."], "88": ["the", "challenge", "we", "face", "be", "great."], "89": ["thing", "youwill", "need"], "90": ["it", "attempt", "to", "explain", "how", "and", "why", "we", "think", "the", "way", "we", "do", "by", "study", "the", "interaction", "among", "human", "thinking,", "emotion,", "creativity,", "language,", "and", "problem", "solving,", "in", "addition", "to", "other", "cognitive", "process."], "91": ["another", "technique", "use", "by", "you", "brain", "to", "organize", "information", "be", "the", "identification", "of", "prototype", "for", "the", "concept", "you", "have", "develop."], "92": ["Cara", "sit", "in", "she", "booster", "seat", "in", "the", "back", "of", "the", "car,", "wheeze", "all", "the", "way", "home,", "get", "worse", "and", "worse,", "and", "by", "the", "time", "we", "pull", "in", "the", "driveway,", "shebe", "get", "that", "white", "look", "around", "she", "mouth."], "93": ["be", "it", "only", "girl", "you", "hire?"], "94": ["the", "1863", "Emancipation", "Proclamation", "end", "any", "doubt", "the", "British", "have", "about", "the", "goal", "of", "the", "Union", "cause."], "95": ["every", "time", "you", "take", "over", "a", "country", "you", "get", "card."], "96": ["I", "sit", "in", "the", "shadow", "in", "my", "living", "room", "for", "a", "while,", "look", "at", "the", "amorphous", "mass", "of", "the", "blanket", "I", "have", "be", "crochet."], "97": ["the", "storey", "of", "she", "mature", "period", "(1894", "-", "96)", "be", "not", "only", "mark", "by", "she", "experience", "live", "near", "the", "red-light", "district", "and", "great", "concern", "over", "the", "plight", "of", "woman,", "but", "also", "by", "the", "influence", "of", "Ihara", "Saikaku,", "a", "17th-century", "writer,", "whose", "storey", "she", "have", "recently", "discover."], "98": ["when", "I", "discover", "Wikipedia,", "I", "recognize", "that", "the", "wiki", "model", "have", "the", "potential", "to", "build", "the", "how-to", "resource", "the", "world", "really", "need."], "99": ["determine", "this", "base", "on", "they", "general", "personality", "and", "the", "people", "theybe", "interact", "with."], "100": ["I", "be", "back", "in", "Philadelphia", "to", "express", "my", "thanks", "for", "that", "support", "and", "also", "to", "express", "appreciation", "for", "the", "help", "we", "receive", "from", "that", "Democrats", "in", "this", "city", "and", "State,", "and", "to", "report", "to", "you", "on", "the", "progress", "that", "this", "country", "have", "make", "on", "the", "goal", "that", "be", "outline", "3", "year", "ago."], "101": ["give", "the", "volume", "of", "content", "this", "represent,", "it", "be", "easy", "to", "forget", "that", "the", "television", "series", "itself", "be", "a", "adaptation", "of", "a", "book", "series", "with", "a", "pre-exist", "fandom."], "102": ["he", "soon", "come", "back", "and", "give", "I", "the", "good", "news", "that", "I", "actually", "havenot", "oversleep;", "all", "Ihave", "do", "be", "miss", "breakfast:", "they", "havenot", "want", "to", "wake", "a", "old", "man", "who", "need", "he", "rest."], "103": ["a-", "and", "Ibe", "suppose", "to", "trust", "you", "every", "time", "you", "tell", "the", "truth."], "104": ["we", "then", "house", "the", "ant", "in", "nest", "I", "make", "use", "Y-tong", "[aerate", "concrete]."], "105": ["examine", "this,", "I", "could", "tell", "that", "it", "have", "be", "take", "from", "that", "ancient", "monument", "Ihave", "see", "and", "put", "here", "for", "some", "special", "reason."], "106": ["however,", "the", "main", "problem", "of", "CFL", "be", "the", "mercury", "they", "contain."], "107": ["I", "must", "congratulate", "the", "former", "student", "and", "ask", "to", "make", "the", "very", "best", "use", "of", "the", "copyright", "law", "knowledge", "they", "acquire", "while", "also", "challenging", "all", "university", "represent", "here", "to", "consider", "emulate", "the", "highly", "successfully", "CopyrightX", "initiative."], "108": ["and", "every", "time", "we", "give", "Iraq", "equipment,", "the", "first", "time", "a", "bullet", "go", "off", "in", "the", "air,", "they", "leave", "it."], "109": ["one", "day", "Tyler", "look", "through", "a", "old", "family", "photo", "album,", "and", "in", "it", "be", "a", "picture", "of", "the", "kitchen", "in", "the", "house", "they", "use", "to", "live", "in."], "110": ["we", "donot", "have", "any", "rule", "or", "know", "line", "we", "willnot", "cross."], "111": ["in", "this", "final", "papers,", "he", "outline", "the", "rough", "edge", "of", "some", "work", "he", "have", "be", "do", "in", "analysis", "and", "annotate", "a", "copy", "of", "the", "manuscript", "submit", "to", "the", "Academy", "and", "other", "papers."], "112": ["\"I", "think", "everybody", "know", "Andy", "Warhol's", "name,", "even", "non-art", "people,", "thatbe", "a", "name", "they", "might", "know", "because", "he", "be", "such", "a", "personality\",", "Water", "say."], "113": ["the", "parent", "be", "also", "accuse", "of", "put", "they", "social", "life", "ahead", "of", "they", "child,", "take", "she", "on", "a", "trip", "to", "India", "and", "leave", "she", "to", "servant", "while", "embark", "on", "a", "busy", "social", "schedule,", "and", "give", "she", "homeopathic", "drop", "instead", "of", "use", "the", "prescription", "creams", "they", "have", "be", "give."], "114": ["this", "pilot", "project", "primarily", "investigate", "how", "participant", "visually", "explore", "artwork", "and", "provide", "new", "insight", "into", "the", "potential", "eye-tracking", "have", "to", "transform", "the", "way", "we", "understand", "visual", "processing", "in", "art", "and", "culture", "and", "at", "the", "same", "time", "offer", "a", "direct", "way", "of", "study", "several", "important", "factor", "of", "a", "museum", "visit,", "namely", "to", "assess", "the", "effect", "of", "label", "characteristic", "on", "visitor", "visual", "behaviour."], "115": ["in", "1562,", "Bishop", "Diego", "de", "Landa,", "who", "fear", "the", "convert", "native", "have", "revert", "to", "they", "traditional", "religious", "practice,", "collect", "and", "burn", "every", "codex", "he", "could", "find."], "116": ["by", "the", "time", "you", "get", "to", "be", "a", "writer", "for", "the", "onion,", "though,", "the", "odd", "be", "you", "be", "go", "to", "succeed", "because", "we", "make", "it", "pretty", "challenging."], "117": ["it", "be", "a", "tournament", "that", "I", "wish", "wewould", "actually", "go", "back", "to", "more", "often."], "118": ["thatbe", "all", "I", "get?"], "119": ["as", "you", "guy", "know,", "thatbe", "all", "I", "talk", "about", "on", "my", "channel", "most", "of", "the", "time."], "120": ["Gather", "all", "need", "material", "and", "player", "(see", "thing", "youwill", "need", "section", "below)."], "121": ["the", "Senate", "will", "address", "the", "challenge", "we", "country", "face", "head", "on", "and", "without", "delay,", "not", "with", "timid", "solution", "but", "with", "boldness", "and", "with", "courage."], "122": ["I", "like", "the", "way", "he", "express", "that."], "123": ["and", "a", "liquid", "can", "change", "its", "shape,", "to", "f-", "completely", "fill", "the", "bottom", "of", "whatever", "container", "you", "put", "it", "in."], "124": ["but,", "I", "think", "thatbe", "the", "large", "size", "they", "have."], "125": ["Nick", "Bos,", "of", "the", "University", "of", "Helsinki,", "study", "\"the", "amazing", "adaptation", "social", "insect", "have", "evolve", "in", "order", "to", "fight", "the", "extreme", "parasite", "pressure", "they", "experience\"."], "126": ["as", "a", "previous", "step", "to", "design", "the", "mutation", "operator,", "we", "analyze", "the", "main", "technology", "use", "specifically", "in", "the", "development", "of", "GIS,", "and", "we", "identify", "typical", "error", "a", "programmer", "can", "introduce", "during", "the", "development."], "127": ["voter", "see", "the", "two-party", "system", "for", "the", "sham", "it", "have", "become."], "128": ["as", "a", "country,", "we", "be", "also", "privileged", "to", "have", "a", "National", "ICT", "policy", "whose", "goal", "be", "to", "create", "a", "prosperous", "ICT", "-", "drive", "kenyan", "society."], "129": ["the", "last", "thing", "you", "want", "be", "other", "substance", "interact", "with", "the", "reaction", "yoube", "depend", "on", "to", "make", "the", "substance", "glow."], "130": ["flourish", "from", "roughly", "2000", "BCE", "to", "900", "ce", "in", "what", "be", "now", "Mexico,", "Belize,", "Honduras,", "and", "Guatemala,", "the", "Maya", "perfect", "the", "calendar", "and", "write", "language", "the", "Olmec", "have", "begin."], "131": ["actually", "I", "find", "many", "connection", "between", "mathematics", "and", "literature", "because", "almost", "all", "the", "thing", "I", "tell", "about", "mathematics", "be", "also", "see", "in", "literature", "and", "in", "writing", "because", "when", "you", "write", "you", "can", "describe", "the", "real", "world,", "but", "you", "can", "also", "create", "world", "of", "fiction."], "132": ["it", "be", "we", "belief", "that", "this", "international", "mechanism", "play", "a", "significant", "and", "important", "role", "as", "guardian", "of", "the", "common", "human", "value", "we", "have", "together", "adopt."], "133": ["to", "the", "people", "of", "India,", "whose", "representative", "we", "be,", "we", "make", "a", "appeal", "to", "join", "we", "with", "faith", "and", "confidence", "in", "this", "great", "adventure."], "134": ["what", "be", "you", "thought", "on", "the", "job", "Bob", "McDonnell", "have", "do", "as", "Governor", "of", "Virginia?"], "135": ["I", "mention", "the", "historic", "nature", "of", "vice", "President", "HARRIS's", "ascendance,", "but", "letus", "not", "forget", "that", "she", "successor,", "ALEX", "PADILLA,", "be", "the", "first", "latino", "senator", "to", "represent", "California;", "that", "RAFAEL", "WARNOCK,", "bear", "while", "Georgia", "be", "represent", "in", "this", "Chamber", "by", "two", "staunch", "segregationist,", "be", "now", "the", "first", "African-American", "Senator", "Georgia", "have", "ever", "elect;", "and", "that", "JOHN", "OSSOFF", "be", "the", "first", "jewish", "senator", "from", "he", "State,", "swear", "in", "today", "on", "a", "book", "of", "Hebrew", "Scripture", "once", "own", "by", "the", "rabbi,", "who,", "decade", "ago,", "form", "a", "bond", "between", "the", "jewish", "and", "african-american", "community", "of", "Georgia."], "136": ["if", "you", "want", "to", "take", "it", "a", "step", "further,", "look", "around", "questioningly", "at", "everyone", "in", "the", "elevator", "when", "no", "one", "get", "off", "at", "the", "floor", "you", "push.", "[1]"], "137": ["several", "rental", "place", "also", "give", "you", "the", "option", "of", "train", "guide,", "which", "can", "both", "provide", "information", "about", "the", "sight", "you", "visit,", "and", "make", "sure", "you", "be", "safe."], "138": ["who", "stand", "up", "for", "the", "value", "we", "founder", "charge", "we", "to", "keep?"], "139": ["with", "Wikinews,", "Sarvis", "discuss", "he", "background,", "view", "on", "McDonnell's", "tenure,", "key", "to", "campaign", "success,", "plan", "to", "implement", "he", "agenda,", "and", "the", "former", "Virginia", "governor", "he", "most", "admire."], "140": ["but", "the", "next", "time", "we", "visit", "he", "room", "we", "get", "to", "marvel", "at", "we", "toothy", "grin", "label", "and", "line", "up", "on", "the", "shelf."], "141": ["this", "be", "like", "the", "calmest", "water", "you", "might", "have", "see."], "142": ["the", "past", "cling", "on", "to", "we", "still", "in", "some", "measure", "and", "we", "have", "to", "do", "much", "before", "we", "redeem", "the", "pledge", "we", "have", "so", "often", "take."], "143": ["this", "facility", "wehave", "choose", "have", "a", "noteworthy", "legacy", "of", "preserve", "space", "artifact", "and", "provide", "outstanding", "access", "to", "U.S.", "and", "international", "visitor.\""], "144": ["and", "a", "gas", "completely", "fill", "whatever", "shape", "container", "you", "put", "it", "in."], "145": ["1", "choose", "the", "kind", "of", "basil", "you", "wish", "to", "grow."], "146": ["everyone", "expect", "thing", "of", "Presidents,", "but", "I", "be", "not", "sure", "that", "they", "realize", "how", "much", "depend", "upon", "the", "Members", "of", "the", "House", "and", "the", "Members", "of", "the", "Senate", "who", "must", "make", "the", "final", "judgment", "on", "what", "kind", "of", "law", "a", "President", "must", "execute."], "147": ["Galois's", "cousin,", "Gabriel", "Demante,", "when", "ask", "if", "he", "know", "the", "cause", "of", "the", "duel,", "mention", "that", "Galois", "\"find", "himself", "in", "the", "presence", "of", "a", "suppose", "uncle", "and", "a", "suppose", "fianc\u00e9,", "each", "of", "whom", "provoke", "the", "duel.\""], "148": ["so", "I", "do", "bring", "that", "up,", "the", "whole", "thing", "I", "be", "talk", "about", "before", "in", "therapy,", "where", "I", "have", "a", "really", "hard", "time", "with", "my", "appearance."], "149": ["whatever", "the", "reason,", "if", "people", "specialize", "in", "the", "production", "of", "what", "they", "do", "best,", "they", "will", "be", "more", "effective", "than", "if", "they", "produce", "a", "combination", "of", "thing,", "some", "of", "which", "they", "be", "good", "at", "and", "some", "of", "which", "they", "be", "not."], "150": ["well", "one", "of", "the", "first", "thing", "he", "do", "be", "to", "back", "down", "on", "the", "promise", "of", "not", "expand", "NATO", "to", "the", "east."], "151": ["at", "that", "time", "he", "know", "only", "vaguely", "that", "Hell", "be", "a", "place", "you", "do", "not", "want", "to", "go,", "like", "the", "dark", "basement", "or", "the", "even", "darker", "attic."], "152": ["it", "be", "the", "same", "virtuous", "circle", "that", "Wikipedia", "have", "enjoy."], "153": ["all", "I", "need", "be", "you", "signature", "so", "I", "can", "play", "the", "volleyball."], "154": ["focus", "you", "list", "on", "include", "the", "thing", "you", "typically", "put", "off,", "not", "the", "thing", "you", "be", "sure", "to", "do", "on", "a", "regular", "basis."], "155": ["this", "response", "have", "the", "add", "benefit", "of", "be", "natural", "launching", "point", "for", "conversation", "about", "you", "hobby,", "like", "the", "writing", "yoube", "do", "on", "the", "side", "and", "the", "great", "bourbon", "you", "taste", "the", "other", "day."], "156": ["the", "solution", "we", "seek", "must", "be", "equitable,", "with", "no", "one", "group", "single", "out", "to", "pay", "a", "higher", "price."], "157": ["the", "sample", "we", "have", "be", "small", "in", "term", "of", "number", "and", "they", "be", "all", "preserve", "in", "formalin", "(a", "kind", "of", "formaldehyde", "solution)."], "158": ["for", "many", "visitor,", "the", "first", "place", "they", "be", "likely", "to", "visit", "be", "downtown,", "especially", "if", "they", "be", "in", "town", "on", "business,", "or", "simply", "do", "not", "know", "where", "to", "start."], "159": ["the", "idea", "be", "to", "play", "fish", "except", "every", "time", "you", "get", "a", "match", "yoube", "suppose", "to", "do", "what", "it", "say."], "160": ["my", "first", "attempt", "at", "build", "this", "resource", "be", "a", "website", "I", "use", "to", "run", "call", "eHow."], "161": ["yet", "in", "spite", "of", "this", "somewhat", "unstable", "shifting,", "the", "Koinonia", "be", "rule", "peacefully", "for", "nearly", "two", "decade,", "at", "which", "point", "Theodorus", "predict", "he", "would", "soon", "die."], "162": ["this", "mean", "we", "cannot", "look", "at", "the", "issue", "you", "raise", "with", "this", "animal."], "163": ["nevertheless,", "he", "be", "treat", "deferentially", "in", "San", "Francisco,", "and", "currency", "issue", "in", "he", "name", "be", "honore", "in", "the", "establishment", "he", "frequent."], "164": ["Cause", "thatbe", "the", "same", "way", "yoube", "multiply", "there,", "square", "root", "of", "nine,", "that", "\u2014", "and", "square", "root", "of", "nine", "equal", "three."], "165": ["''just", "make", "sure", "there", "be", "no", "pixie", "in", "the", "coffee", "pot,", "be", "all", "I", "ask.''"], "166": ["in", "the", "time", "it", "take", "I", "to", "explain", "she", "grasp", "and", "lose", "the", "word,", "grasp", "and", "lose", "phrase", "as", "they", "go", "past."], "167": ["exhibit", "goer", "then", "become", "part", "of", "the", "very", "exhibit", "they", "have", "want", "to", "attend."], "168": ["we", "be", "come", "with", "comic,", "like,", "leave", "and", "right,", "we", "be", "come", "up", "with", "thing", "like", "Karis,", "in", "high", "school", "she", "come", "up", "with", "that", "one,", "I", "come", "up", "with", "a", "individual", "story", "call", "Thad's", "World", "Destruction", "and,", "she", "want", "to", "illustrate", "it,", "and", "so,", "thatbe", "the", "way", "we", "end", "up", "do", "it."], "169": ["the", "people", "of", "Philadelphia", "give", "that", "support,", "and", "the", "support", "I", "receive", "from", "this", "city", "and", "this", "State", "be,", "as", "it", "be", "in", "the", "1960", "convention,", "the", "key", "to", "we", "victory", "across", "the", "country."], "170": ["Cynthia", "Thompson,", "curator", "and", "director", "of", "exhibit", "at", "the", "University", "of", "Arkansas,", "Fayetteville,", "say,", "\"this", "image", "serve", "as", "documentation", "of", "people", "in", "he", "every", "day", "life", "and", "art", "-", "one", "which", "many", "of", "we", "enjoy", "a", "glimpse", "into.\""], "171": ["any", "\u2014", "pretty", "much", "any", "time", "you", "can", "\u2014"], "172": ["throw", "on", "some", "old", "clothes", "or", "put", "a", "smock", "over", "clothes", "you", "want", "protect."], "173": ["there", "be", "no", "deny", "that", "there", "be", "word", "which", "we", "feel", "instinctively", "to", "be", "adequate", "to", "express", "the", "idea", "they", "stand", "for.''"], "174": ["that", "future", "be", "not", "one", "of", "ease", "or", "rest", "but", "of", "incessant", "strive", "so", "that", "we", "may", "fulfill", "the", "pledge", "we", "have", "so", "often", "take", "and", "the", "one", "we", "shall", "take", "today."], "175": ["um,", "Jesus", "turn", "to", "he", "disciple,", "you", "remember,", "when", "some", "desert", "he,", "and", "seem,", "because", "they", "be", "disappointed", "in", "some", "of", "he", "saying,", "and", "they", "be", "offend", "by", "some", "of", "the", "thing", "he", "say,", "and", "they", "walk", "no", "longer", "with", "he", "it", "say."], "176": ["other", "country,", "include", "the", "one", "you", "mention,", "have", "stronger", "social", "orientation", "in", "all", "aspect", "of", "society."], "177": ["the", "founder", "of", "Airbnb", "recognize", "that", "some", "people", "have", "unused", "resource,", "bedroom,", "that", "other", "people", "need."], "178": ["\"hebe", "hang", "out", "with", "the", "celebrity,", "and", "have", "kind", "of", "become", "the", "same", "sort", "of", "celebrity", "he", "be", "interested", "in", "document", "earlier", "in", "he", "career\",", "Wilkins", "say."], "179": ["well", "I", "finally", "find", "some", "people", "there", "I", "can", "dance", "with."], "180": ["I", "take", "the", "robe", "Ihave", "bring", "from", "the", "bathroom", "and", "wrap", "it", "around", "she", "shoulder."], "181": ["my", "spirit", "recover,", "and", "as", "soon", "as", "I", "have", "get", "into", "my", "habit,", "I", "follow", "he", "to", "the", "garden", "I", "have", "already", "tell", "about."], "182": ["\"someone", "email", "I", "earlier", "today", "talk", "about", "a", "tool", "a", "groupbe", "be", "use", "to", "attack", "the", "scientology", "website."], "183": ["and", "the", "way", "itbe", "markete,", "and", "the", "way", "webe", "d-", "\u2014", "we", "develop", "need", "for", "it."], "184": ["the", "result", "we", "get", "be", "very", "reliable."], "185": ["eventually,", "she", "get", "the", "break", "she", "be", "so", "eager", "for:"], "186": ["rather", "than", "passively", "attempt", "to", "absorb", "new", "information,", "you", "will", "learn", "how", "to", "make", "conscious", "decision", "about", "the", "method", "of", "learning", "you", "will", "use", "(base", "on", "what", "you", "intend", "to", "do", "with", "the", "information),", "how", "you", "will", "select", "and", "use", "learning", "material", "that", "be", "appropriate", "for", "you", "need,", "and", "how", "persistent", "you", "will", "be", "in", "the", "learning", "activity."], "187": ["mention", "people", "you", "know", "that", "they", "donot", "like."], "188": ["jealousy", "of", "you", "achievement", "or", "seeming", "lifestyle", "can", "cause", "another", "person", "to", "feel", "smug", "or", "arrogant", "about", "something", "they", "think", "they", "do", "better", "than", "you", "or", "own", "/", "have", "that", "you", "donot."], "189": ["he", "feel", "he", "hand", "tighten", "on", "the", "flight", "helmet", "he", "hold,", "swallow", "hard."], "190": ["\"the", "way", "she", "draw", "a", "staircase", "you", "would", "smash", "you", "head", "against", "the", "ceiling,", "and", "the", "space", "be", "reduce", "and", "reduce,", "and", "you", "would", "end", "up", "in", "the", "upper", "corner", "of", "the", "ceiling."], "191": ["wehave", "see", "mass", "strike", "all", "around", "the", "world,", "in", "country", "that", "we", "wouldnot", "expect", "it."], "192": ["in", "2000,", "he", "be", "cast", "as", "Dean", "Forester", "on", "the", "television", "series", "Gilmore", "Girls,", "a", "role", "he", "play", "until", "2005."], "193": ["youhave", "probably", "get", "they", "just", "the", "way", "you", "like", "they,", "but", "if", "you", "move", "the", "adjuster", "up", "or", "down", "on", "the", "strap", "occasionally,", "the", "strap", "will", "last", "longer."], "194": ["that", "be", "last", "night,", "the", "second", "night", "Renata", "donot", "come", "home."], "195": ["I", "guess", "all", "I", "cannot", "figure", "out", "be,", "what", "the", "square", "root", "of", "negative", "two", "thir", "-", "thi", "-", "two", "third", "be."], "196": ["lot", "of", "joke", "rehash", "the", "same", "ground", "and", "sometimes", "they", "retell", "a", "story", "countless", "other", "joke", "have", "tell."], "197": ["oh", "herebe", "one", "you", "can", "open."], "198": ["try", "to", "be", "playful", "and", "even", "slightly", "sarcastic", "as", "you", "respond", "to", "the", "statement", "of", "the", "person", "yoube", "talk", "to."], "199": ["all", "but", "10", "of", "the", "remain", "passenger", "on", "the", "flight,", "who", "be", "not", "consider", "to", "be", "close", "contact,", "have", "also", "be", "contact", "to", "provide", "reassurance", "and", "answer", "any", "question", "they", "might", "have;", "that", "10", "that", "havenot", "be", "contact", "do", "not", "provide", "accurate", "contact", "information."], "200": ["therebe", "nothing", "I", "really", "feel", "like", "eat."], "201": ["another", "theme", "Higuchi", "repeat", "be", "the", "ambition", "and", "cruelty", "of", "the", "Meiji", "middle", "class."], "202": ["you", "guy", "wake", "I", "up", "every", "time", "Ibe", "try", "to", "take", "a", "little", "nap."], "203": ["all", "I", "can", "say", "be,", "the", "woman", "benot", "all", "over", "I."], "204": ["you", "have", "a", "long", "career", "in", "poetry,", "but", "as", "of", "late", "the", "attention", "you", "have", "garner", "be", "for", "the", "Mets-inspired", "work."], "205": ["every", "time", "I", "get", "up."], "206": ["ambiguity", "frighten", "arrogant", "people", "because", "it", "suggest", "imperfection,", "change", "and", "lack", "of", "certainty", "(reality", "we", "all", "must", "contend", "with", "as", "best", "we", "can)."], "207": ["she", "hand", "I", "a", "shirt", "she", "buy", "at", "the", "stadium", "and", "she", "give", "I", "a", "big", "hug."], "208": ["you", "can", "find", "fodder", "lot", "of", "place", "\u2014", "from", "you", "life,", "joke", "file", "online,", "by", "repurpose", "joke", "youhave", "hear", "in", "the", "past,", "and", "so", "on."], "209": ["the", "Senate", "must", "immediately", "set", "to", "work", "on", "the", "mission", "President", "Biden", "describe\u2014restore", "the", "greatness", "and", "goodness", "of", "America."], "210": ["you", "find", "that", "while", "this", "reinforce", "some", "of", "the", "knowledge", "you", "have", "gain,", "it", "do", "not", "ensure", "you", "have", "all", "the", "information", "you", "will", "need", "to", "do", "well", "on", "the", "test."], "211": ["the", "group", "whose", "three", "robot", "collectively", "earn", "the", "most", "point", "win", "that", "match."], "212": ["I", "think", "by", "use", "email", "on", "the", "one", "hand", "which", "be", "more", "the", "voice", "of", "the", "woman", "Eva", "and", "narrative", "which", "be", "more", "the", "perspective", "of", "the", "man", "Adam,", "I", "kind", "of", "confront", "they,", "they", "different", "perspective", "and", "then", "kind", "somehow", "you", "can", "see", "the", "distortion", "in", "the", "way", "the", "story", "be", "tell."], "213": ["we", "have", "no", "choice", "but", "to", "try", "to", "work", "together", "every", "day", "to", "reward", "the", "faith", "the", "american", "people", "have", "place", "in", "we."], "214": ["the", "achievement", "we", "celebrate", "today", "be", "but", "a", "step,", "a", "opening", "of", "opportunity", "to", "the", "great", "triumph", "and", "achievement", "that", "await", "we."], "215": ["I", "think", "that", "provide", "people", "with", "a", "practical", "education", "be", "one", "of", "the", "most", "empower", "thing", "you", "can", "offer", "a", "person."], "216": ["her", "video", "\"how", "to", "avoid", "talk", "to", "people", "you", "donot", "want", "to", "talk", "to", "\"be", "feature", "in", "article", "by", "the", "New", "York", "Times", "and", "ABC", "News", "in", "August", "2011."], "217": ["and", "I", "just", "think", "it", "donot", "help", "I", "see", "people", "at", "they", "worst", "at", "the", "very", "beginning,", "because", "all", "you", "hear", "be", "doom", "and", "gloom."], "218": ["if", "the", "task", "we", "be", "try", "to", "complete", "be", "a", "difficult", "one,", "it", "can", "take", "a", "lot", "of", "work."], "219": ["so", "so", "far", "this", "morning", "Ihave", "just", "read", "a", "few", "study", "(itbe", "a", "little", "slow", "in", "the", "morning)", "of", "general", "nuclear", "medicine", "because", "a", "lot", "of", "stuff", "take", "time", "for", "the", "radio", "tracer", "to", "go", "into", "the", "body", "or", "the", "specific", "organ", "we", "be", "target,", "so", "we", "have", "to", "wait", "a", "little", "bit", "in", "the", "morning."], "220": ["even", "though", "they", "might", "not", "be", "the", "best", "way", "to", "get", "around", "the", "island,", "a", "ride", "on", "the", "bus", "be", "still", "a", "experience", "you", "should", "not", "miss."], "221": ["then", "the", "japanese", "garden", "you", "do", "have", "to", "pay", "for", "but", "I", "will", "say", "that", "it", "be", "definitely", "worth", "it."], "222": ["though", "its", "original", "reader", "would", "have", "have", "a", "certain", "amount", "of", "context", "for", "the", "truly", "bizarre", "and", "surprising", "event", "it", "tell", "of,", "itbe", "possible", "that", "the", "Chemical", "wedding", "be", "now", "more", "enjoyable", "without", "know", "that", "context,", "and", "experience", "the", "book", "unmediated."], "223": ["madam", "Speaker,", "this", "afternoon,", "Senators", "will", "be", "ask", "to", "vote", "on", "the", "two", "article", "of", "Impeachment", "the", "House", "present", "on", "abuse", "of", "power", "and", "the", "obstruction", "of", "Congress."], "224": ["the", "day", "it", "rain", "in", "the", "garden"], "225": ["all", "you", "say", "last", "night", "be", "\u2014"], "226": ["tropical", "vegetation", "include", "the", "pandanus", "or", "screw", "pine,", "the", "casuarina,", "and", "the", "mulberry", "tree,", "the", "bark", "of", "which", "be", "use", "to", "make", "tapa", "cloth."], "227": ["by", "the", "way,", "AKMA", "be", "the", "first", "guy", "I", "know", "of", "to", "do", "something", "like", "this,", "with", "Lawrence", "Lessig's", "free", "Culture."], "228": ["and", "it", "probably", "donot", "seem", "that", "way,", "by", "the", "way", "I", "feel", "myself,", "but", "itbe", "always", "just", "something", "thatbe", "in", "here,", "do", "you", "know", "what", "I", "mean?"], "229": ["you", "only", "like", "the", "one", "yoube", "feature", "in?"], "230": ["the", "hope", "she", "speak", "about\u2014the", "strong", "and", "happy", "hope\u2014", "the", "hope", "we", "feel", "today,", "be", "a", "hope,", "of", "course,", "that", "be", "temper", "by", "reality."], "231": ["so", "Ibe", "go", "to", "go", "in", "with", "like", "a", "different", "color", "and", "add", "in", "the", "chapter", "Ibe", "gonna", "be", "study", "for", "that,", "but", "Ibe", "super", "stress."], "232": ["every", "single", "to", "do", "or", "thing", "you", "want", "to", "do", "at", "that", "specific", "moment."], "233": ["both", "argument,", "as", "present", "here,", "rely", "on", "the", "correctness", "of", "the", "evolutionary", "explanation", "of", "morality", "they", "convey."], "234": ["well,", "w-", "um,", "when", "we", "put", "they", "on", "a", "horse's", "hoof,", "all", "we", "do,", "theybe", "already", "make."], "235": ["this", "need", "more", "discussion", "obviously:", "we", "choose", "public", "domain", "because", "the", "text", "we", "use", "be", "public", "domain", "and", "we", "donot", "want", "to", "add", "new", "restriction,", "especially", "not", "non-commercial,", "since", "already", "we", "recording", "be", "be", "use", "for", "a", "number", "of", "commercialish", "project", "(I", "cannot", "recall", "any", "specific", "project", "name,", "but", "some", "pay-education", "site", "use", "lv", "stuff)."], "236": ["all", "aspect", "of", "the", "joke", "you", "tell,", "from", "the", "content", "to", "the", "length,", "need", "to", "be", "suite", "to", "you", "audience."], "237": ["in", "pass", "this", "office", "to", "the", "vice", "President,", "I", "also", "do", "so", "with", "the", "profound", "sense", "of", "the", "weight", "of", "responsibility", "that", "will", "fall", "on", "he", "shoulder", "tomorrow", "and,", "therefore,", "of", "the", "understanding,", "the", "patience,", "the", "cooperation", "he", "will", "need", "from", "all", "Americans."], "238": ["if", "the", "person", "you", "want", "to", "talk", "to", "donot", "want", "to", "talk", "to", "you,", "s/he", "always", "have", "the", "option", "of", "simply", "not", "respond", "to", "you", "message,", "as,", "from", "you", "point", "of", "view,", "this", "be", "indistinguishable", "from", "he", "or", "she", "simply", "be", "away", "from", "the", "computer."], "239": ["yeah", "you", "get", "a", "percentage", "of", "the", "amount", "of", "country", "you", "own,", "and", "then,", "for", "continent", "you", "get", "another", "set", "amount."], "240": ["Ibe", "just", "be", "honest,", "like,", "I", "be", "not", "in", "a", "good", "place", "with", "the", "way", "I", "look."], "241": ["but", "therebe", "thing", "that", "I", "donot", "want", "to", "have,", "so", "like", "coffee,", "I", "just", "know", "that", "I", "donot", "want", "that,", "and", "all", "I", "want", "be", "beige:"], "242": ["today,", "the", "threat", "to", "we", "democracy", "from", "the", "presidency", "itself", "have", "end,", "but", "the", "challenge", "we", "face", "as", "a", "nation", "remain."], "243": ["among", "he", "smaller", "work,", "the", "seventh", "Humoresque", "and", "the", "song", "\"song", "my", "mother", "teach", "I\"", "be", "also", "widely", "perform", "and", "record."], "244": ["you", "know", "Kendra,", "y-", "\u2014", "I", "donot", "know", "how", "many", "time", "I", "gotta", "tell", "you,", "once", "you", "lie,", "once", "you", "lie", "\u2014"], "245": ["mathematician", "Hermann", "Weyl", "say", "of", "this", "testament,", "\"this", "letter,", "if", "judge", "by", "the", "novelty", "and", "profundity", "of", "idea", "it", "contain,", "be", "perhaps", "the", "most", "substantial", "piece", "of", "writing", "in", "the", "whole", "literature", "of", "mankind.\""], "246": ["thatbe", "all", "it", "say."], "247": ["terrestrial", "object,", "such", "as", "the", "book", "you", "be", "read,", "have", "far", "too", "little", "mass", "to", "introduce", "any", "significant", "distortion."], "248": ["Rathbun", "assert", "that", "Scientology", "official,", "\"...", "ply", "the", "Sheriff's", "detective", "with", "a", "grand", "conspiracy", "theory,", "characterize", "I", "as", "the", "'anti-christ'", "of", "the", "church", "of", "Scientology.", "...", "the", "next", "thing", "Daniel", "know", "hebe", "in", "a", "cell", "where", "he", "sit", "for", "the", "next", "30", "hour.\""], "249": ["the", "people", "we", "talk", "to", "and", "interact", "with", "be", "also", "blink", "constantly,", "so", "often", "that", "everyone", "be", "accustomed", "to", "ignore", "it."], "250": ["I", "should", "mention", "parenthetically", "that", "there", "be", "a", "fantastic", "launch", "video", "\u2014", "take", "from", "the", "Pov", "of", "the", "rocket", "on", "the", "JPL", "stardust", "website", "\u2014", "highly", "recommend", "\u2014", "best", "Ihave", "ever", "see", "\u2014", "all", "the", "way", "from", "the", "launch", "pad,", "too."], "251": ["that", "be", "the", "first", "night", "Renata", "donot", "come", "home", "and", "it", "donot", "take", "Freud", "to", "figure", "out", "what", "that", "mean."], "252": ["this", "concept,", "that", "man", "be", "divinely", "elect", "to", "salvation,", "or", "to", "damnation,", "be", "the", "center", "of", "the", "predestination", "dogma,", "that", "later,", "the", "Geneva", "reformer", "Calvin,", "make", "the", "center", "of", "he", "teaching,", "and", "that", "subsequently,", "under", "other", "historical", "precondition", "and", "circumstance,", "could", "be", "link", "closely", "with", "a", "prosperous", "middle", "class,", "in", "the", "Netherlands,", "and", "in", "England."], "253": ["various", "local", "fan", "organization", "be", "there", "in", "a", "charitable", "capacity,", "and", "thousand", "of", "fan", "don", "costume,", "many", "of", "which", "they", "themselves", "create."], "254": ["herebe", "a", "great", "vegan", "cupcake", "recipe", "to", "use", "as", "a", "base", "for", "whatever", "flavored", "icing", "you", "want", "to", "add", "to", "it."], "255": ["I", "accidentally", "post", "a", "video", "I", "mean", "to", "schedule."], "256": ["we", "have", "such", "a", "great", "time", "be", "back", "in", "Glacier", "and", "I", "hope", "this", "inspire", "you", "to", "come", "out", "here", "and", "see", "one", "of", "we", "most", "favorite", "national", "park", "wehave", "ever", "be", "to", "in", "the", "USA."], "257": ["I", "want", "chip,", "I", "want", "white", "toast,", "itbe", "pretty", "much", "all", "I", "eat", "all", "day."], "258": ["\"thatbe", "why", "he", "do", "the", "Campbell", "Soup", "can", "or", "the", "Marilyn", "picture,", "this", "iconic", "product", "of", "american", "culture", "whether", "they", "be", "in", "film,", "video", "or", "actually", "product", "we", "consume."], "259": ["we", "have", "some", "people", "who", "be", "great", "at", "politics;", "some", "people", "we", "give", "all", "the", "war", "stuff", "to;", "someone", "who", "be", "in", "charge", "of", "the", "Britney", "Spears", "story", "of", "the", "week", "\u2014", "the", "entertainment", "storey."], "260": ["another", "thing", "non-locals", "donot", "often", "realize", "be", "that", "Cleveland's", "long", "history", "of", "industrial", "wealth", "have", "leave", "it", "chock", "full", "of", "cultural", "rich", "as", "well", "as", "the", "beginning", "of", "a", "\"sustainable", "city\"", "movement."], "261": ["finish", "the", "large", "item", "on", "you", "list", "of", "thing", "to", "do", "will", "make", "you", "feel", "extra", "productive", "and", "give", "you", "the", "boost", "to", "do", "other", "thing", "youhave", "be", "push", "to", "the", "side."], "262": ["this", "time", "you", "be", "able", "to", "write", "down", "summary", "of", "all", "the", "important", "point,", "and", "you", "be", "confident", "you", "have", "the", "knowledge", "you", "need", "to", "do", "well", "on", "the", "exam."], "263": ["it", "be", "decide", "that", "a", "collaborative", "online", "review", "process", "would", "be", "use", "to", "\"discover\"", "the", "microscopically", "small", "sample", "the", "capsule", "collect."], "264": ["the", "economic", "ill", "we", "suffer", "have", "come", "upon", "we", "over", "several", "decade."], "265": ["''on", "the", "other", "hand,''", "I", "say,", "''hebe", "the", "first", "super", "wehave", "have", "who", "keep", "the", "boiler,", "the", "door", "buzzer,", "and", "the", "electrical", "system", "in", "perfect", "work", "order.''"], "266": ["and", "the", "image", "we", "will", "see", "today", "be", "a", "testament", "to", "the", "amazing", "work", "do", "by", "the", "thousand", "of", "worker", "across", "we", "nation", "who", "dedicate", "year", "to", "this", "project."], "267": ["in", "the", "eye", "of", "many", "in", "the", "world,", "this", "every", "4-year", "ceremony", "we", "accept", "as", "normal", "be", "nothing", "less", "than", "a", "miracle."], "268": ["it", "be", "pretty", "much", "the", "first", "thing", "he", "tell", "we", "when,", "as", "first", "year,", "we", "be", "all", "bunch", "together", "in", "the", "unfamiliar", "dusty", "classroom."], "269": ["get", "feedback", "from", "researcher", "on", "possible", "subject,", "base", "on", "the", "knowledge", "and", "skill", "they", "feel", "librarian", "need;"], "270": ["some", "discipline,", "like", "political", "science,", "be", "organize", "around", "a", "single", "professional", "society,", "whose", "membership", "roll", "approximate", "a", "full", "census", "[7]."], "271": ["itbe", "life-change,", "and", "so", "for", "the", "first", "couple", "of", "week", "thatbe", "all", "I", "could", "focus", "on,", "be", "how", "life-change", "it", "be", "and", "it", "be", "really", "scary."], "272": ["the", "single", "most", "costly", "thing", "we", "spend", "on", "be", "rent", "and", "advertising,", "that", "two", "together", "make", "up", "the", "bulk", "of", "what", "we", "spend."], "273": ["the", "way", "cuisine", "vary", "across", "culture", "fascinate", "many", "people."], "274": ["this", "be", "in", "the", "Luther", "book", "some", "of", "you", "be", "read,", "and", "um,", "if", "you,", "this", "evening", "when", "you", "go", "home,", "if", "you", "wanna", "meditate", "it", "on", "more,", "on", "-", "on", "it", "more,", "itbe", "on", "page", "three", "eleven."], "275": ["this", "conjecture", "be", "also", "support", "by", "other", "letter", "Galois", "later", "write", "to", "he", "friend", "the", "night", "before", "he", "die."], "276": ["in", "this", "paper,", "we", "report", "upon", "the", "novel", "insight", "eye-tracking", "technique", "have", "provide", "into", "the", "unconscious", "process", "of", "view", "the", "unique", "collection", "of", "Zurbar\u00e1n", "artwork."], "277": ["why", "should", "I", "bother", "my", "child", "with", "memory", "when", "he", "can", "buy", "a", "computer", "that", "will", "remember", "everything", "you", "ask", "he", "to", "remember?"], "278": ["with", "this", "agricultural", "revolution,", "and", "the", "more", "abundant", "and", "reliable", "food", "supplies", "it", "bring,", "population", "grow", "and", "people", "be", "able", "to", "develop", "a", "more", "settle", "way", "of", "life,", "build", "permanent", "settlement."], "279": ["all", "you", "do", "be", "like", "go,", "t-", "two", "over", "one."], "280": ["Whitmore", "tell", "LA", "Weekly", "that", "on", "October", "6", "after", "ftravel", "back", "from", "Florida,", "Montalvo", "\"walk", "into", "lobby", "of", "the", "East", "L.A.", "station", "and", "turn", "himself", "in\",", "and", "tell", "the", "police,", "\"everything", "he", "do\"."], "281": ["I", "also", "have", "a", "profile", "they", "fill", "out", "for", "I,", "a", "mini-MMPI", "that", "I", "develop,", "so", "that", "I", "have", "a", "idea", "--", "Rebecca", "and", "I", "put", "it", "together"], "282": ["Warhol", "be", "close", "to", "important", "touchstone", "of", "the", "1960s,", "include", "art,", "music,", "consumer", "culture,", "fashion,", "and", "celebrity", "worship,", "which", "be", "all", "buzzword", "and", "image", "Wikinews", "observe", "at", "USI's", "open", "exhibit."]}