{"0": [[0], [1], [2], [3], [4], [5], [6, 7], [8], [9], [10], [11], [12], [13], [14], [15], [16], [17], [18], [19], [20, 21], [22], [23], [24], [25]], "1": [[0], [1], [2], [3], [4], [5], [6], [7], [8], [9], [10], [11], [12], [13], [14], [15], [16], [17], [18], [19], [20], [21], [22], [23], [24, 25], [26], [27], [28], [29], [30], [31], [32], [33], [34, 35], [36]], "2": [[0], [1], [2, 3], [4], [5], [6], [7], [8], [9], [10], [11], [12], [13], [14], [15], [16], [17], [18], [19], [20], [21], [22], [23], [24], [25], [26], [27], [28], [29, 30, 31], [32], [33], [34], [35]], "3": [[0], [1], [2], [3, 4], [5], [6], [7], [8], [9], [10], [11], [12], [13], [14], [15], [16], [17], [18], [19], [20, 21], [22]], "4": [[0], [1], [2], [3], [4], [5], [6], [7], [8], [9], [10], [11], [12], [13], [14], [15], [16], [17], [18], [19], [20], [21]], "5": [[0], [1], [2], [3], [4], [5], [6], [7], [8], [9], [10], [11], [12], [13], [14], [15], [16], [17], [18], [19], [20]], "6": [[0], [1], [2], [3], [4], [5], [6], [7], [8], [9], [10], [11], [12], [13], [14], [15], [16], [17], [18], [19], [20], [21], [22], [23]], "7": [[0], [1], [2], [3], [4], [5], [6], [7], [8], [9], [10], [11, 12], [13], [14], [15], [16], [17], [18], [19], [20], [21], [22], [23], [24], [25], [26], [27], [28], [29], [30], [31], [32], [33], [34], [35], [36], [37]], "8": [[0], [1], [2], [3], [4], [5], [6], [7], [8], [9], [10, 11], [12], [13], [14], [15], [16], [17], [18], [19], [20], [21], [22], [23], [24], [25], [26], [27], [28], [29], [30], [31], [32]], "9": [[0], [1], [2], [3], [4], [5], [6], [7], [8], [9], [10], [11], [12], [13], [14], [15], [16], [17], [18], [19], [20], [21], [22], [23], [24], [25], [26], [27], [28], [29], [30], [31], [32], [33], [34], [35], [36], [37], [38]], "10": [[0], [1], [2], [3], [4], [5], [6], [7], [8], [9], [10], [11], [12], [13], [14], [15], [16], [17], [18], [19], [20], [21], [22], [23], [24], [25], [26], [27], [28, 29], [30], [31], [32], [33], [34], [35, 36], [37], [38], [39, 40], [41], [42], [43], [44], [45], [46], [47], [48], [49], [50], [51], [52], [53], [54], [55], [56], [57], [58, 59], [60], [61], [62], [63], [64], [65], [66]], "11": [[0], [1], [2], [3], [4], [5], [6], [7], [8], [9], [10], [11], [12], [13], [14], [15], [16], [17], [18], [19], [20], [21], [22], [23], [24], [25], [26], [27], [28], [29], [30], [31], [32], [33], [34], [35], [36]], "12": [[0], [1], [2], [3], [4], [5], [6], [7], [8], [9], [10], [11], [12], [13], [14], [15], [16], [17], [18], [19], [20], [21], [22], [23], [24], [25], [26], [27], [28], [29], [30], [31], [32], [33], [34], [35], [36], [37], [38], [39], [40], [41], [42], [43], [44], [45], [46], [47], [48], [49], [50], [51], [52], [53], [54], [55]], "13": [[0], [1], [2, 3], [4], [5, 6], [7], [8], [9], [10], [11], [12], [13], [14], [15], [16], [17], [18], [19], [20], [21], [22], [23], [24], [25], [26], [27], [28], [29], [30], [31], [32], [33], [34], [35], [36], [37], [38], [39], [40], [41], [42], [43], [44], [45], [46], [47], [48], [49], [50], [51], [52], [53], [54], [55], [56], [57], [58]], "14": [[0], [1], [2], [3], [4], [5], [6], [7], [8], [9], [10], [11], [12], [13], [14], [15], [16], [17], [18], [19], [20], [21], [22]], "15": [[0], [1], [2], [3], [4], [5, 6, 7], [8], [9, 10, 11, 12, 13], [14], [15], [16, 17, 18, 19, 20, 21], [22], [23], [24], [25]], "16": [[0], [1], [2], [3], [4], [5], [6], [7], [8], [9], [10], [11], [12], [13], [14], [15], [16], [17], [18], [19], [20], [21], [22], [23], [24], [25], [26], [27], [28], [29], [30], [31], [32], [33], [34], [35], [36], [37], [38], [39], [40], [41], [42], [43], [44], [45], [46], [47]], "17": [[0], [1], [2], [3], [4], [5], [6], [7], [8], [9], [10], [11], [12], [13], [14], [15], [16], [17], [18], [19], [20], [21], [22], [23], [24], [25], [26], [27], [28], [29], [30], [31], [32], [33], [34], [35], [36]], "18": [[0], [1], [2], [3], [4], [5], [6], [7], [8], [9], [10], [11], [12], [13], [14], [15], [16], [17], [18], [19], [20], [21], [22], [23], [24], [25], [26], [27], [28], [29], [30], [31], [32]], "19": [[0], [1], [2], [3], [4], [5], [6], [7, 8], [9], [10], [11], [12], [13], [14], [15], [16], [17], [18], [19], [20], [21], [22], [23], [24], [25], [26], [27], [28], [29], [30], [31], [32], [33], [34], [35], [36], [37], [38], [39], [40], [41], [42], [43], [44], [45], [46], [47], [48], [49], [50], [51], [52]], "20": [[0], [1], [2], [3], [4], [5], [6], [7], [8], [9], [10], [11], [12], [13], [14], [15], [16], [17], [18], [19], [20], [21], [22, 23, 24], [25], [26], [27], [28], [29]], "21": [[0], [1], [2], [3], [4], [5], [6], [7], [8], [9], [10], [11]], "22": [[0], [1], [2], [3], [4], [5], [6, 7], [8], [9], [10], [11], [12], [13], [14], [15], [16], [17], [18], [19]], "23": [[0], [1], [2], [3], [4], [5], [6], [7], [8], [9], [10], [11], [12], [13], [14], [15], [16], [17], [18], [19, 20, 21], [22], [23], [24], [25], [26], [27], [28], [29], [30, 31], [32], [33], [34], [35], [36], [37], [38], [39], [40], [41]], "24": [[0], [1], [2], [3], [4], [5], [6], [7], [8], [9], [10], [11], [12], [13]], "25": [[0], [1], [2], [3], [4], [5], [6], [7], [8], [9], [10], [11], [12], [13], [14], [15], [16], [17], [18], [19]], "26": [[0], [1], [2], [3], [4], [5], [6, 7], [8], [9], [10], [11], [12], [13], [14], [15], [16], [17], [18], [19], [20], [21], [22]], "27": [[0], [1], [2], [3], [4], [5], [6], [7], [8], [9], [10], [11], [12], [13], [14], [15], [16], [17], [18], [19], [20], [21], [22], [23], [24], [25], [26], [27], [28], [29], [30], [31], [32], [33], [34], [35], [36], [37], [38]], "28": [[0], [1], [2], [3], [4], [5], [6], [7], [8], [9], [10], [11], [12], [13], [14], [15], [16], [17], [18], [19], [20], [21, 22], [23], [24], [25], [26], [27], [28], [29, 30], [31], [32], [33], [34], [35], [36], [37], [38], [39], [40], [41], [42], [43], [44], [45], [46, 47], [48, 49, 50, 51], [52], [53], [54], [55], [56, 57]], "29": [[0], [1], [2], [3, 4], [5], [6], [7], [8], [9], [10], [11], [12], [13, 14], [15], [16], [17], [18, 19], [20], [21], [22], [23], [24], [25]], "30": [[0], [1], [2], [3], [4], [5], [6], [7], [8], [9], [10], [11]], "31": [[0], [1], [2], [3], [4], [5], [6, 7], [8], [9], [10], [11], [12], [13], [14], [15], [16], [17], [18], [19], [20], [21], [22], [23], [24], [25], [26], [27], [28]], "32": [[0], [1], [2], [3], [4], [5], [6], [7], [8], [9], [10], [11], [12], [13], [14], [15], [16], [17], [18], [19], [20], [21], [22], [23], [24], [25], [26], [27]], "33": [[0], [1], [2], [3, 4], [5], [6], [7], [8], [9], [10], [11], [12], [13], [14], [15], [16], [17], [18], [19], [20], [21], [22], [23], [24], [25], [26], [27], [28], [29], [30]], "34": [[0], [1], [2], [3, 4], [5], [6], [7], [8], [9], [10], [11], [12, 13], [14], [15], [16], [17], [18], [19], [20], [21], [22], [23], [24], [25], [26], [27], [28, 29], [30], [31], [32], [33], [34], [35], [36], [37], [38], [39], [40], [41], [42]], "35": [[0], [1], [2], [3], [4], [5], [6], [7], [8], [9], [10, 11], [12, 13, 14], [15], [16], [17], [18], [19], [20, 21, 22], [23], [24], [25], [26], [27], [28], [29, 30], [31], [32], [33], [34, 35], [36], [37], [38], [39], [40], [41], [42], [43], [44], [45], [46], [47], [48], [49], [50]], "36": [[0], [1], [2], [3], [4], [5], [6], [7], [8], [9], [10], [11]], "37": [[0], [1], [2], [3], [4], [5], [6], [7], [8], [9], [10], [11], [12], [13], [14], [15], [16], [17], [18], [19], [20]], "38": [[0], [1], [2], [3], [4], [5], [6], [7], [8], [9], [10], [11], [12], [13], [14], [15, 16, 17], [18], [19], [20], [21], [22], [23, 24, 25, 26], [27], [28], [29, 30], [31], [32], [33], [34], [35], [36], [37], [38], [39], [40], [41], [42], [43], [44], [45], [46], [47], [48], [49], [50], [51], [52], [53], [54], [55, 56]], "39": [[0], [1], [2], [3], [4], [5], [6], [7], [8], [9], [10], [11], [12], [13], [14], [15], [16], [17], [18], [19], [20], [21], [22], [23], [24], [25], [26]], "40": [[0], [1], [2], [3], [4], [5], [6], [7], [8], [9], [10], [11], [12], [13], [14], [15], [16], [17], [18], [19, 20, 21], [22], [23], [24], [25], [26], [27], [28], [29, 30], [31], [32, 33]], "41": [[0], [1], [2], [3], [4], [5], [6], [7], [8], [9], [10], [11]], "42": [[0], [1], [2], [3], [4], [5], [6], [7], [8], [9], [10], [11], [12], [13], [14], [15], [16], [17], [18]], "43": [[0], [1], [2], [3], [4], [5], [6], [7], [8], [9], [10], [11], [12], [13], [14], [15], [16], [17], [18], [19], [20], [21], [22], [23], [24], [25], [26], [27], [28]], "44": [[0], [1], [2], [3], [4], [5], [6], [7], [8], [9], [10], [11], [12], [13], [14], [15], [16], [17, 18], [19], [20], [21], [22], [23], [24], [25], [26], [27], [28], [29], [30], [31], [32], [33], [34], [35], [36, 37], [38], [39], [40], [41], [42]], "45": [[0], [1], [2], [3], [4], [5, 6], [7], [8], [9, 10], [11], [12], [13], [14], [15]], "46": [[0], [1], [2], [3], [4], [5], [6], [7], [8], [9], [10], [11], [12], [13], [14], [15], [16, 17], [18], [19], [20], [21], [22], [23], [24]], "47": [[0], [1], [2], [3], [4, 5, 6], [7], [8], [9], [10], [11], [12], [13], [14], [15], [16], [17], [18], [19], [20], [21], [22], [23, 24], [25], [26], [27], [28], [29], [30], [31], [32], [33], [34], [35], [36], [37], [38], [39], [40], [41], [42], [43], [44], [45]], "48": [[0], [1], [2, 3], [4], [5], [6], [7], [8], [9], [10], [11], [12], [13], [14], [15, 16, 17], [18], [19], [20], [21], [22], [23], [24], [25], [26], [27], [28], [29], [30], [31], [32], [33], [34], [35], [36], [37], [38], [39], [40, 41, 42], [43], [44], [45], [46], [47], [48], [49], [50], [51], [52], [53], [54], [55], [56], [57], [58], [59], [60], [61], [62], [63], [64]], "49": [[0], [1], [2], [3], [4], [5], [6], [7], [8], [9], [10], [11], [12], [13], [14], [15], [16], [17], [18], [19], [20], [21], [22], [23], [24], [25], [26], [27], [28, 29, 30], [31], [32]], "50": [[0], [1], [2], [3], [4], [5], [6], [7], [8], [9], [10], [11], [12], [13], [14], [15], [16], [17], [18], [19], [20]], "51": [[0], [1, 2], [3], [4], [5], [6], [7], [8], [9], [10], [11], [12], [13]], "52": [[0], [1], [2], [3], [4], [5], [6], [7], [8], [9], [10], [11], [12], [13], [14], [15], [16], [17], [18], [19], [20], [21], [22], [23], [24], [25]], "53": [[0, 1], [2], [3], [4], [5], [6], [7], [8], [9], [10], [11], [12], [13], [14], [15], [16], [17], [18], [19], [20], [21], [22], [23], [24], [25], [26], [27], [28], [29], [30], [31], [32], [33], [34], [35], [36]], "54": [[0], [1], [2], [3], [4], [5], [6], [7], [8], [9], [10], [11], [12], [13], [14], [15], [16], [17], [18], [19], [20], [21], [22], [23], [24], [25], [26], [27], [28], [29], [30], [31], [32], [33], [34], [35], [36], [37], [38], [39], [40], [41], [42]], "55": [[0], [1], [2], [3], [4], [5], [6, 7, 8], [9], [10], [11], [12], [13], [14], [15], [16], [17], [18], [19], [20], [21], [22], [23], [24], [25], [26], [27], [28], [29], [30, 31], [32], [33], [34], [35], [36], [37], [38, 39], [40], [41], [42], [43], [44], [45], [46], [47]], "56": [[0], [1], [2], [3], [4], [5], [6], [7], [8, 9], [10], [11, 12, 13], [14], [15, 16], [17], [18], [19], [20], [21], [22], [23], [24], [25], [26]], "57": [[0], [1], [2], [3], [4], [5], [6], [7], [8], [9], [10], [11], [12], [13], [14], [15], [16], [17], [18], [19], [20], [21]], "58": [[0], [1], [2], [3], [4], [5], [6], [7], [8], [9], [10, 11], [12], [13], [14], [15], [16], [17], [18], [19], [20], [21], [22], [23], [24], [25], [26], [27], [28], [29], [30], [31], [32], [33], [34], [35], [36]], "59": [[0], [1], [2], [3], [4], [5], [6], [7], [8], [9], [10], [11], [12], [13], [14], [15], [16], [17], [18], [19]], "60": [[0], [1], [2], [3], [4], [5], [6], [7], [8], [9], [10], [11], [12], [13], [14], [15, 16], [17], [18], [19], [20], [21], [22], [23], [24], [25], [26], [27], [28], [29], [30], [31], [32], [33], [34], [35], [36], [37], [38], [39], [40], [41, 42], [43], [44], [45], [46], [47], [48, 49, 50], [51], [52], [53], [54], [55], [56], [57]], "61": [[0], [1], [2], [3], [4], [5], [6], [7], [8], [9], [10], [11], [12], [13], [14], [15], [16], [17], [18]], "62": [[0], [1], [2], [3], [4, 5], [6], [7], [8], [9], [10], [11], [12], [13], [14], [15], [16], [17], [18], [19], [20], [21], [22], [23]], "63": [[0], [1], [2], [3], [4], [5], [6], [7], [8], [9], [10], [11], [12], [13], [14], [15], [16], [17], [18], [19], [20], [21], [22], [23], [24], [25], [26], [27], [28], [29], [30], [31], [32], [33], [34], [35], [36], [37], [38], [39], [40], [41], [42], [43], [44], [45], [46], [47], [48], [49], [50], [51]], "64": [[0, 1, 2], [3], [4, 5], [6], [7], [8], [9], [10], [11], [12], [13], [14], [15], [16], [17], [18], [19], [20], [21], [22], [23], [24], [25], [26], [27], [28], [29], [30], [31], [32], [33], [34], [35], [36], [37], [38], [39], [40], [41], [42], [43], [44], [45], [46], [47], [48], [49]], "65": [[0], [1], [2], [3], [4], [5], [6], [7], [8], [9], [10], [11], [12], [13], [14], [15], [16], [17], [18], [19], [20], [21], [22], [23], [24], [25], [26], [27], [28], [29], [30], [31], [32], [33], [34], [35], [36], [37], [38], [39], [40], [41], [42], [43], [44], [45], [46], [47], [48], [49], [50], [51], [52], [53]], "66": [[0], [1], [2], [3], [4], [5], [6], [7], [8, 9], [10], [11], [12], [13], [14, 15], [16], [17], [18, 19], [20], [21, 22], [23], [24], [25]], "67": [[0], [1], [2], [3], [4], [5], [6], [7], [8], [9, 10], [11], [12], [13], [14], [15], [16], [17], [18], [19], [20], [21], [22], [23], [24], [25, 26], [27]], "68": [[0], [1], [2], [3], [4], [5], [6, 7], [8], [9], [10], [11], [12], [13], [14], [15], [16], [17], [18], [19], [20], [21], [22], [23], [24]], "69": [[0], [1], [2], [3], [4], [5], [6], [7], [8], [9], [10], [11], [12], [13], [14], [15], [16], [17], [18], [19], [20], [21], [22], [23], [24]], "70": [[0], [1], [2], [3], [4], [5], [6], [7], [8], [9], [10], [11], [12], [13], [14], [15], [16], [17], [18], [19], [20], [21], [22], [23], [24], [25], [26], [27], [28], [29], [30], [31], [32, 33], [34], [35], [36], [37], [38], [39], [40], [41], [42], [43], [44], [45]], "71": [[0], [1], [2], [3], [4], [5], [6], [7], [8], [9], [10], [11], [12], [13], [14], [15], [16], [17], [18], [19], [20], [21], [22], [23], [24], [25], [26], [27, 28]], "72": [[0], [1], [2], [3], [4], [5], [6], [7]], "73": [[0], [1], [2], [3], [4], [5], [6], [7], [8], [9], [10]], "74": [[0], [1], [2], [3], [4], [5], [6], [7, 8], [9], [10], [11], [12], [13], [14], [15], [16], [17], [18], [19], [20], [21], [22], [23], [24]], "75": [[0], [1], [2], [3], [4], [5], [6], [7], [8], [9], [10], [11], [12], [13], [14], [15], [16], [17], [18], [19], [20], [21], [22], [23], [24], [25], [26], [27], [28], [29], [30], [31], [32], [33], [34], [35], [36], [37], [38], [39], [40], [41], [42], [43], [44], [45]], "76": [[0], [1], [2], [3], [4], [5, 6, 7, 8, 9], [10], [11], [12], [13], [14], [15], [16], [17], [18, 19], [20], [21], [22], [23], [24]], "77": [[0], [1], [2], [3], [4], [5], [6], [7], [8], [9], [10], [11], [12], [13], [14]], "78": [[0], [1], [2], [3], [4], [5], [6], [7], [8], [9], [10], [11], [12], [13], [14], [15], [16], [17], [18], [19], [20], [21], [22], [23], [24], [25], [26], [27], [28]], "79": [[0], [1], [2], [3], [4], [5], [6], [7], [8], [9], [10], [11], [12], [13], [14], [15], [16], [17], [18], [19], [20], [21], [22], [23, 24, 25], [26], [27], [28], [29], [30, 31, 32]], "80": [[0], [1], [2], [3], [4], [5], [6], [7], [8], [9], [10], [11], [12], [13], [14], [15], [16], [17], [18], [19], [20], [21], [22], [23], [24], [25], [26], [27], [28], [29], [30], [31], [32], [33], [34], [35], [36], [37], [38], [39], [40, 41, 42]], "81": [[0], [1], [2], [3], [4], [5], [6], [7], [8], [9], [10], [11], [12], [13], [14], [15, 16], [17], [18]], "82": [[0], [1], [2], [3], [4], [5], [6], [7], [8], [9], [10], [11], [12], [13], [14], [15]], "83": [[0, 1], [2], [3], [4], [5], [6], [7], [8], [9], [10], [11], [12], [13], [14], [15], [16], [17], [18], [19], [20], [21], [22], [23], [24], [25], [26], [27], [28], [29], [30], [31], [32], [33], [34], [35], [36], [37]], "84": [[0], [1], [2], [3], [4], [5], [6], [7], [8], [9], [10], [11], [12], [13], [14], [15], [16], [17, 18, 19, 20, 21], [22], [23], [24], [25], [26], [27, 28], [29], [30, 31], [32], [33], [34], [35], [36], [37], [38], [39], [40], [41], [42], [43], [44], [45], [46], [47], [48]], "85": [[0], [1], [2], [3], [4], [5], [6], [7], [8], [9], [10], [11], [12], [13], [14], [15], [16], [17], [18], [19], [20], [21], [22], [23], [24], [25], [26], [27], [28], [29], [30], [31], [32], [33], [34], [35], [36]], "86": [[0], [1, 2], [3], [4], [5], [6], [7], [8], [9], [10], [11], [12], [13], [14], [15], [16], [17]], "87": [[0], [1, 2], [3], [4], [5], [6], [7, 8, 9], [10], [11], [12], [13], [14], [15], [16], [17], [18], [19], [20], [21], [22], [23], [24], [25], [26], [27], [28], [29], [30], [31], [32], [33], [34], [35], [36], [37], [38], [39], [40]], "88": [[0], [1], [2], [3], [4], [5], [6], [7], [8], [9], [10], [11], [12], [13], [14], [15], [16], [17], [18], [19], [20], [21], [22], [23], [24]], "89": [[0], [1], [2], [3], [4], [5], [6], [7], [8], [9], [10], [11], [12], [13], [14], [15], [16]], "90": [[0], [1], [2], [3], [4], [5, 6], [7], [8], [9], [10], [11], [12], [13], [14]], "91": [[0], [1], [2], [3], [4, 5], [6], [7], [8], [9], [10], [11], [12], [13], [14], [15], [16], [17], [18], [19], [20], [21], [22], [23], [24], [25], [26], [27], [28], [29], [30], [31], [32], [33], [34], [35, 36], [37], [38], [39], [40], [41], [42], [43], [44]], "92": [[0], [1], [2], [3], [4], [5], [6], [7], [8, 9], [10], [11], [12], [13], [14], [15], [16], [17], [18, 19, 20], [21], [22, 23, 24, 25, 26, 27]], "93": [[0], [1], [2, 3], [4], [5, 6], [7], [8], [9], [10], [11], [12], [13], [14, 15], [16], [17], [18], [19], [20], [21], [22], [23], [24], [25], [26], [27], [28], [29], [30], [31], [32]], "94": [[0], [1], [2], [3], [4], [5], [6], [7], [8], [9], [10], [11], [12], [13], [14], [15], [16], [17], [18, 19], [20], [21, 22], [23], [24], [25], [26], [27], [28], [29], [30], [31], [32], [33], [34], [35], [36], [37], [38], [39], [40], [41], [42], [43], [44], [45]], "95": [[0], [1], [2], [3], [4], [5], [6], [7], [8], [9], [10], [11], [12], [13], [14], [15], [16], [17], [18], [19], [20], [21], [22], [23, 24], [25]], "96": [[0], [1], [2], [3], [4], [5], [6], [7], [8], [9], [10], [11], [12], [13], [14], [15], [16], [17], [18], [19], [20], [21], [22], [23], [24], [25], [26], [27], [28], [29], [30], [31], [32]], "97": [[0], [1], [2], [3], [4], [5], [6], [7], [8], [9], [10], [11], [12], [13, 14], [15], [16], [17], [18], [19], [20], [21], [22], [23, 24], [25], [26], [27], [28], [29, 30, 31, 32, 33]], "98": [[0], [1], [2], [3], [4], [5], [6], [7], [8], [9], [10], [11], [12], [13], [14], [15], [16], [17], [18], [19], [20], [21], [22], [23], [24], [25], [26], [27], [28], [29], [30]], "99": [[0], [1], [2], [3], [4], [5], [6], [7], [8], [9], [10], [11, 12], [13], [14], [15], [16], [17], [18], [19], [20], [21], [22], [23]], "100": [[0], [1], [2], [3], [4], [5], [6], [7], [8], [9], [10], [11], [12], [13], [14], [15], [16], [17], [18], [19], [20], [21], [22], [23, 24], [25, 26], [27], [28]], "101": [[0], [1], [2], [3], [4], [5], [6], [7], [8], [9], [10], [11], [12], [13], [14], [15], [16], [17], [18], [19], [20], [21], [22], [23], [24], [25], [26], [27], [28], [29], [30], [31], [32], [33], [34], [35], [36], [37], [38], [39], [40], [41]], "102": [[0], [1], [2], [3], [4], [5], [6], [7], [8], [9], [10], [11], [12], [13], [14], [15], [16], [17], [18], [19], [20, 21, 22, 23], [24], [25], [26], [27, 28], [29], [30], [31], [32], [33], [34], [35, 36, 37, 38], [39], [40], [41], [42], [43], [44], [45], [46], [47], [48], [49], [50], [51], [52], [53], [54], [55], [56], [57], [58], [59], [60], [61], [62], [63], [64], [65], [66], [67], [68], [69], [70], [71], [72], [73], [74], [75], [76], [77], [78], [79]], "103": [[0], [1], [2], [3], [4, 5], [6], [7], [8], [9], [10], [11], [12], [13], [14], [15], [16], [17], [18], [19], [20], [21], [22], [23], [24], [25], [26], [27], [28], [29], [30], [31], [32], [33], [34], [35], [36], [37], [38]], "104": [[0], [1], [2], [3], [4], [5], [6], [7], [8], [9], [10], [11]], "105": [[0], [1], [2], [3], [4], [5], [6], [7], [8], [9], [10], [11], [12], [13], [14], [15], [16], [17], [18], [19], [20], [21], [22], [23], [24], [25], [26], [27], [28], [29]], "106": [[0], [1], [2], [3], [4], [5], [6], [7], [8], [9], [10], [11], [12], [13], [14], [15], [16]], "107": [[0], [1], [2], [3], [4], [5], [6], [7], [8], [9], [10], [11], [12, 13], [14], [15], [16], [17], [18], [19], [20, 21], [22], [23], [24], [25], [26], [27], [28], [29], [30], [31], [32], [33], [34], [35], [36], [37], [38], [39]], "108": [[0], [1], [2], [3], [4], [5], [6], [7], [8], [9], [10], [11], [12], [13], [14], [15], [16, 17], [18], [19], [20], [21], [22], [23], [24], [25], [26], [27], [28], [29], [30], [31], [32], [33], [34], [35], [36], [37], [38], [39], [40], [41], [42], [43], [44], [45], [46], [47, 48], [49], [50, 51], [52], [53], [54]], "109": [[0], [1], [2], [3], [4], [5], [6], [7], [8], [9], [10, 11, 12], [13], [14, 15], [16], [17], [18], [19], [20], [21], [22], [23], [24, 25, 26], [27]], "110": [[0], [1], [2], [3], [4], [5], [6], [7], [8], [9], [10], [11], [12], [13], [14], [15], [16], [17], [18], [19], [20], [21], [22], [23], [24], [25]], "111": [[0], [1], [2], [3], [4], [5], [6], [7], [8], [9], [10], [11], [12], [13], [14], [15], [16], [17], [18], [19]], "112": [[0], [1], [2], [3], [4], [5], [6, 7, 8], [9], [10], [11], [12], [13], [14], [15], [16], [17], [18, 19, 20], [21], [22], [23], [24], [25], [26], [27], [28], [29], [30], [31], [32], [33], [34], [35], [36], [37], [38], [39], [40], [41], [42], [43], [44], [45], [46], [47], [48], [49], [50], [51], [52], [53], [54], [55]], "113": [[0], [1], [2], [3], [4], [5], [6], [7], [8], [9], [10], [11], [12], [13], [14], [15], [16], [17], [18], [19], [20], [21], [22], [23], [24], [25], [26], [27], [28]], "114": [[0], [1], [2], [3], [4], [5], [6], [7], [8], [9], [10], [11], [12], [13], [14], [15], [16], [17], [18], [19], [20], [21], [22], [23], [24], [25], [26], [27], [28], [29], [30], [31], [32], [33], [34], [35], [36], [37], [38]], "115": [[0], [1], [2], [3], [4], [5], [6], [7], [8], [9, 10], [11], [12], [13], [14], [15], [16], [17], [18], [19], [20], [21], [22], [23], [24], [25], [26], [27], [28], [29]], "116": [[0], [1], [2], [3], [4, 5, 6], [7], [8], [9], [10], [11], [12], [13], [14], [15], [16], [17], [18], [19], [20], [21], [22], [23], [24], [25], [26], [27], [28], [29, 30], [31], [32], [33], [34], [35], [36], [37], [38], [39], [40], [41], [42], [43], [44], [45], [46], [47], [48], [49], [50]], "117": [[0], [1], [2], [3], [4], [5], [6], [7], [8], [9], [10, 11], [12], [13], [14], [15], [16], [17], [18], [19], [20], [21], [22], [23], [24], [25], [26], [27], [28], [29], [30], [31], [32], [33]], "118": [[0], [1], [2], [3], [4], [5], [6], [7], [8], [9], [10], [11], [12], [13], [14], [15], [16], [17]], "119": [[0], [1], [2], [3], [4], [5], [6], [7], [8], [9], [10], [11], [12], [13], [14], [15], [16], [17], [18], [19], [20], [21], [22], [23], [24], [25], [26], [27]], "120": [[0], [1], [2], [3], [4], [5], [6], [7], [8], [9], [10], [11], [12], [13], [14], [15], [16], [17], [18], [19], [20], [21], [22], [23], [24], [25], [26], [27], [28], [29], [30], [31], [32], [33]], "121": [[0], [1], [2], [3], [4], [5, 6], [7], [8], [9], [10], [11], [12], [13], [14], [15], [16], [17], [18], [19], [20], [21], [22], [23], [24], [25], [26], [27], [28], [29], [30], [31], [32], [33], [34, 35], [36], [37], [38], [39], [40], [41], [42], [43], [44], [45], [46], [47], [48], [49], [50], [51], [52]], "122": [[0], [1], [2], [3], [4], [5], [6], [7], [8], [9], [10], [11], [12], [13], [14], [15], [16], [17], [18], [19], [20], [21], [22], [23], [24], [25], [26], [27], [28], [29], [30], [31], [32], [33], [34]], "123": [[0], [1], [2], [3, 4], [5], [6], [7], [8], [9], [10], [11], [12], [13], [14], [15], [16], [17]], "124": [[0], [1], [2], [3], [4], [5], [6], [7], [8], [9], [10], [11], [12], [13], [14], [15], [16], [17], [18], [19], [20], [21], [22]], "125": [[0], [1], [2], [3], [4], [5], [6], [7], [8], [9], [10], [11], [12]], "126": [[0], [1], [2], [3], [4], [5], [6], [7], [8], [9], [10], [11], [12], [13], [14], [15], [16], [17, 18], [19]], "127": [[0], [1], [2], [3], [4], [5], [6], [7], [8], [9], [10], [11], [12], [13], [14], [15], [16], [17], [18], [19], [20]], "128": [[0], [1], [2], [3], [4], [5], [6], [7], [8], [9], [10], [11], [12], [13], [14], [15], [16], [17], [18], [19], [20], [21], [22], [23], [24], [25], [26], [27]], "129": [[0], [1], [2], [3], [4], [5], [6], [7], [8], [9], [10], [11], [12], [13], [14], [15], [16], [17], [18], [19, 20], [21], [22], [23]], "130": [[0], [1], [2], [3], [4], [5], [6], [7], [8], [9], [10], [11], [12], [13], [14], [15], [16], [17], [18], [19], [20], [21]], "131": [[0], [1], [2], [3], [4], [5], [6], [7], [8], [9], [10], [11], [12, 13], [14]], "132": [[0], [1, 2, 3], [4], [5, 6], [7], [8], [9], [10], [11], [12], [13], [14], [15], [16], [17], [18], [19], [20], [21], [22], [23], [24], [25], [26, 27]], "133": [[0], [1], [2], [3], [4], [5], [6], [7], [8], [9], [10], [11], [12], [13], [14], [15], [16], [17], [18], [19], [20], [21], [22], [23], [24], [25], [26], [27], [28], [29], [30], [31], [32], [33], [34], [35], [36], [37], [38], [39], [40]], "134": [[0], [1], [2], [3], [4], [5], [6], [7], [8], [9], [10], [11, 12], [13], [14], [15], [16], [17, 18], [19], [20], [21], [22], [23], [24], [25], [26], [27], [28], [29], [30], [31], [32]], "135": [[0], [1], [2], [3], [4], [5], [6], [7], [8], [9], [10], [11], [12], [13], [14], [15], [16], [17], [18], [19], [20], [21], [22], [23], [24], [25], [26], [27], [28], [29], [30], [31], [32], [33], [34], [35]], "136": [[0], [1], [2], [3], [4], [5], [6], [7], [8], [9], [10], [11], [12], [13], [14], [15], [16], [17], [18], [19], [20], [21], [22], [23], [24], [25], [26], [27], [28], [29, 30, 31], [32], [33], [34], [35], [36], [37], [38], [39], [40], [41], [42]], "137": [[0], [1], [2], [3], [4], [5], [6], [7], [8]], "138": [[0], [1], [2], [3], [4], [5], [6], [7, 8], [9], [10], [11], [12], [13, 14, 15, 16], [17], [18], [19], [20], [21], [22], [23], [24], [25], [26], [27], [28, 29], [30], [31], [32, 33], [34], [35], [36], [37], [38], [39], [40], [41], [42], [43], [44], [45], [46], [47, 48], [49]], "139": [[0], [1], [2], [3], [4], [5], [6], [7], [8], [9], [10], [11], [12], [13], [14], [15], [16], [17], [18]], "140": [[0], [1], [2], [3], [4], [5], [6], [7], [8], [9, 10], [11], [12, 13], [14], [15], [16], [17], [18], [19, 20, 21, 22], [23], [24], [25], [26], [27], [28], [29], [30], [31], [32], [33], [34]], "141": [[0], [1], [2], [3], [4], [5], [6], [7], [8], [9], [10], [11], [12], [13], [14]], "142": [[0], [1], [2], [3], [4], [5], [6], [7], [8], [9], [10], [11], [12], [13, 14], [15], [16], [17], [18], [19], [20], [21], [22], [23], [24], [25], [26], [27, 28, 29], [30], [31], [32], [33], [34]], "143": [[0], [1], [2], [3], [4], [5], [6], [7], [8], [9], [10], [11], [12], [13], [14], [15], [16], [17], [18], [19], [20], [21], [22], [23], [24], [25], [26], [27], [28], [29], [30]], "144": [[0], [1], [2], [3], [4], [5], [6, 7], [8], [9], [10], [11], [12, 13], [14], [15], [16], [17, 18, 19]], "145": [[0], [1], [2], [3], [4], [5], [6], [7], [8, 9], [10], [11], [12], [13]], "146": [[0], [1], [2], [3], [4], [5], [6], [7], [8], [9], [10], [11], [12], [13], [14], [15], [16], [17], [18], [19], [20], [21]], "147": [[0], [1], [2], [3], [4], [5], [6], [7], [8], [9], [10], [11], [12], [13], [14], [15], [16], [17], [18], [19], [20], [21], [22]], "148": [[0], [1], [2], [3], [4], [5], [6], [7], [8], [9], [10], [11], [12], [13], [14], [15], [16], [17], [18], [19], [20], [21], [22], [23], [24], [25], [26], [27], [28], [29], [30], [31], [32], [33], [34], [35], [36], [37], [38]], "149": [[0], [1, 2], [3], [4], [5], [6], [7], [8], [9], [10], [11], [12], [13]], "150": [[0], [1], [2], [3], [4], [5], [6], [7], [8], [9], [10], [11], [12], [13], [14], [15, 16], [17], [18], [19], [20], [21], [22], [23], [24], [25], [26], [27], [28], [29], [30], [31], [32], [33], [34], [35], [36], [37], [38]], "151": [[0], [1], [2, 3, 4], [5], [6], [7], [8], [9], [10], [11], [12], [13], [14], [15], [16], [17], [18], [19], [20], [21], [22]], "152": [[0], [1], [2], [3], [4], [5], [6], [7], [8], [9], [10], [11], [12], [13], [14], [15], [16], [17], [18], [19], [20], [21], [22]], "153": [[0], [1, 2], [3, 4], [5], [6, 7], [8], [9], [10], [11], [12], [13], [14]], "154": [[0], [1], [2], [3], [4], [5], [6], [7], [8], [9], [10], [11], [12], [13], [14], [15], [16], [17], [18], [19], [20], [21], [22], [23], [24], [25], [26], [27], [28], [29, 30], [31], [32], [33], [34]], "155": [[0, 1, 2], [3], [4], [5], [6], [7], [8], [9], [10], [11], [12], [13], [14], [15], [16], [17], [18], [19], [20], [21], [22], [23], [24], [25], [26]], "156": [[0], [1], [2], [3], [4], [5, 6], [7, 8], [9], [10], [11], [12], [13], [14, 15], [16], [17], [18], [19], [20], [21], [22], [23], [24], [25], [26], [27], [28], [29], [30], [31]], "157": [[0], [1], [2], [3], [4], [5], [6], [7], [8], [9], [10], [11], [12], [13], [14], [15], [16], [17], [18], [19], [20], [21], [22], [23], [24], [25], [26], [27], [28], [29], [30], [31], [32], [33], [34], [35], [36], [37]], "158": [[0], [1], [2], [3], [4], [5], [6], [7], [8], [9], [10], [11], [12], [13], [14], [15], [16], [17], [18], [19], [20], [21], [22], [23], [24], [25, 26], [27], [28], [29], [30], [31], [32], [33], [34], [35], [36], [37], [38], [39], [40], [41], [42], [43], [44], [45], [46], [47], [48]], "159": [[0], [1], [2], [3], [4], [5], [6], [7], [8], [9], [10], [11, 12, 13], [14], [15], [16], [17], [18], [19], [20], [21], [22], [23], [24], [25], [26], [27], [28], [29], [30], [31], [32], [33, 34], [35], [36, 37, 38]], "160": [[0], [1], [2], [3], [4], [5], [6], [7], [8], [9], [10], [11], [12], [13]], "161": [[0], [1], [2], [3], [4], [5], [6], [7], [8], [9], [10], [11], [12], [13], [14], [15], [16], [17], [18], [19], [20], [21], [22], [23], [24], [25], [26]], "162": [[0], [1], [2], [3], [4], [5], [6], [7], [8], [9], [10], [11], [12], [13], [14], [15], [16], [17], [18], [19], [20], [21], [22, 23], [24], [25], [26], [27], [28], [29], [30], [31]], "163": [[0], [1], [2], [3], [4], [5], [6], [7], [8], [9], [10], [11], [12], [13], [14], [15], [16], [17], [18], [19], [20], [21], [22]], "164": [[0], [1], [2], [3], [4], [5], [6], [7], [8], [9], [10], [11], [12], [13], [14], [15], [16], [17], [18], [19], [20], [21], [22], [23], [24], [25], [26, 27, 28, 29], [30], [31, 32, 33, 34]], "165": [[0, 1], [2], [3], [4], [5], [6], [7], [8], [9], [10], [11], [12], [13], [14], [15], [16], [17], [18], [19], [20], [21], [22]], "166": [[0], [1], [2], [3], [4], [5], [6], [7], [8], [9], [10], [11], [12], [13], [14], [15], [16], [17], [18], [19], [20], [21], [22], [23], [24], [25], [26], [27], [28], [29], [30], [31], [32], [33], [34], [35], [36], [37], [38], [39], [40], [41], [42], [43], [44], [45], [46], [47], [48], [49], [50], [51], [52], [53], [54], [55]], "167": [[0], [1], [2], [3], [4], [5, 6, 7], [8], [9], [10], [11], [12], [13], [14], [15], [16], [17], [18], [19], [20], [21], [22], [23], [24], [25]], "168": [[0], [1], [2], [3], [4], [5], [6], [7, 8], [9], [10], [11], [12], [13], [14], [15], [16], [17], [18], [19], [20], [21]], "169": [[0], [1], [2], [3], [4], [5], [6], [7], [8], [9], [10], [11], [12], [13], [14], [15], [16], [17], [18], [19], [20], [21], [22], [23], [24], [25]], "170": [[0], [1], [2], [3], [4], [5], [6], [7], [8], [9], [10], [11], [12], [13], [14], [15], [16], [17], [18], [19], [20], [21], [22], [23], [24, 25], [26], [27], [28], [29], [30], [31], [32], [33], [34], [35], [36], [37]], "171": [[0], [1], [2], [3], [4], [5], [6], [7], [8], [9], [10, 11], [12], [13], [14], [15], [16], [17], [18], [19], [20]], "172": [[0], [1], [2], [3], [4], [5], [6], [7], [8], [9], [10], [11], [12], [13], [14], [15], [16], [17], [18], [19], [20], [21], [22], [23], [24], [25], [26], [27]], "173": [[0], [1], [2], [3], [4], [5], [6], [7], [8], [9], [10], [11], [12], [13], [14], [15], [16], [17], [18], [19], [20, 21], [22], [23], [24], [25], [26], [27], [28], [29], [30], [31], [32], [33], [34], [35]], "174": [[0], [1], [2], [3, 4], [5], [6], [7], [8], [9], [10], [11], [12], [13], [14], [15], [16], [17], [18], [19], [20], [21]], "175": [[0], [1], [2], [3], [4], [5], [6], [7], [8], [9], [10]], "176": [[0], [1], [2], [3], [4], [5], [6, 7], [8], [9], [10], [11], [12], [13], [14], [15], [16], [17], [18], [19], [20], [21, 22, 23, 24], [25], [26, 27, 28, 29], [30], [31], [32], [33]], "177": [[0], [1], [2], [3], [4], [5], [6], [7], [8], [9], [10], [11], [12], [13], [14], [15, 16], [17], [18], [19], [20], [21], [22, 23], [24]], "178": [[0], [1], [2], [3], [4], [5], [6], [7], [8], [9], [10], [11], [12], [13], [14], [15], [16], [17], [18], [19], [20], [21], [22], [23], [24], [25], [26], [27], [28], [29], [30], [31]], "179": [[0], [1], [2], [3], [4], [5], [6], [7, 8], [9], [10], [11], [12, 13], [14], [15], [16]], "180": [[0], [1], [2], [3], [4], [5], [6], [7], [8], [9], [10], [11, 12], [13], [14], [15], [16], [17], [18], [19], [20], [21], [22]], "181": [[0], [1], [2], [3], [4], [5], [6], [7], [8, 9], [10], [11], [12], [13], [14], [15], [16], [17], [18], [19], [20], [21], [22], [23], [24], [25]], "182": [[0], [1], [2], [3], [4], [5], [6], [7], [8], [9]], "183": [[0], [1], [2], [3], [4], [5], [6], [7], [8], [9]], "184": [[0], [1], [2], [3], [4], [5], [6], [7], [8], [9], [10], [11], [12], [13]], "185": [[0], [1], [2], [3], [4], [5], [6], [7], [8], [9], [10], [11], [12], [13], [14], [15], [16], [17], [18], [19], [20], [21], [22], [23], [24], [25], [26], [27, 28], [29], [30], [31], [32], [33], [34], [35], [36], [37], [38]], "186": [[0], [1], [2], [3], [4], [5], [6], [7]], "187": [[0, 1], [2], [3], [4], [5], [6], [7], [8], [9], [10], [11], [12], [13], [14], [15], [16], [17], [18], [19], [20], [21], [22], [23], [24]], "188": [[0], [1], [2], [3], [4], [5], [6], [7], [8], [9], [10], [11], [12], [13, 14], [15], [16], [17, 18, 19], [20], [21], [22]], "189": [[0], [1], [2], [3], [4], [5], [6], [7], [8], [9], [10], [11], [12], [13], [14], [15], [16], [17], [18], [19], [20], [21], [22], [23]], "190": [[0], [1], [2], [3], [4], [5], [6], [7], [8], [9], [10], [11], [12]], "191": [[0], [1], [2], [3], [4], [5], [6], [7], [8], [9], [10], [11], [12], [13], [14], [15], [16], [17], [18], [19], [20], [21], [22], [23], [24], [25]], "192": [[0], [1], [2], [3], [4], [5], [6], [7], [8], [9], [10], [11], [12], [13], [14], [15], [16], [17], [18], [19]], "193": [[0], [1], [2], [3], [4], [5], [6], [7], [8], [9], [10], [11], [12], [13], [14], [15], [16], [17]], "194": [[0], [1], [2], [3], [4], [5], [6], [7], [8], [9], [10], [11], [12], [13], [14], [15], [16], [17], [18], [19], [20], [21, 22], [23], [24], [25], [26], [27], [28], [29], [30], [31], [32], [33], [34], [35], [36], [37], [38], [39], [40], [41], [42], [43, 44], [45], [46], [47], [48], [49], [50], [51], [52], [53], [54], [55], [56], [57], [58], [59], [60], [61], [62], [63], [64], [65], [66], [67], [68], [69], [70], [71], [72], [73], [74], [75], [76], [77]], "195": [[0], [1], [2, 3, 4, 5], [6], [7], [8, 9, 10], [11], [12], [13], [14], [15], [16], [17], [18], [19], [20], [21], [22], [23], [24], [25], [26], [27], [28], [29], [30], [31]], "196": [[0], [1], [2], [3], [4], [5], [6], [7], [8], [9], [10], [11], [12], [13], [14], [15], [16], [17], [18], [19], [20]], "197": [[0], [1], [2], [3], [4], [5], [6], [7], [8], [9], [10], [11], [12], [13], [14, 15], [16]], "198": [[0], [1], [2], [3], [4], [5], [6], [7], [8], [9], [10], [11], [12], [13], [14], [15], [16], [17], [18], [19], [20], [21], [22], [23], [24], [25], [26]], "199": [[0], [1], [2], [3], [4, 5, 6], [7], [8], [9], [10], [11], [12], [13], [14], [15], [16], [17], [18], [19], [20], [21], [22], [23], [24, 25], [26], [27, 28, 29], [30], [31, 32, 33], [34], [35], [36], [37], [38], [39], [40, 41], [42], [43, 44, 45, 46, 47, 48, 49], [50], [51], [52], [53], [54], [55], [56], [57], [58]], "200": [[0], [1], [2], [3], [4], [5], [6], [7], [8], [9], [10], [11], [12], [13], [14]], "201": [[0], [1], [2], [3], [4, 5], [6], [7], [8], [9], [10], [11], [12], [13], [14], [15], [16], [17], [18], [19], [20], [21], [22], [23], [24], [25], [26], [27], [28], [29], [30], [31], [32], [33], [34], [35], [36], [37], [38], [39], [40], [41], [42], [43], [44], [45]], "202": [[0], [1], [2], [3], [4], [5], [6], [7], [8], [9], [10], [11], [12], [13], [14], [15], [16], [17]], "203": [[0], [1], [2], [3], [4], [5], [6], [7], [8], [9], [10], [11], [12, 13, 14, 15], [16], [17], [18], [19, 20], [21], [22], [23], [24], [25], [26], [27], [28, 29, 30, 31, 32, 33, 34, 35, 36], [37], [38], [39], [40]], "204": [[0], [1], [2], [3], [4, 5], [6]], "205": [[0], [1], [2], [3], [4], [5], [6], [7], [8, 9, 10], [11], [12], [13], [14], [15], [16], [17], [18], [19], [20], [21], [22], [23], [24], [25]], "206": [[0], [1], [2], [3], [4], [5], [6], [7], [8], [9], [10], [11], [12], [13], [14], [15], [16], [17], [18], [19], [20], [21, 22], [23], [24], [25], [26], [27], [28], [29], [30], [31], [32, 33]], "207": [[0], [1], [2], [3], [4], [5], [6], [7], [8], [9], [10], [11], [12], [13], [14], [15], [16], [17], [18], [19], [20]], "208": [[0], [1], [2], [3], [4], [5], [6], [7], [8], [9], [10, 11], [12], [13], [14], [15], [16], [17], [18], [19], [20]], "209": [[0], [1], [2], [3], [4], [5], [6], [7], [8], [9], [10], [11], [12], [13], [14], [15], [16], [17]], "210": [[0], [1], [2], [3], [4], [5], [6], [7], [8], [9], [10], [11], [12], [13], [14], [15], [16], [17], [18], [19], [20], [21], [22], [23], [24], [25], [26], [27], [28], [29], [30], [31], [32]], "211": [[0], [1], [2], [3], [4, 5], [6], [7], [8], [9], [10], [11], [12], [13, 14], [15], [16], [17], [18], [19], [20], [21], [22], [23]], "212": [[0], [1], [2], [3], [4], [5], [6], [7], [8], [9], [10, 11], [12], [13], [14], [15], [16], [17], [18], [19], [20], [21], [22]], "213": [[0, 1], [2], [3], [4], [5], [6], [7], [8], [9], [10], [11], [12], [13], [14], [15], [16], [17], [18], [19], [20], [21]], "214": [[0], [1], [2], [3], [4], [5, 6], [7], [8], [9], [10], [11], [12], [13], [14], [15], [16], [17], [18], [19], [20], [21], [22], [23], [24], [25], [26], [27], [28], [29], [30], [31], [32], [33], [34], [35], [36], [37], [38], [39], [40], [41], [42], [43], [44], [45], [46], [47], [48], [49], [50], [51]], "215": [[0], [1, 2], [3], [4], [5], [6], [7], [8], [9], [10], [11, 12], [13], [14], [15], [16], [17], [18], [19], [20], [21], [22], [23], [24], [25], [26], [27], [28], [29], [30], [31], [32], [33], [34], [35]], "216": [[0], [1], [2], [3], [4], [5], [6], [7], [8], [9], [10], [11], [12], [13], [14], [15], [16], [17], [18], [19], [20], [21], [22], [23], [24], [25], [26], [27], [28], [29], [30], [31], [32], [33], [34, 35], [36], [37], [38], [39], [40], [41], [42], [43], [44], [45], [46], [47], [48], [49], [50], [51]], "217": [[0], [1], [2], [3], [4], [5], [6], [7], [8], [9], [10], [11], [12], [13], [14], [15], [16], [17], [18], [19], [20], [21], [22], [23], [24], [25], [26], [27], [28], [29], [30], [31], [32], [33]], "218": [[0], [1], [2], [3], [4], [5], [6], [7], [8], [9], [10], [11], [12], [13]], "219": [[0], [1], [2], [3], [4], [5], [6, 7], [8], [9], [10], [11], [12], [13], [14], [15], [16], [17], [18], [19], [20], [21], [22], [23], [24], [25], [26], [27]], "220": [[0], [1], [2], [3], [4], [5], [6], [7], [8], [9], [10], [11], [12, 13], [14], [15], [16], [17], [18], [19], [20, 21], [22], [23], [24], [25], [26], [27], [28], [29]]}