{"0": [], "1": [], "2": [], "3": [[[19], [52]]], "4": [], "5": [], "6": [[[5], [9]]], "7": [], "8": [], "9": [[[0], [5]], [[3, 4, 5, 6, 7, 8, 9, 10, 11], [17]]], "10": [], "11": [[[6, 7], [33]]], "12": [], "13": [], "14": [[[4], [26, 27]]], "15": [], "16": [], "17": [], "18": [[[1], [18]]], "19": [[[0], [8], [19]], [[5], [15]]], "20": [], "21": [[[9], [21]]], "22": [], "23": [], "24": [], "25": [[[16, 17, 18, 19], [24]]], "26": [], "27": [[[8], [21]], [[13], [15]]], "28": [], "29": [], "30": [[[0], [15]]], "31": [], "32": [], "33": []}