{"0": ["Hamill's", "schedule", "include", "a", "panel", "with", "Kevin", "Conroy,", "the", "voice", "of", "Batman", "in", "Batman:", "the", "Animated", "Series,", "in", "which", "the", "Star", "Wars", "lead", "play", "the", "Joker."], "1": ["he", "want", "I", "to", "do", "the", "job,", "so", "he", "offer", "to", "take", "some", "of", "the", "monetary", "burden", "off", "my", "back,", "so", "that", "I", "could", "do", "it", "for", "the", "agree", "amount", "that", "we", "be", "gonna", "do", "it", "on."], "2": ["once", "we", "figure", "out", "what", "it", "be,", "we", "play", "a", "lot", "of", "manuscript", "email", "tag,", "which", "can", "be", "challenging", "and", "time", "consume", "give", "the", "differ", "schedule", "that", "folk", "keep", "in", "term", "of", "travel,", "field", "work,", "etc."], "3": ["in", "the", "past", "nine", "month,", "we", "have", "witness", "momentous", "change", "in", "the", "arab", "world", "that", "nobody", "expect", "when", "we", "meet", "one", "year", "ago."], "4": ["so", "down", "here", "be", "basically", "where", "I", "keep", "everything", "that", "I", "cannot", "really", "keep", "in", "my", "room,", "because", "therebe", "not", "enough", "space."], "5": ["I", "feel", "horrible", "do", "that", "on", "that", "eye", "dog", "that", "he", "have", "in", "here", "last", "week,", "under", "whatever", "night", "it", "be."], "6": ["in", "we", "experimental", "setup,", "we", "attempt", "to", "more", "closely", "mimic", "non-avian", "theropod", "tail", "morphology,", "in", "which", "mass", "be", "distribute", "through", "a", "distally", "taper", "tail."], "7": ["and", "also,", "Ibe", "very", "proud", "to", "say", "that", "I", "have", "actually", "go", "back", "to", "therapy,", "which", "be", "something", "that", "I", "havenot", "do", "since", "\u2014", "I", "mean", "the", "last", "time", "I", "be", "in", "therapy,", "almost", "I", "be", "like", "20."], "8": ["the", "Galileo", "and", "Ulysses", "spacecraft", "carry", "dust", "detector", "onboard", "that", "Eberhard", "Gruen", "and", "he", "colleague", "use", "to", "first", "detect", "and", "they", "measure", "the", "flux", "of", "interstellar", "dust", "particle", "stream", "into", "the", "solar", "system."], "9": ["island", "in", "the", "archipelago", "list", "in", "east", "to", "west", "order;", "note", "that", "there", "be", "many", "more", "island", "and", "islet", "in", "the", "area,", "but", "this", "be", "the", "one", "with", "ferry", "traffic", "that", "be", "possible", "to", "visit", "without", "make", "special", "arrangement."], "10": ["in", "Spanish", "poetry,", "the", "syntactic", "configuration", "under", "which", "enjambment", "take", "place", "have", "be", "describe", "extensively,", "and", "detailed", "study", "on", "the", "use", "of", "enjambment", "by", "individual", "author", "exist", "(see", "Mart\u00ednez", "Cant\u00f3n,", "2011", "for", "a", "overview)", "include,", "among", "other", "Quilis", "(1964),", "Dom\u00ednguez", "Caparr\u00f3s,", "(2000),", "Para\u00edso,", "(2000),", "Spang", "(1983)", "for", "a", "description", "of", "enjambment,", "and", "Alarcos", "(1966),", "Senabre", "(1982),", "Luj\u00e1n", "(2006),", "Mart\u00ednez", "Fern\u00e1ndez", "(2010)", "for", "case-study", "on", "a", "single", "author."], "11": ["it", "be", "the", "Olmec", "who", "worship", "a", "rain", "god,", "a", "maize", "god,", "and", "the", "feathered", "serpent", "so", "important", "in", "the", "future", "pantheon", "of", "the", "Aztecs", "(who", "call", "he", "Quetzalcoatl)", "and", "the", "Maya", "(to", "whom", "he", "be", "Kukulkan)."], "12": ["for", "optimal", "comparability,", "we", "study", "the", "exact", "same", "conversational", "environment", "across", "language:", "that", "of", "other-initiated", "repair", "(OIR),", "in", "which", "one", "participant", "produce", "a", "turn", "at", "talk,", "the", "other", "then", "signal", "some", "trouble", "with", "this", "turn,", "and", "finally", "the", "first", "produce", "a", "next", "turn", "which", "aim", "to", "solve", "the", "trouble,", "usually", "by", "means", "of", "repetition", "and/or", "modification."], "13": ["although", "I", "be", "sure", "that", "be", "there", "would", "enhance", "my", "understanding", "of", "the", "animal", "and", "the", "system", "in", "which", "they", "live,", "and", "would", "help", "I", "formulate", "more", "and", "better", "question", "about", "the", "anemone,", "ship", "time", "be", "expensive,", "especially", "in", "Antarctica,", "and", "if", "there", "be", "biologist", "whose", "contribution", "be", "predicate", "on", "be", "there,", "they", "should", "have", "priority", "to", "be", "there."], "14": ["nevertheless,", "she", "initial", "effort", "at", "write", "fiction", "be", "in", "the", "form", "of", "a", "short", "story,", "a", "form", "to", "which", "she", "would", "remain", "true."], "15": ["his", "initiation", "take", "place", "on", "April", "17,", "1789,", "at", "Holland", "Lodge", "no.", "8,", "F&AM,", "which", "the", "Grand", "Lodge", "of", "New", "York", "F&AM", "have", "charter", "in", "1787."], "16": ["and", "\u2014", "and", "uh,", "you", "know,", "I", "think,", "I", "think", "that,", "one", "of", "the", "reason", "that", "therebe", "be", "no", "focus", "be", "because,", "oh,", "everybody", "accept", "the", "scientific", "method", "as", "the", "best", "tool", "that", "we", "have,", "and", "be", "kinda", "let", "the", "scientific", "method", "be", "the", "\u2014", "be", "the", "leader."], "17": ["the", "content", "of", "this", "session", "should", "enable", "they", "to", "provide", "service", "to", "researcher", "and", "student,", "identify", "remain", "gap", "in", "knowledge", "or", "skill", "that", "they", "could", "address", "by", "self-direct", "learning", "and", "(perhaps)", "to", "automate", "they", "daily", "library", "work."], "18": ["throughout", "the", "long", "and", "difficult", "period", "of", "Watergate,", "I", "have", "feel", "it", "be", "my", "duty", "to", "persevere,", "to", "make", "every", "possible", "effort", "to", "complete", "the", "term", "of", "office", "to", "which", "you", "elect", "I."], "19": ["I", "say,", "first", "of", "all,", "that", "I", "believe", "in", "America", "where", "work", "be", "available", "to", "that", "who", "be", "willing", "and", "able", "to", "work,", "where", "the", "waste", "of", "idle", "man", "and", "machine", "could", "be", "avoid,", "and", "where", "great", "economic", "growth", "could", "provide", "the", "new", "job", "and", "the", "new", "market", "that", "we", "grow", "Nation", "need."], "20": ["so", "this", "be", "the", "type", "of", "wine", "that", "you", "can", "enjoy", "on", "they", "own", "and", "also", "with", "you", "light", "meal,", "because", "they", "be", "make", "to", "open", "now,", "drink", "now", "wine."], "21": ["so,", "you", "say", "that", "you", "have", "a", "outro", "that", "youhave", "be", "practice?"], "22": ["but", "the", "arrogant", "person", "be", "usually", "more", "than", "happy", "to", "show", "they", "cruel", "side", "to", "that", "that", "they", "donot", "like."], "23": ["so", "maybe", "this", "be", "not", "something", "that", "you", "want", "to", "do", "if", "yoube", "just", "go", "to", "Portland", "for", "a", "couple", "of", "day", "but", "itbe", "definitely", "something", "to", "consider", "if", "yoube", "go", "out", "to", "Oregon", "for", "a", "little", "bit", "longer", "period", "of", "time."], "24": ["and", "what", "do", "we", "call", "something", "that", "you", "\u2014", "that", "you", "can", "splish", "splash?"], "25": ["a", "democracy", "be", "a", "government", "in", "which", "political", "power\u2014influence", "over", "institution,", "leader,", "and", "policy\u2014rest", "in", "the", "hand", "of", "the", "people."], "26": ["late", "in", "he", "life", "he", "publish", "Analytic", "Syntax", "(1937),", "in", "which", "he", "present", "he", "view", "on", "syntactic", "structure", "use", "a", "idiosyncratic", "shorthand", "notation."], "27": ["Santorum", "criticize", "the", "response", "of", "the", "press", "to", "the", "phenomenon", "in", "a", "2011", "radio", "interview,", "say,", "\"itbe", "offensive", "beyond,", "you", "know,", "anything", "that", "any", "public", "figure", "or", "anybody", "in", "America", "should", "tolerate,", "and", "the", "mainstream", "media", "laugh", "about", "it.\""], "28": ["this", "be", "follow", "by", "a", "memoir", "on", "the", "theory", "of", "the", "tide,", "to", "which,", "conjointly", "with", "the", "memoir", "by", "Euler", "and", "Colin", "Maclaurin,", "a", "prize", "be", "award", "by", "the", "French", "Academy:", "this", "three", "memoir", "contain", "all", "that", "be", "do", "on", "this", "subject", "between", "the", "publication", "of", "Isaac", "Newton's", "Philosophiae", "Naturalis", "Principia", "Mathematica", "and", "the", "investigation", "of", "Pierre-Simon", "Laplace."], "29": ["so", "the", "first", "couple", "day", "we", "be", "in", "Portland,", "we", "go", "hike", "in", "Forest", "Park", "which", "you", "can", "get", "to", "by", "public", "transit", "in", "the", "city."], "30": ["so", "Erasmus", "lay", "the", "the", "\u2014", "lay", "the", "egg,", "which", "Luther", "hatch."], "31": ["this", "be", "exactly", "the", "approach", "that", "New", "Zealand", "be", "take,", "use", "three", "main", "tool:", "border", "control;", "self-isolation;", "and", "good", "public", "health", "practice,", "include", "highlight", "the", "importance", "of", "basic", "hygiene."], "32": ["this", "be", "not", "the", "first", "time", "deadly", "stampede", "have", "take", "place", "during", "the", "hajj,", "with", "the", "deadly", "stampede", "during", "the", "1991", "hajj,", "in", "which", "1426", "pilgrim", "be", "trample."], "33": ["in", "the", "fifth", "century", "BC,", "Leucippus", "and", "Democritus", "argue", "that", "all", "matter", "be", "compose", "of", "small,", "finite", "particle", "that", "they", "call", "atomo,", "a", "term", "derive", "from", "the", "Greek", "word", "for", "''indivisible.''"], "34": ["but", "yeah", "thatbe", "pretty", "much", "it,", "hope", "you", "guy", "donot", "mind", "this", "kind", "of", "like", "random", "vlog", "that", "Ibe", "do,", "but", "I", "just", "want", "to", "show", "you", "guy", "kind", "of", "loosely", "like", "how", "a", "week", "be", "and", "the", "life", "of", "a", "radiology", "resident."], "35": ["also", "while", "at", "Cambridge", "he", "form", "lifelong", "friendship", "with", "man", "such", "as", "John", "Cam", "Hobhouse,", "who", "initiate", "he", "into", "the", "Cambridge", "Whig", "Club,", "which", "endorse", "liberal", "politics,", "[28]", "and", "Francis", "Hodgson,", "a", "fellow", "at", "King's", "College,", "with", "whom", "he", "correspond", "on", "literary", "and", "other", "matter", "until", "the", "end", "of", "he", "life."], "36": ["you,", "and", "you", "alone,", "have", "identify", "that", "on", "which", "all", "else", "hinge."], "37": ["one", "small", "container", "of", "pure", "fruit", "be", "sufficient", "for", "flavoring", "(the", "little", "container", "that", "child", "take", "to", "school", "in", "they", "lunchbox.)"], "38": ["and", "if", "we", "can", "obtain", "the", "early", "passage", "of", "a", "effective", "tax", "cut", "which", "the", "House", "of", "Representatives", "have", "already", "pass--and", "which", "the", "Ways", "and", "means", "Committee,", "on", "which", "Bill", "Green", "serve,", "write--we", "shall", "be", "sailing", "this", "country", "next", "year", "on", "the", "longest", "and", "strongest", "peacetime", "expansion", "of", "we", "economy", "in", "the", "history", "of", "the", "United", "States."], "39": ["\"to", "have", "a", "business", "allow", "that", "type", "of", "filth", "to", "be", "purvey", "through", "they", "website", "or", "through", "they", "system", "be", "something", "that", "they", "say", "they", "cannot", "handle."], "40": ["this", "be", "the", "I", "donot", "know", "what", "to", "do", "with", "it", "pile,", "but", "I", "think", "this", "be", "all", "the", "dose", "of", "Colors", "lipstick", "that", "I", "know", "Ihave", "have", "for", "at", "least", "over", "two", "year."], "41": ["--", "but", "I", "have", "a", "chart", "that", "Iwill", "go", "through;", "the", "MMPI."], "42": ["for", "the", "most", "part,", "arrogant", "people", "see", "people", "that", "they", "donot", "like", "as", "threat", "to", "they", "perfect", "little", "world."], "43": ["th-", "therebe", "a", "white", "line,", "that", "you", "go", "by,", "and", "a", "horse", "have", "this", "little", "white", "line,", "and", "you", "clean", "it", "out", "with", "the", "\u2014", "with", "the", "hoof", "knife."], "44": ["I", "be", "curious", "about", "the", "population", "structure", "of", "the", "\"field\"", "of", "anemone", "-", "the", "group", "to", "which", "Edwardsiella", "andrillae", "belong", "include", "many", "species", "that", "reproduce", "asexually,", "and", "itbe", "possible", "that", "the", "field", "be", "\"clone\"", "produce", "asexually", "rather", "than", "the", "result", "of", "sexual", "reproduction."], "45": ["anything", "that", "you", "want", "to", "put", "off", "but", "take", "two", "minute", "to", "do", "-", "do", "it."], "46": ["from", "the", "first", "day,", "I", "have", "emphasize", "prevention,", "mediation", "and", "a", "surge", "in", "diplomacy", "for", "peace", "in", "order", "to", "address", "the", "crise", "that", "we", "face."], "47": ["and", "then", "a", "little", "behind", "the", "scene", "that", "you", "probably", "will", "never", "see", "again", "in", "a", "video", "be", "that", "down", "here", "I", "keep", "all", "of", "the", "filming", "gear", "that", "donot", "really", "fit", "anywhere", "else", "in", "the", "room:", "two", "set", "of", "tripod,", "I", "also", "have", "a", "c-stand."], "48": ["this", "theory,", "along", "with", "other", "theory", "of", "correspondence", "in", "translate,", "be", "elaborate", "in", "he", "essay", "principle", "of", "Correspondence,", "where", "Nida", "begin", "by", "assert", "that", "give", "that", "\"no", "two", "language", "be", "identical,", "either", "in", "the", "meaning", "give", "to", "corresponding", "symbol", "or", "in", "the", "way", "in", "which", "symbol", "be", "arrange", "in", "phrase", "and", "sentence,", "it", "stand", "to", "reason", "that", "there", "can", "be", "no", "absolute", "correspondence", "between", "language."], "49": ["when", "people", "be", "search", "use", "the", "virtual", "microscope,", "they", "will", "be", "look", "not", "for", "the", "particle,", "but", "for", "the", "track", "that", "the", "particle", "make,", "which", "be", "much", "larger", "\u2014", "several", "micron", "in", "diameter."], "50": ["they", "discuss", "the", "\"dictionary", "of", "the", "future\",", "in", "which", "every", "word", "would", "be", "link", "to", "example", "sentence", "from", "corpus.", "[7]", "[9]"], "51": ["she", "pick", "up", "the", "pan", "in", "which", "shehave", "make", "the", "potato", "and", "maple", "glaze."], "52": ["sociologist", "attempt", "to", "engage", "in", "cultural", "relativism,", "then,", "may", "struggle", "to", "reconcile", "aspect", "of", "they", "own", "culture", "with", "aspect", "of", "a", "culture", "that", "they", "be", "study."], "53": ["Markus", "Landgraf", "have", "estimate", "the", "number", "of", "interstellar", "dust", "particle", "that", "should", "have", "be", "capture", "by", "stardust", "during", "two", "period", "of", "the", "\"cruise\"", "phase", "of", "the", "interplanetary", "orbit", "in", "which", "the", "spacecraft", "be", "move", "with", "this", "wind."], "54": ["the", "President", "have", "draw", "both", "praise", "for", "help", "the", "girl", "enter", "the", "U.S.", "and", "criticism", "for", "he", "travel", "ban,", "which", "do", "not", "cover", "Afghanistan,", "and", "for", "the", "atmosphere", "of", "hostility", "toward", "Muslims", "that", "critic", "blame", "for", "deny", "they", "entry", "in", "the", "first", "place."], "55": ["he", "characterize", "the", "conflict", "between", "the", "Church", "of", "Scientology", "and", "anonymous", "poster", "of", "the", "Cruise", "video", "as", "\"another", "small", "skirmish", "in", "a", "war", "that", "Scientology", "have", "be", "wage", "for", "almost", "15", "year,", "since", "the", "early", "day", "of", "newsgroups", "such", "as", "alt.religion.scientology,", "which", "post", "internal", "church", "document", "in", "1994."], "56": ["in", "2004,", "he", "appear", "in", "the", "Mary-Kate", "and", "Ashley", "Olsen", "comedy", "New", "York", "Minute", "as", "Trey", "Lipton,", "a", "cute", "boy", "to", "whom", "the", "Olsen's", "character", "be", "attract."], "57": ["the", "sand", "do", "distort", "the", "sheet", "a", "tiny", "bit,", "but", "this", "be", "not", "a", "distortion", "that", "we", "or", "the", "ant", "can", "measure."], "58": ["um", "if", "you", "donot", "want", "to", "do", "a", "tour", "of", "Pittock", "Mansion,", "Iwould", "still", "recommend", "like", "take", "the", "trail", "up", "there", "because", "it", "have", "a", "really", "cool", "like", "overlook", "of", "the", "city", "that", "you", "can", "go", "see."], "59": ["do", "this", "too", "often", "can", "quickly", "turn", "a", "otherwise", "flirtatious", "conversation", "into", "one", "in", "which", "you", "appear", "needy", "and", "self-loathing."], "60": ["from", "the", "discussion", "I", "have", "have", "with", "congressional", "and", "other", "leader,", "I", "have", "conclude", "that", "because", "of", "the", "Watergate", "matter,", "I", "might", "not", "have", "the", "support", "of", "the", "Congress", "that", "I", "would", "consider", "necessary", "to", "back", "the", "very", "difficult", "decision", "and", "carry", "out", "the", "duty", "of", "this", "office", "in", "the", "way", "the", "interest", "of", "the", "Nation", "will", "require."], "61": ["in", "this", "sense,", "fan", "of", "the", "series", "represent", "a", "emerge", "model", "for", "cultural", "consumption", "that", "should", "be", "carefully", "explore."], "62": ["we", "\u2014", "that", "be", "kind", "of", "a", "double", "thing", "that,", "we", "have", "in", "\u2014", "in", "another", "class,", "so", "it", "be", "kinda", "review", "for", "we."], "63": ["I", "have", "new", "product", "out,", "and", "Ibe", "gonna", "be", "show", "you", "guy", "today", "exactly", "how", "Ibe", "go", "to", "be", "use", "my", "product,", "and", "Ibe", "also", "go", "to", "be", "show", "you", "guy", "this", "extreme", "moisture", "bomb", "routine", "that", "you", "can", "do,", "um,", "for", "wintertime", "because", "it", "be", "get", "a", "little", "bit", "colder", "outside."], "64": ["as", "soon", "as", "I", "come", "off", "the", "pill", "my", "period", "come", "back", "pretty", "regularly", "and", "I", "start", "track", "my", "period", "just", "because", "I", "know", "the", "pregnancy", "be", "something", "that", "eventually", "we", "would", "want,", "and", "I", "know", "that", "it", "help", "if", "youhave", "be", "track", "you", "period", "so", "you", "know", "you", "cycle."], "65": ["a", "lot", "of", "the", "note", "that", "I", "have", "take", "from", "we", "last", "meeting", "and", "be", "more", "of", "a", "cause", "or", "like", "lead", "to", "memory's", "importance", "for", "each", "of", "the", "source,", "I", "\u2014", "I", "essentially", "change", "it", "to", "um", "\"itbe", "the", "one", "persistent", "element", "of", "we", "existence", "that", "give", "meaning", "to", "the", "inheritance", "of", "memory\"."], "66": ["Malaysia", "and", "Indonesia", "have", "maintain", "a", "policy", "of", "turn", "away", "boat", "of", "migrant", "which,", "accord", "to", "AFP,", "the", "United", "Nations", "and", "United", "States", "have", "both", "criticise."], "67": ["you", "get", "the", "two,", "and", "you", "take", "the", "square", "root", "of", "two,", "and", "you", "get", "the", "negative", "two,", "which", "you", "take", "the", "square,", "and", "it", "come", "to", "two."], "68": ["''the", "internal", "Sense", "be,", "a", "passive", "power", "of", "receive", "idea", "of", "beauty", "from", "all", "Objects", "in", "which", "there", "be", "uniformity", "amidst", "Variety''", "(\u00a7", "VI,", "67)."], "69": ["Ibe", "back", "home", "now,", "and", "I", "basically", "just", "type", "up", "a", "little", "calendar", "lay", "out", "the", "chapter", "that", "I", "have", "leave", "to", "review", "before", "Tuesday."], "70": ["even", "the", "most", "culturally", "relativist", "people", "from", "egalitarian", "society\u2014one", "in", "which", "woman", "have", "political", "rights", "and", "control", "over", "they", "own", "body\u2014would", "question", "whether", "the", "widespread", "practice", "of", "female", "genital", "mutilation", "in", "country", "such", "as", "Ethiopia", "and", "Sudan", "should", "be", "accept", "as", "a", "part", "of", "cultural", "tradition."], "71": ["[the", "santorum", "neologism", "be]", "offensive", "beyond,", "you", "know,", "anything", "that", "any", "public", "figure", "or", "anybody", "in", "America", "should", "tolerate,", "and", "the", "mainstream", "media", "laugh", "about", "it.", "\u2014", "Rick", "Santorum"], "72": ["the", "baseline", "data", "that", "I", "use", "to", "--"], "73": ["um", "one", "of", "the", "coolest", "thing", "that", "I", "have", "ever", "see."], "74": ["moreover,", "see", "someone", "perform", "on", "the", "internet", "take", "away", "the", "use", "of", "we", "sense,", "originality", "and", "imagination", "that", "read", "and", "think", "about", "magic", "can", "produce."], "75": ["and", "in", "19", "\u2014", "and", "I", "will", "tell", "you", "this,", "and", "I", "say", "it", "very", "strongly,", "year", "ago,", "I", "say", "\u2014", "and", "I", "love", "the", "military,", "and", "I", "want", "to", "have", "the", "strongest", "military", "that", "wehave", "ever", "have,", "and", "we", "need", "it", "more", "now", "than", "ever."], "76": ["some", "scholar", "believe", "that", "between", "nine", "and", "fifteen", "thousand", "year", "ago,", "a", "land", "bridge", "exist", "between", "Asia", "and", "North", "America", "that", "we", "now", "call", "Beringia."], "77": ["upon", "wake", "each", "morning,", "you", "begin", "think\u2014contemplate", "the", "task", "that", "you", "must", "complete", "that", "day."], "78": ["one", "instance", "in", "which", "college", "and", "university", "use", "percentile", "be", "when", "sit", "result", "be", "use", "to", "determine", "a", "minimum", "testing", "score", "that", "will", "be", "use", "as", "a", "acceptance", "factor."], "79": ["webe", "right", "now", "use", "a", "automated", "microscope", "that", "we", "develop", "several", "year", "ago", "for", "nuclear", "astrophysics", "work", "to", "scan", "the", "collector", "in", "the", "cosmic", "Dust", "Lab", "in", "Building", "31", "at", "Johnson", "Space", "Center."], "80": ["as", "I", "recall", "the", "high", "hope", "for", "America", "with", "which", "we", "begin", "this", "second", "term,", "I", "feel", "a", "great", "sadness", "that", "I", "will", "not", "be", "here", "in", "this", "office", "work", "on", "you", "behalf", "to", "achieve", "that", "hope", "in", "the", "next", "2", "1/2", "year."], "81": ["the", "effect", "get", "more", "noticeable", "as", "we", "increase", "the", "mass", "of", "the", "object", "that", "we", "put", "on", "the", "sheet."], "82": ["aka", "every", "vegetarian", "thing", "that", "Ash", "have", "in", "she", "fridge", "that", "will", "remotely", "go", "well", "together."], "83": ["accord", "to", "Wilkins,", "Warhol", "be", "able", "to", "reproduce", "the", "Polaroid", "photograph", "and", "create", "a", "enlargement", "of", "it,", "which", "he", "then", "could", "use", "to", "commit", "the", "image", "to", "the", "silk", "screen", "medium", "by", "apply", "paint", "or", "manipulate", "they", "further."], "84": ["I", "know", "this", "be", "something", "that", "you", "guy", "have", "request", "for", "a", "very", "long", "time,", "and", "after", "two", "and", "a", "half", "year", "of", "live", "here,", "I", "finally", "feel", "like", "Ihave", "make", "it", "my", "own", "and", "decorate", "it", "how", "I", "want,", "and", "Ibe", "ready", "to", "show", "it", "to", "you", "guy."], "85": ["as", "a", "student", "in", "Rome,", "Jerome", "engage", "in", "the", "superficial", "escapade", "and", "sexual", "experimentation", "of", "student", "there,", "which", "he", "indulge", "in", "quite", "casually", "but", "for", "which", "he", "suffer", "terrible", "bout", "of", "guilt", "afterwards.", "[13]", "[better", "source", "need]"], "86": ["then,", "base", "on", "that,", "we", "make", "open", "innovation", "that", "we,", "then,", "export,", "not", "as", "colonizer", "but,", "really,", "co-creator."], "87": ["the", "kind", "of", "moral", "realism", "that", "Street", "have", "in", "mind", "be", "the", "view", "that", "moral", "property", "exist", "as", "objective", "feature", "of", "the", "world", "(to", "wit,", "whether", "steal", "be", "wrong", "be", "independent", "of", "whether", "anyone", "think", "or", "feel", "that", "steal", "be", "wrong)."], "88": ["so", "I", "think", "webe", "gonna", "start", "here", "at", "the", "loop", "trailhead", "which", "be", "the", "same", "highline", "-", "um,", "trail", "that", "we", "do", "the", "other", "day."], "89": ["consider", "the", "life", "that", "we", "can", "save", "by", "strengthen", "we", "investment", "to", "sustain", "peace", "around", "the", "world."], "90": ["the", "footage", "that", "Ibe", "gonna", "put", "in", "here", "honestly", "it", "look", "a", "little", "bit", "fake."], "91": ["Byron", "finally", "return", "in", "January", "1804,", "[6]", "to", "a", "more", "settle", "period", "which", "see", "the", "formation", "of", "a", "circle", "of", "emotional", "involvement", "with", "other", "Harrow", "boy,", "which", "he", "recall", "with", "great", "vividness:", "\"my", "school", "friendship", "be", "with", "I", "passion", "(for", "I", "be", "always", "violent).\"", "[21]"], "92": ["his", "breakthrough", "role", "be", "in", "the", "romantic", "comedy,", "Chasing", "Liberty", "(2004),", "for", "which", "he", "receive", "a", "nomination", "at", "Teen", "Choice", "Award", "for", "Choice", "Breakout", "Movie", "Star", "-", "male."], "93": ["I", "still", "believe", "in", "the", "kind", "of", "America", "which", "I", "describe", "in", "this", "hall", "3", "year", "ago,", "and", "I", "be", "still", "determined", "that", "this", "Nation", "shall", "continue", "to", "strive", "to", "meet", "that", "goal."], "94": ["for", "lymphoscintigraphy", "we", "basically", "inject", "technetium", "in", "skin", "surround", "a", "melanoma", "and", "after", "we", "inject", "we", "wait", "about", "15-20", "minute,", "maybe", "up", "to", "a", "hour,", "and", "wait", "for", "that", "radio", "tracer", "to", "travel", "to", "the", "close", "lymph", "node", "which", "we", "would", "call", "the", "sentinel", "lymph", "node."], "95": ["we", "start", "it", "basically,", "because", "I", "want", "to", "-", "I", "want", "to", "work", "with", "Isabel", "on", "a", "lot", "of", "project", "that", "we", "have", "go", "on", "together."], "96": ["if", "the", "environmental", "agency", "group", "report", "one", "number", "and", "you", "neighbor", "report", "another", "number,", "of", "course,", "yoube", "go", "to", "trust", "the", "one", "that", "you", "participate", "yourself,", "even", "though", "itbe", "a", "lower", "quality", "sensor."], "97": ["the", "case", "on", "which", "the", "Court", "have", "rule", "be", "of", "the", "religious", "school", "Santo", "Spirito", "and", "Immacolata", "in", "Livorno,", "Tuscany,", "to", "pay", "over", "422000", "euros", "in", "arrears", "for", "the", "period", "from", "2004", "to", "2009."], "98": ["and", "as", "I", "see", "therein", "the", "lote-face", "vanish,", "I", "long", "for", "net", "that", "I", "might", "capture", "they", "and", "learn", "from", "they", "the", "secret", "which", "the", "moon", "have", "bring", "upon", "the", "night."], "99": ["I", "be", "wear", "a", "yellow", "linen", "dress", "which", "my", "mother", "have", "pick", "out", "and", "which", "I", "therefore", "dislike", "although", "I", "know", "it", "flatter", "I."], "100": ["whenever", "you", "be", "present", "with", "something", "that", "you", "donot", "want", "to", "do", "or", "would", "consider", "put", "off,", "ask", "yourself,", "''will", "this", "take", "I", "less", "than", "two", "minute", "to", "finish?''"], "101": ["yet", "when", "I", "see", "afar", "out", "in", "the", "sea", "a", "black", "condor", "descend", "from", "the", "sky", "to", "seek", "rest", "on", "a", "vast", "reef,", "I", "would", "fain", "have", "question", "he,", "and", "ask", "he", "of", "that", "whom", "I", "have", "know", "when", "they", "be", "alive."], "102": ["and", "in", "virtue", "of", "the", "authority", "thereby", "in", "I", "vested,", "do", "hereby", "order", "and", "direct", "the", "representative", "of", "the", "different", "States", "of", "the", "Union", "to", "assemble", "in", "Musical", "Hall,", "of", "this", "city,", "on", "the", "1st", "day", "of", "Feb.", "next,", "then", "and", "there", "to", "make", "such", "alteration", "in", "the", "exist", "law", "of", "the", "union", "as", "may", "ameliorate", "the", "evil", "under", "which", "the", "country", "be", "labor,", "and", "thereby", "cause", "confidence", "to", "exist,", "both", "at", "home", "and", "abroad,", "in", "we", "stability", "and", "integrity."], "103": ["but", "when", "that", "moon", "go", "over", "to", "the", "west", "and", "the", "still", "tide", "ebb", "from", "the", "sullen", "shore,", "I", "see", "in", "that", "light", "old", "spire", "that", "the", "wave", "almost", "uncover,", "and", "white", "column", "gay", "with", "festoon", "of", "green", "seaweed."], "104": ["this", "process,", "as", "youwill", "recall", "from", "what", "be", "anthropology?", "be", "call", "enculturation."], "105": ["the", "term", "Nexus", "be", "apply", "to", "sentence,", "structure", "similar", "to", "sentence", "and", "sentence", "in", "formation,", "in", "which", "two", "concept", "be", "express", "in", "one", "unit;", "e.g.,", "it", "rain,", "he", "run", "indoors."], "106": ["thus,", "institution", "also", "determine", "the", "level", "of", "uncertainty", "to", "which", "individual", "be", "subject,", "stimulate", "or", "discouraging", "transaction."], "107": ["for", "instance,", "that", "with", "a", "interest", "in", "deceive", "the", "general", "public", "may", "set", "up", "parallel", "institution", "that", "ostensibly", "guarantee", "expertise,", "take", "advantage", "of", "the", "way", "in", "which", "this", "parallel", "institution", "mimic", "legitimate", "institution", "to", "ensure", "that", "people", "be", "take", "in."], "108": ["what", "we", "do", "be", "we", "mark", "it", "under", "we", "camera", "and", "then", "the", "patient", "will", "go", "up", "to", "the", "or,", "have", "the", "melanoma,", "a", "wide", "excision", "of", "the", "melanoma,", "and", "then", "they", "will", "try", "to", "find", "the", "lymph", "node", "that", "we", "mark", "and", "take", "that", "one", "out", "as", "well", "to", "make", "sure", "therebe", "no", "metastasis."], "109": ["\"however,", "the", "full", "fuselage", "trainer,", "that", "every", "astronaut", "include", "[former", "Museum", "of", "Flight", "ceo]", "Bonnie", "Dunbar", "have", "be", "train", "on,", "will", "soon", "call", "the", "Museum", "of", "Flight", "home."], "110": ["yet", "the", "turn", "-", "point", "be", "past,", "and", "history", "begin", "anew", "for", "we,", "the", "history", "which", "we", "shall", "live", "and", "act", "and", "other", "will", "write", "about."], "111": ["future", "study", "should", "also", "include", "a", "larger", "age", "range", "of", "child", "to", "document", "the", "age", "at", "which", "adult-like", "performance", "emerge."], "112": ["he", "be", "not", "baptize", "until", "about", "360", "-", "366,", "when", "he", "have", "go", "to", "Rome", "with", "he", "friend", "Bonosus", "of", "Sardica", "(who", "may", "or", "may", "not", "have", "be", "the", "same", "Bonosus", "whom", "Jerome", "identify", "as", "he", "friend", "who", "go", "to", "live", "as", "a", "hermit", "on", "a", "island", "in", "the", "Adriatic)", "to", "pursue", "rhetorical", "and", "philosophical", "study."], "113": ["I", "hope", "for", "a", "future", "in", "which", "all", "the", "country", "of", "the", "region", "can", "live", "in", "a", "state", "of", "mutual", "respect", "and", "cooperation,", "without", "interference", "in", "each", "other's", "affair."], "114": ["the", "track", "in", "the", "demo", "be", "from", "submicron", "carbonyl", "iron", "particle", "that", "be", "shoot", "into", "aerogel", "use", "a", "particle", "accelerator", "modify", "to", "accelerate", "dust", "particle", "to", "very", "high", "speed,", "to", "simulate", "the", "interstellar", "dust", "impact", "that", "webe", "look", "for."], "115": ["I", "remember", "one", "of", "we", "ad", "that", "I", "have", "put", "in", "say,", "\"if", "you", "think", "nice", "girl", "donot", "do", "S&M,\"", "--", "I", "forget", "what", "the", "rest", "of", "it", "say", "--"], "116": ["I", "would", "also", "like,", "on", "behalf", "of", "Albania,", "to", "convey", "to", "the", "Secretary-General", "we", "high", "appreciation", "for", "he", "lead", "contribution", "to", "the", "fulfilment", "of", "the", "historical", "mission", "of", "the", "United", "Nations", "and", "to", "the", "aspiration", "of", "we", "people", "for", "a", "better", "world", "in", "which", "only", "peace,", "democracy", "and", "economic", "prosperity", "reign."], "117": ["discuss", "he", "concern", "in", "a", "public", "statement,", "Malaysia's", "Prime", "Minister,", "Najib", "Razak", "say,", "\"we", "be", "in", "contact", "with", "all", "relevant", "party,", "with", "whom", "we", "share", "the", "desire", "to", "find", "a", "solution", "to", "this", "crisis\"."], "118": ["Dalton's", "atomic", "theory", "provide", "a", "microscopic", "explanation", "of", "the", "many", "macroscopic", "property", "of", "matter", "that", "youhave", "learn", "about."], "119": ["the", "hardest", "thing", "in", "run", "this", "business,", "which", "be", "why", "people", "cannot", "do", "it,", "be", "the", "relationship", "that", "my", "wife", "have", "with", "the", "gal", "and", "with", "the", "customer."], "120": ["but", "there", "have", "be", "no", "change", "in", "my", "concept", "of", "the", "goal", "which", "this", "country", "must", "strive", "for", "if", "it", "be", "to", "meet", "its", "responsibility", "to", "its", "people", "and", "that", "who", "depend", "upon", "it."], "121": ["I", "talk", "instead", "about", "the", "kind", "of", "America", "that", "I", "want", "for", "my", "family", "and", "for", "you", "family", "and", "all", "that", "who", "be", "citizen", "of", "this", "country", "in", "this", "difficult", "and", "change", "year,", "the", "kind", "of", "America", "in", "which", "I", "believe,", "not", "as", "a", "Democrat", "or", "as", "a", "candidate,", "but", "as", "a", "citizen."], "122": ["in", "the", "field", "of", "L2", "research,", "give", "the", "importance", "of", "replication", "and", "the", "50", "call", "for", "replication", "in", "L2", "research", "that", "we", "identify,", "one", "might", "expect", "a", "substantial", "number", "of", "publish", "replication", "study", "by", "now."], "123": ["Thailand", "have", "recently", "crack", "down", "on", "human", "trafficking,", "which", "have", "affect", "the", "route", "by", "which", "people-smuggler", "transport", "migrant."], "124": ["if", "you", "have", "a", "spare", "bedroom", "that", "you", "benot", "use,", "why", "not", "sell", "that", "space", "to", "someone", "who", "want", "and", "need", "the", "space?"], "125": ["Separate", "the", "color", "of", "skittle", "that", "you", "want", "to", "flavor", "the", "vodka", "with."], "126": ["therebe", "supplies,", "and", "therebe", "wear", "and", "tear", "and", "maintenance,", "and", "bookkeeping", "and", "thing", "like", "that", "that", "you", "have", "to", "do."], "127": ["the", "best", "thing", "that", "I", "think", "about", "this", "bookstore", "be", "that", "they", "mix", "in", "new", "copy", "of", "book", "with", "use", "copy."], "128": ["they", "have", "be", "a", "time", "of", "achievement", "in", "which", "we", "can", "all", "be", "proud,", "achievement", "that", "represent", "the", "share", "effort", "of", "the", "administration,", "the", "Congress,", "and", "the", "people."], "129": ["from", "all", "the", "press", "report", "that", "I", "have", "read,", "the", "indian", "government", "appear", "to", "have", "take", "the", "threat", "of", "Cyclone", "Phailin", "very", "seriously", "indeed."], "130": ["one", "thing", "that", "I", "should", "say", "...", "be", "that", "like", "all", "research,", "the", "outcome", "of", "what", "we", "be", "do", "be", "highly", "uncertain."], "131": ["okay,", "so", "that", "be", "the", "basis", "on", "which", "then", "shortly", "after", "the", "Soviet", "Union", "collapse."], "132": ["Byron", "fall", "in", "love", "with", "Mary", "Chaworth,", "whom", "he", "meet", "while", "at", "school,", "[6]", "and", "she", "be", "the", "reason", "he", "refuse", "to", "return", "to", "Harrow", "in", "September", "1803."], "133": ["I", "want", "to", "get", "this", "out", "to", "you", "guy", "because", "you", "guy", "have", "be", "ask", "for", "styling", "product", "since", "the", "beginning,", "so", "Ibe", "so", "glad", "to", "finally", "have", "actual", "styling", "product", "that", "I", "can,", "um,", "you", "know,", "present", "to", "you", "guy."], "134": ["it", "be", "a", "transmedia", "system", "in", "the", "sense", "first", "use", "by", "Marsha", "Kinder", "(1991)", "and", "popularize", "by", "Henry", "Jenkins", "(2006),", "in", "which", "media-hopping", "network", "of", "intertextualities", "extend", "the", "''storyworld''", "of", "a", "original", "production."], "135": ["such", "a", "formal", "orientation", "that", "typify", "this", "type", "of", "structural", "equivalence", "be", "call", "a", "\"gloss", "translation\"", "in", "which", "the", "translator", "aim", "at", "reproduce", "as", "literally", "and", "meaningfully", "as", "possible", "the", "form", "and", "content", "of", "the", "original."], "136": ["apparently,", "however,", "Galois", "do", "not", "ignore", "Poisson's", "advice,", "as", "he", "begin", "collect", "all", "he", "mathematical", "manuscript", "while", "still", "in", "prison,", "and", "continue", "polish", "he", "idea", "until", "he", "release", "on", "29", "April", "1832,", "[12]", "after", "which", "he", "be", "somehow", "talk", "into", "a", "duel.", "[8]"], "137": ["itbe", "very", "soft", "stone", "that", "you", "can", "easily", "carve."], "138": ["Padalecki", "have", "a", "uncredited", "role", "as", "a", "high", "school", "bully", "in", "2003's", "comedy", "Cheaper", "by", "the", "Dozen,", "which", "he", "play", "after", "be", "ask", "by", "fellow", "actor", "and", "friend", "Tom", "Welling,", "who", "play", "Charlie", "Baker,", "and", "the", "director", "of", "the", "movie,", "who", "want", "someone", "larger", "than", "Charlie", "to", "pick", "on", "he."], "139": ["in", "particular,", "they", "want", "to", "know", "about", "the", "relationship", "between", "the", "speed", "at", "which", "blood", "flow", "and", "its", "pressure."], "140": ["once", "again,", "the", "first", "and", "fundamental", "question,", "dispute", "in", "fifteen", "sixteen,", "and", "fifteen", "seventeen,", "and", "again", "in", "Heidelberg,", "in", "April", "of", "fifteen", "eighteen,", "with", "which", "Luther", "have", "open", "the", "assault", "on", "scholastic", "theology,", "be", "debate."], "141": ["that", "the", "citizen", "have", "not", "that", "protection", "of", "person", "and", "property", "which", "he", "be", "entitle."], "142": ["and", "it", "show", "what", "we", "can", "achieve,", "what", "more", "we", "can", "discover,", "not", "just", "about", "distant", "place,", "but", "about", "we", "very", "own", "planet", "and", "climate,", "like", "NASA's", "Earth", "System", "Observatory", "that", "we", "launch", "last", "year."], "143": ["the", "House", "do", "its", "job", "and", "do", "so", "with", "the", "solemnity", "require", "when", "undertake", "the", "process", "of", "impeachment,", "which", "we", "do", "not", "seek", "but", "accept", "as", "we", "responsibility", "under", "the", "constitution."], "144": ["the", "reaction", "that", "the", "luminol", "and", "hydrogen", "peroxide", "create", "donot", "last", "long", "at", "all", "--", "maybe", "a", "couple", "of", "minute."], "145": ["many", "arrogant", "people", "have", "a", "false", "charm", "that", "no", "one", "seem", "to", "see", "through."], "146": ["there", "be", "no", "deny", "that", "there", "be", "word", "which", "we", "feel", "instinctively", "to", "be", "adequate", "to", "express", "the", "idea", "they", "stand", "for.''"], "147": ["this", "be", "a", "very", "exciting", "moment", "to", "join", "you", "for", "the", "unveiling", "of", "the", "work", "that", "you", "have", "be", "labor", "on", "for", "decade."], "148": ["the", "technology", "that", "Frank", "and", "he", "colleague", "be", "use", "to", "explore", "the", "ice", "be", "so", "important", "because,", "give", "we", "lack", "of", "data,", "we", "have", "no", "reasonable", "expectation", "of", "what", "it", "should", "be", "like,", "or", "what", "it", "shouldnot", "be", "like."], "149": ["there", "be", "there", "be", "mystery", "in", "this", "house", "that", "Ibe", "not", "even", "aware", "of."], "150": ["one", "of", "Gordon's", "great", "achievement", "be", "secure", "permission", "from", "the", "Tsar", "to", "establish", "the", "first", "Roman", "Catholic", "church", "and", "school", "in", "Muscovy,", "of", "which", "he", "remain", "the", "main", "benefactor,", "and", "head", "the", "Catholic", "community", "in", "Russia", "until", "he", "death."], "151": ["I", "congratulate", "School", "of", "Open", "team", "across", "Africa", "for", "the", "innovative", "and", "transformative", "mode", "of", "teaching", "and", "learn", "that", "we", "be", "launch", "today."], "152": ["she", "would", "cry", "from", "frustration", "when", "the", "older", "child", "could", "do", "something", "that", "she", "couldnot", "\u2014", "like", "tie", "knot,", "or", "catch", "a", "chicken."], "153": ["I", "feel", "like", "two", "year", "be", "kind", "of", "the", "limit", "that", "Ihave", "see", "so", "far."], "154": ["his", "mother", "write,", "\"he", "have", "no", "indisposition", "that", "I", "know", "of", "but", "love,", "desperate", "love,", "the", "worst", "of", "all", "malady", "in", "my", "opinion.", "in", "short,", "the", "boy", "be", "distractedly", "in", "love", "with", "Miss", "Chaworth.\"", "[6]"], "155": ["as", "far", "as", "I", "can", "tell,", "podiobook.com", "feature", "\"free", "as", "in", "beer\"", "content", "\u2014", "material", "which", "you", "can", "download,", "but", "which", "benot", "under", "a", "free", "content", "license."], "156": ["the", "most", "endure", "of", "that", "be", "with", "John", "FitzGibbon,", "2nd", "Earl", "of", "Clare", "\u2014", "four", "year", "Byron's", "junior", "\u2014", "whom", "he", "be", "to", "meet", "unexpectedly", "many", "year", "later", "in", "Italy", "(1821).", "[22]"], "157": ["she", "have", "several", "idea,", "and", "she", "use", "to", "draw", "a", "lot", "in", "the", "sketchbook,", "she", "use", "to", "have", "this", "thick", "sketchbook", "that", "she", "use", "to", "carry", "around", "with", "she", "everywhere,", "where", "shewould", "draw", "this", "different", "character", "and", "whatnot;"], "158": ["we", "start", "from", "the", "widely", "agree", "premise", "that", "test", "the", "reproducibility", "of", "finding", "should", "have", "a", "essential", "role", "in", "the", "testing", "and", "refinement", "of", "theory,", "at", "least", "for", "hypothesis-testing", "epistemology", "that", "seek", "to", "ascertain", "generalizability", "and", "for", "other", "epistemology", "in", "which", "construct", "be", "deem", "to", "be", "definable", "and", "observable."], "159": ["there", "be", "perennial", "basil", "which", "come", "back", "year", "after", "year,", "like", "African", "Blue", "basil", "(which", "have", "pretty", "blue", "vein", "on", "its", "leave)", "and", "thai", "basil,", "while", "most", "other", "variety", "be", "annual,", "which", "youwill", "have", "to", "plant", "year", "after", "year."], "160": ["there", "be", "electronic", "unit", "sell", "that", "emit", "a", "ultrasonic", "beeping", "sound", "that", "rodent", "hate."], "161": ["it", "be", "the", "same", "rich", "green", "that", "one", "see", "on", "forest", "moss", "or", "on", "the", "lichen", "in", "cave:", "plant", "which", "like", "this", "grow", "in", "a", "perpetual", "twilight."], "162": ["as", "discuss", "earlier,", "another", "nondemocratic", "form", "of", "government", "be", "oligarchy,", "in", "which", "a", "handful", "of", "elite", "member", "of", "society,", "often", "that", "who", "belong", "to", "a", "particular", "political", "party,", "hold", "all", "political", "power."], "163": ["uh", "I", "do", "emphasize", "that", "Ibe", "read", "it,", "this", "be", "not", "evidence,", "this", "be", "only", "y-", "you", "story,", "that", "youhave", "tell", "Mr.", "Roberts."], "164": ["the", "magician", "behind", "the", "counter", "be", "wise", "enough", "not", "to", "sell", "it", "to", "I,", "but", "instead", "sell", "I", "two", "book", "which", "I", "still", "own", "today", "-", "\"Scarne", "on", "Card", "trick\"", "and", "\"Scarne", "on", "Magic", "trick\"."], "165": ["instead", "of", "a", "job", "description,", "I", "just", "write", "they", "a", "poem,", "a", "prayer,", "which", "Ibe", "go", "to", "read", "to", "you", "as", "a", "conclusion."], "166": ["he", "have", "effervescent", "tablet", "that", "turn", "the", "canteen", "drinking", "water", "into", "that", "exact", "same", "pink", "mixture", "that", "the", "dentist", "give", "you", "to", "rinse", "you", "mouth", "out", "after", "scrape", "around", "inside,", "and", "guarantee", "to", "make", "the", "other", "kid", "splutter", "and", "spit", "it", "out", "when", "the", "taste", "slowly", "percolate", "through", "and", "meet", "the", "memory", "of", "they", "last", "checkup."], "167": ["she", "be", "eventually", "send", "to", "Rehabilitation", "Project", "Force", "in", "Sydney,", "which", "the", "Church", "describe", "as", "a", "religious", "retreat,", "but", "critic", "charge", "be", "a", "force", "work", "camp."], "168": ["list", "everything,", "big", "and", "small,", "that", "you", "have", "to", "do", "for", "you", "entire", "day;", "break", "big", "activity", "into", "smaller", "bit", "if", "necessary."], "169": ["uh,", "I", "go", "to", "receive", "my", "check,", "of", "which,", "we", "have", "agree", "that", "he", "would", "deduct", "the", "amount", "of", "the", "hourly", "wage,", "that", "he", "be", "\u2014"], "170": ["scientist", "who", "study", "cognition", "be", "search", "for", "way", "to", "understand", "how", "we", "integrate,", "organize,", "and", "utilize", "we", "conscious", "cognitive", "experience", "without", "be", "aware", "of", "all", "of", "the", "unconscious", "work", "that", "we", "brain", "be", "do", "(for", "example,", "Kahneman,", "2011)."], "171": ["the", "expropriation", "of", "YPF", "be", "a", "case", "in", "which", "the", "Argentine", "State", "present", "predatory", "behavior,", "encourage", "by", "a", "extractive", "institutional", "framework."], "172": ["reflection", "allow", "we", "to", "obtain", "the", "list", "of", "class", "and", "method", "of", "the", "SUT,", "so", "the", "user", "can", "decide", "the", "method", "to", "wish", "the", "operator", "will", "be", "apply."], "173": ["the", "rock", "about", "I", "be", "of", "a", "harsh", "reddish", "colour,", "and", "all", "the", "trace", "of", "life", "that", "I", "could", "see", "at", "first", "be", "the", "intensely", "green", "vegetation", "that", "cover", "every", "project", "point", "on", "they", "south-eastern", "face."], "174": ["the", "bunch", "that", "no", "one", "pick", "for", "they", "side", "at", "football", "or", "hockey,", "and", "that", "be", "the", "glue", "that", "hold", "we", "together."], "175": ["and", "this", "be", "a,", "eight-thousand-yard", "job,", "that", "we", "do", "this", "summer."], "176": ["this", "visa,", "which", "be", "really", "little", "more", "than", "a", "piece", "of", "paper", "on", "which", "you", "list", "you", "vital", "statistic,", "cost", "between", "15", "-", "25", "CUC", "(or", "\u20ac", "15", "-", "25),", "depend", "on", "where", "purchase."], "177": ["one", "of", "they", "be", "the", "channel", "that", "NBC", "as", "the", "broadcasting", "rights", "owner", "for", "the", "United", "States", "will", "use", "to", "air", "the", "Paralympic", "Games", "on."], "178": ["so", "this", "first", "product", "that", "Ibe", "go", "to", "show", "you", "guy", "be", "the", "nourish", "by", "Shawnta", "Curl", "Defining", "and", "Soft", "hold", "Styler,", "which", "be", "enrich", "with", "sesame", "seed", "oil", "and", "rise", "essence."], "179": ["you", "know,", "most", "people", "that", "you", "would", "get", "to", "trim", "you", "horse", "do", "it", "all", "the", "time."], "180": ["it", "require", "we", "to,", "employ,", "oh", "five", "or", "six", "crew,", "uh", "Mitchell", "Roberts", "be", "one", "of", "they", "that", "we", "use,", "on", "the", "job."], "181": ["if", "you", "''big", "project''", "be", "something", "that", "cannot", "be", "do", "in", "one", "sitting,", "make", "a", "list", "of", "small", "part", "of", "it", "that", "you", "can", "accomplish", "today."], "182": ["acquire", "human", "behavior\u2014that", "be,", "behavior", "that", "people", "be", "teach\u2014be", "cultural."], "183": ["because", "then", "you", "run", "into", "thing", "that", "we", "already", "know."], "184": ["what", "be", "the", "most", "important", "aspect", "of", "you", "background", "that", "voter", "should", "know", "about?"], "185": ["to", "investigate", "this,", "Daniel", "experiment", "by", "puncture", "the", "wall", "of", "a", "pipe", "with", "a", "small", "open", "ended", "straw", "and", "note", "that", "the", "height", "to", "which", "the", "fluid", "rise", "up", "the", "straw", "be", "related", "to", "fluid's", "pressure", "in", "the", "pipe."], "186": ["and", "what", "be", "the", "verse", "that", "we", "have?"], "187": ["regardless", "of", "method,", "the", "win", "seeker", "win", "30", "point", "for", "he", "or", "she", "team,", "unlike", "the", "book,", "in", "which", "the", "snitch", "be", "worth", "150", "point."], "188": ["we", "have", "wound", "soldier,", "who", "I", "love,", "I", "love", "\u2014", "theybe", "great", "\u2014", "all", "over", "the", "place,", "thousand", "and", "thousand", "of", "wounded", "soldier."], "189": ["the", "large", "of", "the", "trainer,", "this", "addition", "will", "allow", "visitor", "to", "actually", "climb", "aboard", "the", "trainer", "and", "experience", "the", "hand-on", "training", "that", "astronaut", "get."], "190": ["innate", "human", "behavior\u2014that", "be,", "behavior", "that", "people", "be", "bear", "with\u2014be", "biological,", "not", "cultural."], "191": ["but", "therebe", "thing", "that", "I", "donot", "want", "to", "have,", "so", "like", "coffee,", "I", "just", "know", "that", "I", "donot", "want", "that,", "and", "all", "I", "want", "be", "beige:"], "192": ["this", "one", "person", "who", "I", "never", "meet", "take", "a", "picture", "of", "I", "and", "send", "it", "to", "I", "in", "a", "e-mail."], "193": ["after", "he", "lose", "a", "lawsuit", "in", "which", "he", "try", "to", "void", "he", "rice", "contract,", "Norton's", "public", "prominence", "fade."], "194": ["in", "this", "study", "we", "use", "eye-tracking", "in", "the", "first", "stage", "of", "explore", "audience", "experience", "of", "the", "extensive", "Spanish", "art", "collection", "of", "County", "Durham,", "of", "which", "the", "13", "Zurbar\u00e1n", "artwork", "(there", "be", "actually", "only", "12", "Zurbar\u00e1n", "artwork,", "the", "13th", "Benjamin,", "be", "a", "copy", "by", "Arthur", "Pond)", "be", "a", "key", "part", "of,", "to", "investigate", "the", "way", "in", "which", "audience", "look", "at", "Spanish", "art,", "how", "aesthetic", "experience", "be", "evaluate", "and", "whether", "audience", "can", "be", "encourage", "to", "approach", "art", "in", "different", "way."], "195": ["both", "the", "Irving", "Independent", "School", "District", "and", "the", "Irving", "Police", "Department", "have", "assert", "that", "the", "boy's", "religion", "and", "name", "be", "not", "a", "factor", "in", "the", "manner", "in", "which", "they", "approach", "the", "situation."], "196": ["some", "of", "that", "time", "be", "just", "lose", "time", "-", "I", "have", "other", "project", "in", "the", "queue", "that", "I", "need", "to", "finish."], "197": ["second,", "the", "stylistic", "effect", "that", "enjambment", "permit", "be", "also", "a", "object", "of", "current", "research", "(Mart\u00ednez", "Fern\u00e1ndez,", "2010)."], "198": ["a", "mutant", "be", "a", "copy", "of", "the", "system", "in", "which", "a", "change", "have", "be", "do", "that,", "in", "most", "case,", "will", "lead", "to", "a", "behaviour", "different", "than", "expect."], "199": ["the", "government", "of", "the", "Republic", "of", "Albania", "will", "continue", "to", "constantly", "demonstrate", "its", "commitment", "to", "a", "full", "implementation", "of", "the", "standard", "enshrine", "in", "the", "United", "Nations", "and", "Council", "of", "Europe", "convention,", "as", "well", "as", "the", "relevant", "document", "of", "regional", "organization,", "such", "as", "the", "Organization", "for", "Security", "and", "Cooperation", "in", "Europe,", "in", "which", "we", "be", "play", "a", "very", "active", "role."], "200": ["from", "all", "report", "that", "I", "have", "see,", "the", "government", "be", "well", "prepare", "for", "this", "cyclone."], "201": ["so", "I", "could", "not", "come", "out", "with", "a", "cream", "and", "tell", "you", "guy", "just", "-", "\"you", "can", "use", "it", "on", "you", "wash-n-go's\"", "when", "that", "would", "kinda", "go", "against", "all", "that", "Ihave", "always", "say", "on", "my", "channel,", "which", "be", "\"gel", "actually", "be", "what", "make", "you", "wash-n-go", "stay.\""], "202": ["why", "not", "run", "for", "a", "lower", "office", "that", "you", "would", "be", "more", "likely", "to", "win", "and", "effect", "change?"], "203": ["he", "also", "have", "a", "lead", "role", "in", "the", "critically", "acclaimed", "british", "mini-serial", "Dancing", "on", "the", "Edge,", "as", "music", "journalist", "Stanley", "Mitchell,", "for", "which", "he", "earn", "a", "nomination", "for", "best", "actor", "in", "a", "miniseries", "or", "a", "Television", "Film", "at", "the", "Satellite", "Award."], "204": ["the", "shape", "that", "it", "start", "out", "with."], "205": ["39.", "''the", "figure", "which", "excite", "in", "we", "the", "idea", "of", "Beauty,", "seem", "to", "be", "that", "in", "which", "there", "be", "uniformity", "amidst", "Variety''", "(\u00a7", "ii,", "P.", "28)."], "206": ["the", "number", "one", "thing", "that", "we", "do", "on", "we", "trip", "be", "we", "actually", "stay", "a", "night", "in", "Eugene,", "Oregon,", "and", "we", "get", "up", "at", "like", "the", "crack", "of", "dawn", "and", "drive", "to", "Crater", "Lake."], "207": ["there", "be", "just", "too", "many", "possible", "moral", "truth", "and", "too", "many", "way", "in", "which", "evolution", "could", "have", "''push''", "we", "moral", "belief."], "208": ["and", "then", "one", "of", "the", "biggest", "thing", "that", "you", "should", "check", "out", "while", "yoube", "there", "be", "Powell's", "which", "be", "a", "bookstore."], "209": ["so", "the", "first", "thing", "that", "I", "recommend", "you", "do", "in", "Portland", "be", "not", "actually", "in", "Portland", "at", "all."], "210": ["but", "it", "will", "make", "a", "tremendous\u2013take", "a", "tremendous", "step", "toward\u2013or", "to", "stop", "the", "violence,", "stem", "the", "suffering", "and", "start", "to", "build", "a", "healthier,", "better", "relationship", "between", "law", "enforcement", "and", "community", "that", "they", "respect."], "211": ["in", "the", "62nd", "minute", "Kim", "Min-Woo", "concede", "a", "penalty", "which", "the", "match", "referee", "Joel", "Aguilar", "award", "Sweden", "after", "confirm", "with", "the", "video", "assistant", "referee."], "212": ["the", "first", "challenge", "that", "we", "have", "before", "can", "do", "any", "kind", "of", "analysis", "of", "this", "interstellar", "dust", "particle", "be", "simply", "to", "find", "they."], "213": ["Johann", "Bernoulli", "also", "plagiarize", "some", "key", "idea", "from", "Daniel's", "book", "Hydrodynamica", "in", "he", "own", "book", "Hydraulica", "which", "he", "backdate", "to", "before", "Hydrodynamica."], "214": ["Ihave", "get", "a", "ironing", "board,", "all", "of", "my", "suitcase,", "sock,", "clothes", "that", "I", "donot", "wear", "that", "often,", "anything", "that", "I", "need", "for", "fix", "the", "house", "like", "screwdriver,", "drill,", "nail,", "all", "this", "thing", "that", "I", "definitely", "wouldnot", "want", "to", "have", "lay", "out", "in", "my", "room,", "but", "I", "still", "need", "somewhere", "in", "the", "house."], "215": ["although", "no", "one", "know", "what", "happen", "to", "the", "Olmec", "after", "about", "400", "BCE,", "in", "part", "because", "the", "jungle", "reclaim", "many", "of", "they", "city,", "they", "culture", "be", "the", "base", "upon", "which", "the", "Maya", "and", "the", "Aztec", "build."], "216": ["the", "severe", "concern", "underpin", "the", "alleged", "crisis", "have", "several", "dimension", "relate", "to:", "(a)", "the", "(small)", "amount", "of", "publish", "replication", "research;", "(b)", "the", "(poor)", "quality", "of", "replication", "research;", "and", "(c)", "the", "(lack", "of)", "reproducibility,", "which", "refer", "to", "the", "extent", "to", "which", "finding", "can", "(not)", "be", "reproduce", "in", "replication", "attempt", "that", "have", "be", "undertake."], "217": ["over", "here", "on", "the", "wall,", "this", "be", "poster", "that", "I", "actually", "buy", "back", "in", "2013", "in", "my", "first", "year", "of", "university", "in", "Toronto,", "and", "I", "really", "really", "like", "they", "so", "Ihave", "keep", "they", "around."], "218": ["that", "be", "the", "tradition", "of", "honest,", "progressive", "democratic", "government", "that", "Mayor", "Tate", "carry", "on."], "219": ["I", "also", "have", "a", "profile", "they", "fill", "out", "for", "I,", "a", "mini-MMPI", "that", "I", "develop,", "so", "that", "I", "have", "a", "idea", "--", "Rebecca", "and", "I", "put", "it", "together"], "220": ["by", "now", "Ibe", "sure", "yoube", "wonder", "about", "the", "different", "thing", "that", "I", "have", "on", "the", "table", "here,", "but", "first,", "I", "would", "like", "to", "talk", "to", "you", "about", "this", "three", "item."]}