{"0": [[[11], [12, 13]]], "1": [], "2": [], "3": [], "4": [[[7, 8], [19]]], "5": [], "6": [[[3], [12]]], "7": [], "8": [], "9": [], "10": [], "11": [[[0], [2]]], "12": [], "13": [[[3], [18]], [[6], [21]]], "14": [], "15": [[[1], [9], [27]]], "16": [[[4], [9]]], "17": [[[9, 10], [12], [24]], [[15], [19]]], "18": [[[6, 7], [8], [13]], [[21, 22], [29]]], "19": [], "20": [], "21": [[[0, 1], [5], [13]]], "22": [], "23": [], "24": [], "25": [], "26": [], "27": [], "28": [], "29": [[[0], [9]]], "30": [], "31": [[[3], [16], [21]]], "32": [], "33": [], "34": [[[0], [5]]], "35": [], "36": [[[0], [12], [17]]], "37": [], "38": [], "39": [], "40": [], "41": [[[6], [8]]], "42": [], "43": [[[1], [10], [17], [22]]], "44": [], "45": [], "46": [[[30], [34]]], "47": [], "48": [], "49": [[[8], [11]]], "50": [], "51": [], "52": [], "53": [], "54": [], "55": [], "56": [[[0], [8]]], "57": [], "58": [], "59": [[[0, 1], [11], [16], [21]]], "60": [], "61": [[[4, 5, 6, 7, 8, 9, 10, 11, 12, 13, 14], [18]]], "62": [], "63": [[[0, 1, 2, 3], [4], [17]]], "64": [], "65": [], "66": [], "67": [], "68": [[[1, 2], [20]]], "69": [[[9], [14]]], "70": [], "71": [], "72": [], "73": [], "74": [], "75": [[[0, 1], [9]]], "76": [], "77": [], "78": [], "79": [], "80": [], "81": [], "82": [], "83": [[[3, 4], [10]]], "84": [[[2, 3], [8], [11], [18]]], "85": [], "86": [], "87": [], "88": [], "89": [], "90": [[[7], [11]]], "91": [], "92": [[[0], [3], [36]]], "93": [], "94": [], "95": [], "96": [], "97": [[[3], [14], [42]]], "98": [], "99": [], "100": [[[4], [26, 27]]], "101": [[[5, 6], [7]]], "102": [[[21, 22], [31]]], "103": [], "104": [], "105": [[[1], [6]]], "106": [], "107": [[[4, 5], [19]]], "108": [], "109": [[[5, 6, 7, 8, 9], [12]]], "110": [], "111": [[[4], [12]]], "112": [[[7, 8, 9], [17]]], "113": [[[0, 1], [7], [12], [44]], [[15], [23], [35]]], "114": [], "115": [[[9, 10], [14]]], "116": [], "117": [], "118": [], "119": [], "120": [], "121": [], "122": [], "123": [[[1, 2], [5]], [[5, 6], [18]]], "124": [], "125": [[[8, 9, 10, 11, 12], [23]]], "126": [], "127": [[[7], [8]]], "128": [], "129": [], "130": [], "131": [], "132": [[[2], [21]]], "133": [[[7], [9], [15]]], "134": [], "135": [[[11], [15]], [[54, 55], [62]]], "136": [], "137": [], "138": [], "139": [[[17], [24]]], "140": [[[4], [8], [13]]], "141": [], "142": [[[5], [11], [17], [21]]], "143": [], "144": [[[1, 2], [10]]], "145": [], "146": [[[0], [11]]], "147": [[[0, 1, 2, 3], [7], [18]]], "148": [], "149": [[[4], [11], [14], [21], [30], [38]]], "150": [], "151": [], "152": [], "153": [], "154": [], "155": [], "156": [], "157": [[[0, 1, 2, 3], [11]]], "158": [[[1, 2], [6], [15]]], "159": [[[11, 12], [18]]], "160": [], "161": [[[9], [22]]], "162": [], "163": [[[0], [1], [12], [19]]], "164": [], "165": [], "166": [], "167": [[[0, 1], [9]]], "168": [[[0], [9], [48]], [[16, 17, 18, 19], [20], [38]], [[37], [44]]], "169": [], "170": [], "171": [], "172": [], "173": [], "174": [[[15], [20], [28]]], "175": [[[1], [4], [21], [32], [40]], [[9], [15], [24], [35]]], "176": [], "177": [], "178": [[[16], [23]]], "179": [], "180": [[[3, 4, 5, 6, 7, 8], [11]], [[4], [13]]], "181": [[[11, 12], [15]]], "182": [], "183": [], "184": [], "185": [[[0], [1], [5]]], "186": [], "187": [[[0, 1], [5]]], "188": [[[18], [20]]], "189": [[[0], [2], [9]]], "190": [], "191": [], "192": [[[2], [16]]], "193": [[[21], [24]]], "194": [], "195": [], "196": [[[0, 1, 2], [9]]], "197": [], "198": [], "199": [[[0, 1, 2, 3, 4, 5, 6, 7, 8, 9, 10, 11, 12, 13, 14, 15], [29]]], "200": [], "201": [], "202": [], "203": [], "204": [], "205": [], "206": [[[14, 15], [21]]], "207": [[[0], [5], [11]]], "208": [], "209": [], "210": [[[4, 5, 6, 7, 8, 9, 10, 11, 12], [13]]], "211": [], "212": [], "213": [], "214": [], "215": [], "216": [], "217": [], "218": [[[2, 3, 4, 5, 6, 7, 8, 9, 10, 11], [12]]], "219": [[[42], [46]]], "220": [], "221": [], "222": [[[1], [19]]], "223": [], "224": [], "225": [], "226": [], "227": [], "228": [], "229": [], "230": [], "231": [], "232": [], "233": [], "234": [], "235": [[[5], [12], [18], [30]]], "236": [], "237": [[[6, 7], [25]], [[34], [37]]], "238": [[[2, 3, 4, 5, 6, 7, 8, 9, 10, 11, 12, 13], [36]]], "239": [], "240": [], "241": [], "242": [], "243": [], "244": [], "245": [], "246": [], "247": [], "248": [[[29], [36]]], "249": [], "250": [], "251": [], "252": [[[22, 23, 24], [29]]], "253": [[[0, 1, 2, 3], [19], [19, 20]]], "254": [], "255": [], "256": [[[0], [24]]], "257": [], "258": [[[12, 13, 14, 15, 16, 17], [19]]], "259": [[[0], [11]]], "260": [[[8, 9, 10, 11, 12, 13], [16]]], "261": [], "262": [], "263": [], "264": [[[3], [8]]], "265": [], "266": [], "267": [], "268": [[[9], [14]]], "269": [], "270": [], "271": [[[19], [22]]], "272": [[[5], [21]]], "273": [], "274": [[[4, 5], [25], [31]]], "275": [[[12], [17]]], "276": [], "277": [[[4, 5], [9], [20]]], "278": [[[1, 2, 3, 4, 5, 6, 7, 8, 9, 10, 11], [12]]], "279": [], "280": [[[24], [31]]], "281": [], "282": []}