{"0": ["the", "reason", "Ibe", "take", "it", "like", "this", "early", "be", "because", "I", "have", "my", "mad", "school", "class", "at", "two", "to", "four", "thirty,", "so", "we", "have", "three", "hour", "45", "minute", "to", "take", "it."], "1": ["and", "also,", "Ibe", "very", "proud", "to", "say", "that", "I", "have", "actually", "go", "back", "to", "therapy,", "which", "be", "something", "that", "I", "havenot", "do", "since", "\u2014", "I", "mean", "the", "last", "time", "I", "be", "in", "therapy,", "almost", "I", "be", "like", "20."], "2": ["a", "second", "aspect", "be", "the", "part", "or", "hour", "of", "the", "day", "the", "Paralympics", "will", "be", "show."], "3": ["although", "I", "be", "sure", "that", "be", "there", "would", "enhance", "my", "understanding", "of", "the", "animal", "and", "the", "system", "in", "which", "they", "live,", "and", "would", "help", "I", "formulate", "more", "and", "better", "question", "about", "the", "anemone,", "ship", "time", "be", "expensive,", "especially", "in", "Antarctica,", "and", "if", "there", "be", "biologist", "whose", "contribution", "be", "predicate", "on", "be", "there,", "they", "should", "have", "priority", "to", "be", "there."], "4": ["the", "actual", "author", "be", "Johann", "Valentin", "Andreae,", "whose", "name", "donot", "appear", "on", "the", "book", "originally,", "thus", "ensure", "the", "confusion."], "5": ["the", "city", "maintain", "several", "tourist", "information", "office,", "all", "of", "which", "can", "offer", "helpful", "information", "on", "accommodation,", "free", "map,", "and", "bus", "connection."], "6": ["so", "the", "first", "couple", "day", "we", "be", "in", "Portland,", "we", "go", "hike", "in", "Forest", "Park", "which", "you", "can", "get", "to", "by", "public", "transit", "in", "the", "city."], "7": ["this", "be", "not", "the", "first", "time", "deadly", "stampede", "have", "take", "place", "during", "the", "hajj,", "with", "the", "deadly", "stampede", "during", "the", "1991", "hajj,", "in", "which", "1426", "pilgrim", "be", "trample."], "8": ["basil", "come", "in", "many", "different", "variety,", "each", "of", "which", "have", "a", "unique", "flavor", "and", "smell."], "9": ["Mohamed", "bring", "the", "digital", "clock", "he", "make", "to", "school", "on", "September", "14,", "and", "a", "teacher", "mistakenly", "think", "it", "resemble", "a", "bomb."], "10": ["in", "fact", "the", "variation", "in", "form", "in", "unrelated", "language", "across", "the", "globe", "be", "about", "the", "same", "as", "the", "variation", "we", "find", "in", "the", "way", "any", "regular", "word", "(e.g.,", "dog)", "be", "pronounce", "across", "dialect", "of", "English."], "11": ["since", "the", "fall", "of", "communism", "in", "Poland,", "\u0141\u00f3d\u017a", "have", "not", "enjoy", "the", "rapid", "economic", "growth", "city", "like", "Krak\u00f3w,", "Warsaw", "and", "Wroc\u0142aw", "have", "experience,", "and", "have", "have", "to", "endure", "the", "fall", "of", "much", "of", "its", "textile", "industry,", "rise", "unemployment", "and", "emigration", "(within", "Poland", "and", "abroad)."], "12": ["all", "of", "a", "sudden", "a", "terrible", "wind", "blow", "up,", "so", "strong", "that", "I", "think", "the", "hill", "my", "little", "house", "be", "build", "on", "would", "be", "blow", "apart", "-", "but", "Ihave", "see", "the", "Devil", "do", "thing", "as", "bad", "as", "this", "before", "(the", "Devil", "have", "often", "try", "to", "harm", "I),", "so", "I", "take", "heart", "and", "go", "on", "meditate."], "13": ["Jenna's", "mother", "be", "unemployed", "at", "the", "time", "that", "Jenna's", "first", "video", "go", "viral,", "and", "be", "concerned", "that", "they", "content", "might", "put", "off", "potential", "employer.", "[7]"], "14": ["I", "be", "back", "in", "Philadelphia", "to", "express", "my", "thanks", "for", "that", "support", "and", "also", "to", "express", "appreciation", "for", "the", "help", "we", "receive", "from", "that", "Democrats", "in", "this", "city", "and", "State,", "and", "to", "report", "to", "you", "on", "the", "progress", "that", "this", "country", "have", "make", "on", "the", "goal", "that", "be", "outline", "3", "year", "ago."], "15": ["this", "pilot", "project", "primarily", "investigate", "how", "participant", "visually", "explore", "artwork", "and", "provide", "new", "insight", "into", "the", "potential", "eye-tracking", "have", "to", "transform", "the", "way", "we", "understand", "visual", "processing", "in", "art", "and", "culture", "and", "at", "the", "same", "time", "offer", "a", "direct", "way", "of", "study", "several", "important", "factor", "of", "a", "museum", "visit,", "namely", "to", "assess", "the", "effect", "of", "label", "characteristic", "on", "visitor", "visual", "behaviour."], "16": ["as", "to", "he", "opponent", "in", "the", "duel,", "Alexandre", "Dumas", "name", "Pescheux", "d'Herbinville,", "[13]", "who", "be", "actually", "one", "of", "the", "nineteen", "artillery", "officer", "whose", "acquittal", "be", "celebrate", "at", "the", "banquet", "that", "occasion", "Galois's", "first", "arrest.", "[20]"], "17": ["this", "be", "a", "piece", "that", "the", "Times", "only", "quote", "one", "stanza,", "but", "itbe", "about", "preparation", "for", "a", "battle,", "and", "be", "prepare", "to", "either", "rise", "to", "the", "occasion,", "or", "go", "down:"], "18": ["there", "Jerome", "learn", "Latin", "and", "at", "least", "some", "Greek,", "[11]", "though", "probably", "not", "the", "familiarity", "with", "Greek", "literature", "he", "would", "later", "claim", "to", "have", "acquire", "as", "a", "schoolboy.", "[12]"], "19": ["Byron", "fall", "in", "love", "with", "Mary", "Chaworth,", "whom", "he", "meet", "while", "at", "school,", "[6]", "and", "she", "be", "the", "reason", "he", "refuse", "to", "return", "to", "Harrow", "in", "September", "1803."], "20": ["many", "southwest", "asian", "kingdom,", "such", "as", "Saudi", "Arabia,", "Qatar,", "and", "the", "United", "Arab", "Emirates,", "have", "absolute", "monarch", "whose", "power", "be", "unrestricted."], "21": ["and", "the", "m-", "\u2014", "the", "reason", "they", "be", "show", "we", "this", "at", "college,", "be", "just,", "to", "get", "we,", "to", "know", "if", "we", "trimmer,", "and", "shoer", "be", "do", "it", "right,", "and", "\u2014", "plus", "the", "knowledge", "of", "know", "the", "bone", "and", "ligament."], "22": ["you", "know", "what", "I", "think,", "I", "think", "the", "first", "time", "that", "it", "do", "the", "card", "mode,", "it", "take", "a", "long", "time."], "23": ["Wilkins", "say,\"", "[Warhol]", "like", "the", "way", "photo", "booth", "and", "the", "Polaroid's", "front", "flash", "look\"."], "24": ["we", "can", "go", "place", "no", "one", "have", "ever", "go", "before."], "25": ["cite", "privacy", "rule,", "U.S.", "official", "have", "not", "say", "why", "the", "team", "be", "initially", "deny", "visa,", "but", "afghan", "Ambassador", "Hamdullah", "Mohib", "say", "there", "be", "concern", "they", "would", "attempt", "to", "remain", "in", "the", "United", "States", "or", "in", "Canada", "after", "the", "contest."], "26": ["you", "can", "make", "other", "noise", "if", "you", "prefer,", "such", "as", "a", "bird", "caw", "or", "a", "explosion", "sound", "every", "time", "a", "button", "be", "push."], "27": ["a", "third", "important", "factor", "be", "the", "way", "the", "event", "will", "be", "mediate:", "will", "NBC", "have", "its", "best", "sport", "broadcaster", "follow", "the", "event", "after", "have", "work", "the", "Winter", "Olympic?"], "28": ["the", "hope", "she", "speak", "about\u2014the", "strong", "and", "happy", "hope\u2014", "the", "hope", "we", "feel", "today,", "be", "a", "hope,", "of", "course,", "that", "be", "temper", "by", "reality."], "29": ["despite", "how", "much", "human", "have", "in", "common,", "cultural", "difference", "be", "far", "more", "prevalent", "than", "cultural", "universal."], "30": ["he", "make", "the", "common", "error", "of", "identify", "maturity", "with", "worth,", "and", "assume", "that", "the", "love", "he", "have", "for", "she", "as", "a", "young", "child", "must", "have", "be", "lack", "in", "strength", "and", "depth."], "31": ["make", "sure", "that", "it", "be", "a", "language", "that", "while", "speak,", "you", "donot", "get", "a", "literal", "knot", "in", "you", "tongue!"], "32": ["in", "he", "observation", "of", "pin", "factory,", "Smith", "notice", "that", "one", "worker", "alone", "might", "make", "20", "pin", "in", "a", "day,", "but", "that", "a", "small", "business", "of", "10", "worker", "(some", "of", "whom", "would", "need", "to", "complete", "two", "or", "three", "of", "the", "18", "task", "involve", "with", "pin-making),", "could", "make", "48,000", "pin", "in", "a", "day."], "33": ["Cornyn's", "statement", "add,", "\"there", "be", "no", "question", "Houston", "should", "have", "be", "select", "as", "a", "final", "home", "for", "one", "of", "the", "orbiter", "\u2014", "even", "administrator", "Bolden", "state", "as", "much."]}