{"0": [[0], [1], [2], [3, 4], [5], [6], [7], [8], [9], [10], [11], [12], [13], [14], [15], [16], [17], [18], [19, 20], [21], [22], [23], [24, 25, 26, 27], [28], [29], [30]], "1": [[0], [1], [2], [3], [4], [5], [6], [7], [8], [9], [10], [11, 12], [13], [14], [15], [16], [17], [18], [19], [20], [21], [22], [23], [24], [25], [26], [27], [28], [29], [30], [31], [32], [33], [34], [35], [36], [37]], "2": [[0], [1], [2], [3], [4], [5], [6], [7], [8], [9], [10], [11], [12], [13], [14], [15]], "3": [[0], [1], [2, 3], [4], [5, 6], [7], [8], [9], [10], [11], [12], [13], [14], [15], [16], [17], [18], [19], [20], [21], [22], [23], [24], [25], [26], [27], [28], [29], [30], [31], [32], [33], [34], [35], [36], [37], [38], [39], [40], [41], [42], [43], [44], [45], [46], [47], [48], [49], [50], [51], [52], [53], [54], [55], [56], [57], [58]], "4": [[0], [1], [2], [3], [4, 5, 6], [7], [8], [9], [10], [11], [12], [13], [14], [15], [16], [17], [18]], "5": [[0], [1], [2], [3], [4], [5], [6], [7, 8], [9], [10], [11], [12], [13], [14], [15], [16], [17], [18], [19], [20]], "6": [[0], [1], [2], [3, 4], [5], [6], [7], [8], [9], [10], [11], [12], [13, 14], [15], [16], [17], [18, 19], [20], [21], [22], [23], [24], [25]], "7": [[0], [1], [2], [3], [4], [5], [6], [7], [8], [9], [10], [11], [12], [13], [14], [15], [16], [17], [18], [19], [20], [21], [22], [23], [24], [25], [26], [27]], "8": [[0], [1, 2], [3], [4], [5], [6], [7], [8], [9], [10], [11], [12], [13], [14]], "9": [[0], [1], [2], [3], [4], [5], [6], [7], [8], [9], [10, 11], [12], [13], [14], [15], [16], [17], [18], [19], [20]], "10": [[0, 1], [2], [3], [4], [5], [6], [7], [8], [9], [10], [11], [12], [13], [14], [15], [16], [17], [18], [19], [20], [21, 22, 23], [24], [25], [26], [27], [28], [29], [30], [31], [32], [33], [34]], "11": [[0], [1], [2], [3], [4], [5], [6], [7], [8], [9], [10], [11], [12], [13], [14], [15], [16], [17], [18], [19], [20], [21], [22], [23], [24], [25, 26], [27], [28], [29], [30], [31], [32], [33], [34], [35], [36], [37], [38], [39], [40], [41], [42], [43]], "12": [[0, 1], [2], [3], [4], [5], [6], [7], [8], [9], [10], [11], [12], [13], [14], [15], [16], [17], [18], [19], [20], [21], [22], [23], [24], [25], [26], [27], [28], [29], [30], [31], [32], [33], [34], [35], [36], [37], [38], [39], [40], [41], [42], [43], [44], [45], [46], [47], [48], [49], [50], [51], [52, 53], [54]], "13": [[0], [1], [2], [3], [4], [5], [6], [7], [8], [9], [10], [11], [12], [13], [14], [15], [16], [17], [18], [19], [20, 21], [22], [23], [24]], "14": [[0], [1], [2], [3], [4], [5], [6], [7], [8], [9], [10], [11], [12], [13], [14], [15], [16], [17], [18], [19], [20], [21], [22], [23], [24], [25], [26], [27], [28], [29], [30], [31], [32], [33], [34], [35], [36], [37], [38], [39], [40], [41], [42], [43], [44], [45], [46], [47], [48], [49, 50], [51]], "15": [[0], [1], [2], [3], [4], [5], [6], [7], [8], [9], [10], [11], [12], [13], [14], [15], [16], [17], [18, 19], [20], [21], [22], [23], [24], [25], [26], [27], [28], [29], [30], [31], [32], [33], [34], [35], [36], [37], [38], [39], [40], [41], [42], [43], [44], [45], [46], [47], [48], [49], [50], [51], [52], [53], [54], [55], [56], [57], [58], [59], [60]], "16": [[0, 1], [2], [3], [4], [5], [6], [7, 8], [9], [10, 11], [12], [13], [14], [15], [16], [17], [18], [19], [20], [21], [22], [23], [24], [25], [26], [27], [28], [29], [30], [31], [32], [33], [34]], "17": [[0], [1], [2], [3], [4], [5], [6], [7], [8], [9], [10], [11], [12], [13], [14], [15], [16], [17], [18], [19], [20], [21], [22], [23], [24], [25], [26], [27], [28], [29]], "18": [[0], [1], [2], [3], [4], [5, 6], [7], [8], [9], [10], [11], [12], [13], [14], [15], [16], [17], [18], [19], [20], [21], [22], [23], [24], [25], [26], [27], [28]], "19": [[0], [1, 2, 3], [4], [5, 6], [7], [8], [9], [10], [11], [12], [13], [14], [15], [16], [17], [18], [19], [20], [21], [22], [23], [24], [25], [26, 27]], "20": [[0], [1], [2], [3], [4, 5], [6, 7], [8], [9], [10], [11, 12, 13], [14], [15], [16], [17], [18], [19], [20]], "21": [[0], [1], [2], [3], [4], [5], [6], [7], [8], [9], [10], [11], [12], [13], [14], [15], [16], [17], [18], [19], [20], [21], [22], [23], [24], [25], [26, 27], [28], [29], [30], [31], [32], [33], [34], [35], [36], [37], [38], [39]], "22": [[0], [1], [2], [3], [4], [5], [6], [7], [8], [9], [10], [11], [12], [13], [14], [15], [16], [17], [18], [19], [20]], "23": [[0], [1], [2], [3], [4], [5], [6], [7], [8], [9], [10], [11], [12], [13]], "24": [[0], [1], [2], [3], [4, 5], [6], [7], [8], [9]], "25": [[0], [1], [2], [3], [4], [5], [6], [7], [8], [9], [10], [11], [12], [13], [14], [15], [16], [17], [18, 19], [20], [21], [22], [23], [24], [25], [26], [27], [28], [29], [30], [31, 32], [33], [34], [35], [36], [37], [38]], "26": [[0], [1], [2], [3], [4], [5], [6], [7], [8, 9], [10], [11], [12], [13], [14], [15], [16], [17], [18], [19], [20], [21], [22]], "27": [[0], [1], [2], [3], [4], [5], [6], [7], [8], [9], [10], [11], [12], [13], [14], [15], [16], [17], [18], [19], [20], [21], [22], [23], [24], [25], [26, 27]], "28": [[0], [1], [2], [3], [4], [5], [6], [7], [8], [9], [10], [11], [12], [13], [14], [15], [16], [17], [18], [19], [20], [21], [22], [23]], "29": [[0], [1, 2], [3], [4], [5], [6], [7], [8], [9], [10], [11], [12], [13], [14], [15]], "30": [[0], [1], [2], [3], [4], [5], [6], [7], [8], [9], [10], [11], [12], [13], [14], [15], [16], [17], [18], [19], [20], [21], [22], [23], [24], [25], [26], [27], [28], [29], [30]], "31": [[0, 1], [2], [3], [4], [5], [6], [7], [8], [9], [10], [11], [12], [13], [14], [15], [16], [17], [18]], "32": [[0], [1], [2], [3], [4], [5], [6], [7], [8], [9], [10], [11], [12], [13], [14], [15], [16], [17], [18], [19], [20], [21], [22], [23], [24], [25], [26], [27], [28], [29], [30], [31], [32], [33], [34], [35], [36], [37], [38], [39], [40], [41], [42], [43], [44], [45], [46], [47], [48], [49], [50]], "33": [[0], [1], [2], [3], [4], [5], [6], [7], [8], [9], [10], [11], [12], [13], [14], [15], [16], [17], [18], [19], [20], [21], [22], [23], [24], [25], [26], [27]]}