{"0": [], "1": [[[0], [8]], [[18, 19], [25], [35]]], "2": [[[1], [7]]], "3": [[[5], [18]]], "4": [], "5": [], "6": [[[1], [4]]], "7": [], "8": [[[10, 11], [13]], [[10, 11, 12, 13, 14], [20]]], "9": [[[0, 1, 2, 3, 4, 5, 6, 7, 8, 9, 10, 11, 12, 13, 14, 15, 16, 17, 18, 19, 20, 21], [23]]], "10": [], "11": [[[9, 10, 11], [27], [34]]], "12": [], "13": [[[19], [52]]], "14": [[[1], [19]]], "15": [], "16": [[[26, 27], [40, 41]]], "17": [[[3, 4], [7], [23], [33]]], "18": [], "19": [], "20": [[[1], [12], [21]]], "21": [], "22": [[[11], [17]]], "23": [[[23], [29]]], "24": [], "25": [], "26": [[[2], [4], [11], [13]]], "27": [], "28": [], "29": [[[5], [9]]], "30": [], "31": [], "32": [], "33": [], "34": [[[7, 8], [26, 27]]], "35": [[[4], [17]], [[38], [49]]], "36": [], "37": [[[14], [19]]], "38": [], "39": [[[0], [13], [17], [22], [24]]], "40": [[[4], [10]]], "41": [], "42": [[[4, 5], [9], [15]]], "43": [[[10, 11], [20]]], "44": [], "45": [], "46": [], "47": [], "48": [[[9], [13]]], "49": [[[1], [8]]], "50": [], "51": [], "52": [[[0, 1, 2, 3, 4, 5, 6, 7], [14], [23]]], "53": [], "54": [[[0, 1], [16]]], "55": [[[8], [24]]], "56": [], "57": [], "58": [[[16, 17, 18, 19, 20], [22]]], "59": [], "60": [], "61": [], "62": [[[0], [10]]], "63": [[[15], [23]]], "64": [], "65": [[[10], [44]]], "66": [], "67": [], "68": [], "69": [], "70": [[[11], [18]]], "71": [], "72": [], "73": [], "74": [], "75": [], "76": [], "77": [], "78": [], "79": [], "80": [], "81": [], "82": [[[5], [8]]], "83": [[[2, 3], [18]], [[28, 29, 30], [36]]], "84": [[[29], [31], [36], [45]]], "85": [[[1, 2, 3, 4, 5], [18], [26]]], "86": [], "87": [], "88": [], "89": [[[4], [9]]], "90": [], "91": [[[0], [27]]], "92": [[[0], [13]]], "93": [[[7], [23, 24]]], "94": [[[2], [13], [15], [39]]], "95": [[[0], [21]]], "96": [[[16], [28]]], "97": [], "98": [[[11], [16], [20]]], "99": [], "100": [], "101": [[[28], [31]]], "102": [[[23], [52]]], "103": [], "104": [], "105": [], "106": [], "107": [], "108": [[[1], [4], [8], [40]], [[22], [28]]], "109": [], "110": [], "111": [], "112": [[[0], [10], [16]], [[32], [35]]], "113": [], "114": [], "115": [], "116": [], "117": [], "118": [], "119": [], "120": [[[19], [23], [26]]], "121": [[[7], [25, 26], [36]]], "122": [], "123": [], "124": [], "125": [], "126": [], "127": [], "128": [], "129": [], "130": [], "131": [], "132": [[[0], [8], [19]], [[5], [15]]], "133": [[[7, 8], [10, 11]]], "134": [], "135": [], "136": [[[6], [9], [13], [23], [26], [35]]], "137": [], "138": [[[0], [18]]], "139": [], "140": [], "141": [[[2], [12]]], "142": [[[4], [9], [19], [31]]], "143": [[[0, 1], [3]], [[19], [26]]], "144": [], "145": [], "146": [], "147": [], "148": [[[3], [5]], [[18], [22]]], "149": [], "150": [[[24], [37]]], "151": [], "152": [[[0], [13]]], "153": [], "154": [], "155": [], "156": [[[7], [20]]], "157": [[[0], [5], [14], [22], [28]]], "158": [], "159": [[[14], [20]]], "160": [], "161": [], "162": [], "163": [], "164": [[[0, 1, 2, 3, 4], [11]]], "165": [], "166": [[[23, 24], [40]], [[35, 36], [53]]], "167": [], "168": [], "169": [[[13], [23]]], "170": [[[11], [16]]], "171": [], "172": [], "173": [], "174": [], "175": [], "176": [], "177": [], "178": [], "179": [], "180": [[[16], [18]]], "181": [], "182": [], "183": [], "184": [], "185": [[[13, 14, 15, 16, 17], [30]]], "186": [], "187": [[[2], [10], [12]]], "188": [], "189": [], "190": [], "191": [], "192": [[[8, 9, 10, 11], [14]], [[11], [16]]], "193": [[[1], [7], [11]]], "194": [], "195": [[[0, 1, 2, 3, 4, 5, 6, 7, 8, 9, 10], [28]]], "196": [], "197": [], "198": [], "199": [[[0, 1, 2, 3, 4, 5, 6], [12]]], "200": [], "201": [[[7, 8], [18]]], "202": [], "203": [[[0], [23]]], "204": [], "205": [], "206": [[[5], [8], [11], [20]]], "207": [], "208": [], "209": [[[10], [15]]], "210": [[[26, 27, 28, 29], [31]]], "211": [], "212": [], "213": [[[0, 1], [12], [17]]], "214": [], "215": [[[21], [23]]], "216": [], "217": [[[5], [28], [32]]], "218": [], "219": [], "220": []}