{"0": [[[28], [33]]], "1": [[[0], [14]]], "2": [], "3": [], "4": [], "5": [], "6": [[[19, 20, 21, 22, 23, 24, 25], [28]]], "7": [], "8": [], "9": [], "10": [], "11": [], "12": [], "13": [[[3], [9], [13]]], "14": [[[20], [22]]], "15": [[[6, 7, 8, 9, 10, 11, 12, 13, 14, 15, 16, 17, 18, 19, 20, 21, 22, 23, 24, 25, 26, 27, 28, 29, 30, 31, 32, 33, 34, 35, 36, 37, 38, 39, 40, 41], [14]]], "16": [[[0], [6]]], "17": [], "18": [[[8, 9, 10, 11], [15]]], "19": [[[9], [13]]], "20": [], "21": [[[3, 4, 5, 6, 7, 8, 9, 10, 11, 12, 13, 14, 15, 16, 17, 18, 19, 20, 21, 22, 23, 24, 25, 26, 27, 28, 29, 30, 31, 32, 33, 34, 35, 36, 37, 38, 39, 40, 41, 42, 43, 44, 45, 46, 47, 48, 49, 50, 51, 52, 53, 54, 55, 56, 57, 58, 59, 60, 61, 62, 63, 64], [10]], [[29, 30, 31, 32, 33, 34, 35, 36], [40], [59]]], "22": [[[8], [14]]], "23": [[[9, 10, 11], [24]]], "24": [], "25": [], "26": [], "27": [], "28": [[[5, 6], [12]]], "29": [], "30": [], "31": [[[0], [10], [16]], [[32], [35]]], "32": [[[5], [16], [28], [32]]], "33": [], "34": [[[33, 34, 35, 36, 37], [52]]], "35": [], "36": [[[12], [18], [20]]], "37": [], "38": [], "39": [], "40": [], "41": [], "42": [], "43": [], "44": [], "45": [], "46": [], "47": [[[1, 2], [4], [10]]], "48": [], "49": [[[18, 19, 20], [38]]], "50": [], "51": [], "52": [[[2, 3, 4, 5], [10]]], "53": [[[6], [13]]], "54": [[[12], [22]]], "55": [], "56": [], "57": [], "58": [[[3], [6]], [[9], [26]]], "59": [], "60": [[[4], [16]]], "61": [[[0], [8]]], "62": [[[5, 6, 7, 8], [11]]], "63": [[[29], [36]]], "64": [[[8, 9], [31]]], "65": [], "66": [[[9], [18]]], "67": []}