{"0": ["DT", "VBP", "DT", "NNS", "VBP", "VBN", ",", "RB", "PRP", "VBD", "DT", ",", "DT", ",", "DT", "."], "1": ["VB", "DT", "JJ", "NN", "IN", "NNS", "PRP", "MD", "VB", "IN", "DT", "JJ", "NN", "IN", "PRP$", "JJ", "."], "2": ["DT", "VBP", "RB", "IN", "DT", "JJ", "NN", "IN", ",", "RB", "PRP", "VBP", "TO", "VB", "DT", "JJ", "NN", "DT", "NNS", "VBP", "."], "3": ["VBP", "VBG", "IN", "POS", "NN", "RB", "TO", "RB", "VB", "PDT", "DT", "NN", "PRP", "VBP", "TO", "VB", "IN", "DT", ",", "RB", "."], "4": ["DT", "JJ", "JJ", "NN", "NNS", "WDT", "DT", "VBG", "NN", "VBZ", "DT", "JJ", "NN", "VBG", "TO", ",", "IN", "JJ", "IN", "PRP", "VBP", "RB", "JJ", "CC", "DT", "NN", "VBN", "IN", "NN", "NN", "IN", "JJ", "."], "5": ["VB", "JJ", "VBZ", "DT", "NN", "PRP$", "NN", "MD", "VB", "JJ", "IN", "CC", "NN", "VBP", "RB", "JJ", "TO", "VB", ".", "-RSB-"], "6": [",", ",", "DT", "PRP", "VBD", ":", "PRP", "RB", "VB", ",", "IN", "DT", "PRP", "VBD", ",", "PRP", "VBD", "IN", "RB", "CC", "VBD", "DT", "NN", "."], "7": ["PRP", "VBP", "VBZ", "DT", "NN", "PRP", "VBD", "IN", "."], "8": ["NNS", "MD", "VB"], "9": ["PRP", "VBD", "DT", "NNS", "PRP", "VBD", "IN", "DT", "NNS", "IN", "WP", "VBD", "VBN", "VBN", "IN", "JJ", "NNS", "IN", "DT", "."], "10": ["PRP", "VBP", "TO", "VB", "PRP", "DT", "NN", "IN", "IN", "PRP", "VBD", "DT", "JJ", "NN", "PRP", "VBD", "."], "11": ["NNP", "VBD", "PRP", "IN", "DT", "RBS", "JJ", "NN", "PRP", "RB", "."], "12": ["CC", "RB", "PRP", "VBP", "IN", "VBZ", "DT", "NN", "VBN", "TO", ",", "VB", ",", "RB", ",", "CC", "VBP", "RB", "VBN", "VBG", "DT", "JJ", "NN", "IN", "DT", "NN", "PRP", "."], "13": ["IN", "POS", "NN", "PRP", "MD", "VB", "PRP$", "NN", "VB", ",", "VB", ",", "CC", ",", "IN", "DT", "JJ", "NN", "PRP", "MD", ",", "PRP", "VBD", "TO", "."], "14": ["RB", "DT", "JJ", "NN", "PRP", "MD", "VB", "."], "15": ["WRB", "NNP", "VBD", "DT", "NNP", "NNP", "NNP", "IN", ",", "PRP", "VBD", "JJ", "TO", "VB", "DT", "NNS", "VBN", "IN", "DT", "POS", "NN", "CC", "VB", "DT", "NN", "IN", "NNS", "PRP", "MD", "VB", "RB", "VBN", "RB", "DT", "JJ", "NNS", "."], "16": ["PRP", "MD", "VB", "VBN", ",", "DT", "NN", "PRP", "VBD", "PRP", "IN", "DT", "NN", "."], "17": ["NNS", "CC", "NNS", "MD", "VB", "VBN", "IN", "NN", "IN", "DT", "NN", "RB", "PRP", "MD", "VB", "PRP", ",", "CC", "VB", "PRP", "IN", "DT", "JJ", "NN", "PRP", "VBZ", "IN", "."], "18": ["RB", "IN", "PRP", "VBP", "IN", "DT", "JJ", ",", "PRP", "RB", "VB", "JJ", ",", "PRP", "RB", "VB", "JJ", "NN", ",", "CC", "DT", "NN", "RB", "VB", "DT", "NN", "IN", "NN", "NN", "PRP", "VBZ", "IN", "JJ", "CC", "JJ", "NN", "IN", "DT", ",", "RB", "MD", "RB", "VB", "NNS", "VBG", "NN", "IN", ",", "NN", ",", "NN", "NNS", "CC", "JJ", "JJ", "''", "NNP", "NNP", "."], "19": ["PRP", "VBD", "CD", "IN", "DT", "JJS", "NNP", "NNPS", "VBP", "VBN", "."], "20": ["WRB", "VBD", "DT", "JJ", "NN", "PRP", "VBD", "DT", "NNP", "IN", "."], "21": ["DT", "NNS", "VBD", "IN", "WRB", "PRP", "VBP", "JJ", "TO", "VB", "DT", ",", "DT", "PRP", "VBP", "VBZ", "DT", "NN", ",", "DT", "NN", "NN", "VBZ", "NN", "IN", "NN", "."], "22": ["IN", "PDT", "DT", "NNS", "PRP", "VBP", "VBN", "IN", "PRP$", "JJ", ",", "PRP", "VBP", "RB", "VBN", "TO", "VB", "WP", "VBD", "JJS", "IN", "DT", "."], "23": ["NN", "VBZ", "NN", "WDT", "PRP", "VBP", "DT", "NNS", ",", "CC", "DT", "NNS", "WDT", "VBP", "TO", "VB", "VBN", "TO", "VB", "NN", "''"], "24": ["RB", "RB", "PRP", "VBD", "IN", "POS", "NN", "MD", "RB", "VB", "DT", "NN", "PRP", "."], "25": ["CC", "WRB", "PRP", "VBD", "IN", "DT", "NN", "VBD", "CC", "DT", "JJ", "NN", "NN", "IN", "DT", "JJ", "NN", "WP$", "JJ", "NN", "RB", "VBN", "IN", "DT", "JJ", "NN", "CC", "WP$", "JJ", "NNS", "MD", "VB", "DT", "JJ", "NN", "NNS", ",", "PRP", "VBD", "CC", "VBD", "IN", "DT", "JJ", "NN", "VB", "IN", "DT", ",", "CC", "IN", "DT", "JJ", "NNS", "VB", "IN", "PRP", "IN", "DT", "NN", "IN", "IN", "DT", "VBG", "CC", "JJ", "JJ", "."], "26": ["VB", "VBG", "JJ", "VB", "NNS", "IN", "WRB", "TO", "VB", "DT", "NN", "PRP", "MD", "."], "27": ["IN", ",", "NNS", "VBP", "VBN", "IN", "NNS", "IN", "DT", "NNS", "PRP", "."], "28": ["IN", "DT", "NN", "PRP", "VBP", "IN", "DT", ",", ",", "VBZ", "."], "29": ["PRP", "RB", "VBD", "IN", "PRP$", "NN", "DT", "NN", "IN", "PRP", "VBD", "IN", "DT", "NN", "IN", "PRP", "VBD", "DT", "JJ", "NN", ",", "CC", "DT", "VBP", "VBN", "RB", "DT", "JJS", "NN", "NNS", "VBP", "RB", "."], "30": ["DT", "VBZ", "DT", "JJ", "NN", "PRP", "VBP", "VBN", "IN", "PRP", "IN", "DT", ",", "WRB", "RB", "JJ", "NNS", "VBP", "VBN", "VBN", "WDT", "VBD", "DT", "NN", "IN", "DT", "."], "31": [",", "DT", "NN", "PRP", "VBZ", "CC", "DT", "NNS", "IN", "RB", "VBG", "DT", "NN", "MD", "VB", "IN", "PRP$", ",", ",", "CC", "RB", "PRP$", "JJ", "."], "32": ["PRP", "MD", "RB", "VB", "PDT", "DT", "NNS", "IN", "PRP", "VBP", "DT", "NN", "PRP", "VBP", "VBG", "RP", "."], "33": ["NN", ":", "IN", "PRP", "VBP", "RB", "VBN", "IN", "DT", "NN", "WP$", "NN", ",", "VB", "IN", "NN", "IN", "DT", "PRP$", "NNS", "MD", "VB", "VBN", "CC", ",", "CC", "PRP", "MD", "VB", "JJ", "TO", "VB", "CC", "VB", "NN", "IN", "PRP$", "NN", "VBZ", "CC", "VBZ", "PRP", "."], "34": ["PRP", "VBD", "IN", "PRP", "VBD", "PRP", "RB", "IN", "VBG", "IN", ",", "DT", "NN", "PRP", "MD", "RB", "MD", "DT", "NN", "IN", "."], "35": [",", ",", "DT", "RBS", "JJ", "NNS", "VBP", "RB", "."], "36": ["PRP", "VBD", "IN", "DT", "NN", "IN", "DT", ",", "VBG", "IN", "DT", "NN", "PRP", "VBD", "VBN", "TO", "VB", "PRP$", "JJ", "NNP", "NNP", "JJ", "NN", "."], "37": [",", "DT", "JJ", "NN", "IN", "NN", "VBZ", "DT", "NN", "PRP", "."], "38": ["PRP", "MD", "VB", "NNS", "DT", "NN", "VBZ", "RB", "VBN", "."], "39": ["IN", "NNS", "WP$", "NN", "VBZ", ",", "EX", "VBZ", "DT", "VBG", "NN", "IN", "JJ", "NNS", "JJ", "IN", "NNP", "NNP", "CC", "JJ", "."], "40": ["DT", "NN", "PRP", "VBD", ",", "JJ", "NNS", "CC", "DT", "JJ", "NN", "NN", ",", "DT", "NN", ",", "VBD", "RB", "VBN", "IN", "DT", "."], "41": ["CC", "DT", ",", "CC", "DT", "NN", "PRP", ",", "PRP", "VBP", "PRP", "."], "42": ["WP", "VBP", "PRP$", "NNS", "IN", "DT", "NN", "NNP", "NNP", "VBZ", "VBN", "IN", "."], "43": ["IN", "NNS", "VBP", "TO", "VB", "DT", "JJ", "NNS", "IN", ",", "PRP", "MD", "VB", "WDT", "NNS", "IN", "NN", "PRP", "MD", "VB", "TO", "VB", "PRP$", "NN", "IN", "NNS", "IN", "NN", "IN", "JJ", "."], "44": ["VB", "RP", "DT", "NN", "IN", "NN", "PRP", "VBP", ",", "IN", "JJ", "IN", "VBZ", "."], "45": ["DT", "NN", "WP$", "JJ", "NNS", "MD", "IN", "JJ", "NNS", "TO", "VB", "VB", "IN", "DT", "NN", "IN", "DT", "VBN", "."], "46": ["RB", "PRP", "VBD", "DT", "JJ", "JJ", "''", "PRP", "VBD", "RB", ",", "DT", "JJ", "NN", "CC", "NN", "WP", "VBD", "VBN", "NNP", "IN", "PRP$", ",", "WP", "VBD", "CD", "NNS", "IN", "NN", "IN", "PRP$", ",", "VBN", "IN", "PRP$", "NNS", "IN", ",", "CC", "VBD", "DT", "NNS", "IN", ",", "VBG", "NNS", "IN", "DT", "."], "47": ["CC", "PRP", "RB", "VBP", "WRB", "VBZ", "JJ", "IN", "VBG", "IN", "RB", "PRP", "VBP", "IN", "VBZ", "NN", "JJ", "PRP", "MD", "VB", ",", "RB", "PRP", "MD", "RB", "RB", "RB", "VB", "RB", "CC", "."], "48": ["DT", "VBZ", "DT", "NN", "NNPS", "VBD", "IN", "NNP", "."], "49": ["IN", "DT", ",", "NNS", "VBP", "DT", "NN", "IN", "PRP$", ",", "IN", "PRP$", "JJ", "JJ", "NNS", "IN", "DT", "VBG", "NNS", "IN", "DT", "NN", "NNS", "."], "50": ["CC", "PRP", "VBP", "DT", "HYPH", "NN", "PRP", "VBD", ",", ",", ",", "PRP", "VBD", "VBN", "DT", "."], "51": ["NNP", "NNP", "NNP", "CC", "PRP", "VBP", "RB", "IN", "PRP$", "JJ", "NN", "IN", "NN", "PRP", "DT", "."], "52": ["DT", "NN", "PRP", "VBD", "IN", ",", "NNP", ",", "VBD", "DT", "NN", "IN", "NN", "IN", "DT", "VBN", "NN", "NN", "VBN", "IN", "IN", "DT", "NNP", "NNP", "VBN", "NN", "."], "53": ["IN", "PRP$", "NN", "CC", "PRP$", ",", "PRP$", ",", "DT", "NN", "IN", "NN", "NN", "PRP", "VBP", "IN", "JJ", "NNS", "IN", "IN", "IN", "PRP$", ",", "PRP$", "NN", "."], "54": ["JJ", "NN", "NN", "NN", "VBZ", "VBN", "DT", "NN", "TO", "VB", "DT", "NNS", "PRP", "VBP", "JJ", "NN", "IN", "DT", "NNS", "VB", "IN", "NN", "NNP", ":", "NNP", "FW", ",", "-RRB-", "CC", "IN", "DT", "JJ", "NN", "VBZ", "DT", "JJ", "NN", "IN", "VBG", "JJ", "JJ", "NNS", "IN", "DT", "NN", "NN", "NNP", "NNP", "FW", ",", ":", "NNP", "CC", "NNP", ":", "NNP", "."], "55": ["NN", "VBD", "IN", "DT", "NNS", "CC", "NNS", "VBG", "IN", "DT", "NNS", "CC", ",", "VBG", "DT", ",", "VBG", "RP", "DT", "WDT", "RB", "VBN", "JJ", "CC", "VBG", "IN", "DT", "NNS", "IN", "DT", "JJ", "NN", "IN", "VBG", "DT", "NN", "CC", "VBG", "IN", "DT", "NNS", "PRP", "VBD", "VBG", ",", "DT", "JJ", "NN", "VBN", "IN", "JJ", "NN", "CC", "JJ", "NN", ",", ",", "VBG", "IN", "DT", "NN", "."], "56": ["PRP", "VBZ", "DT", "NN", "WP$", "NN", "VBZ", "IN", "PRP$", "JJ", ":", "IN", "DT", "NN", "MD", "RB", "VB", "JJ", "IN", "DT", "NN", "TO", "VB", "."], "57": ["DT", ",", "DT", "NN", "PRP", "RB", ",", "VBZ", "VBG", "IN", "DT", "JJ", "."], "58": ["JJ", "NNS", "RB", "VBP", "VBG", "NNS", "IN", "NN", "IN", "VBG", ",", "JJ", "NN", "CC", "NN", "IN", "JJ", "NNS", "IN", "DT", "JJS", "NNS", "NNS", "VBP", "JJ", "."], "59": ["NNP", ",", "DT", "JJ", "NN", "IN", ",", ",", "VBD", "VBN", "IN", "PRP$", "NN", "IN", "NNS", "IN", "PRP", "VBD", "DT", "JJ", "NN", "PRP", "VBD", "VBN", "IN", "."], "60": ["CC", "JJ", "NNS", "VBP", "VBN", "DT", "JJ", "NNS", "WDT", "NN", ",", "NN", "NNS", "VBD", "IN", "DT", "NN", "IN", "PRP$", ".", "-RSB-"], "61": ["PRP", "VBP", "TO", "VB", "PRP$", ",", "JJ", "NN", ",", "CC", "JJ", "NN", "CC", "NN", "NNS", "IN", "DT", "NN", "PRP", "VBP", "VBG", "TO", "VB", "DT", "."], "62": ["IN", "NN", "DT", "NN", "IN", "NN", "IN", "JJ", "NNS", "IN", "DT", "NN", "VBZ", "IN", "DT", "JJ", "IN", "DT", "NN", "PRP", "VBP", "IN", "DT", "NN", "DT", "JJ", "NN", ",", "-RRB-", "VBZ", "VBN", "IN", "NNS", "IN", "."], "63": ["PRP", "RB", ",", ",", "PRP", ",", "PRP", "MD", ",", "RB", "PRP", ",", ",", "DT", "IN", "DT", "NNS", "PRP", "."], "64": ["UH", "CC", ",", "PRP", "RB", "VBP", "TO", "VB", "VBG", "NNS", "WDT", "PRP", "RB", "VB", "DT", "NN", "IN", "CC", "PRP", "VBD", "NN", "VB", "PRP", "IN", "DT", "NN", "IN", "DT", "."], "65": ["NNP", "VBZ", "DT", "NN", "NN", "CC", "DT", "NN", ",", "RB", "IN", "DT", "NN", "IN", "NNS", "PRP", "VBP", "IN", "NN", "CC", "."], "66": ["WRB", "VBD", "DT", "JJ", "NN", "NN", "VBD", "PRP", ",", "PRP", ",", "NNP", "IN", "DT", "NN", "."], "67": ["DT", "IN", ",", "PRP", "VBP", "DT", "VBZ", "DT", "JJ", "NN", "TO", "VB", "NNS", "NN", "IN", "DT", "NN", "IN", ",", "CC", "PRP", "MD", "VB", "TO", "VB", "IN", "IN", "DT", "NN", "TO", "VB", "IN", "WDT", "NN", "DT", "NNS", "MD", "VB", "DT", "."], "68": ["IN", ",", "NNS", "VBD", "RB", "CD", "NN", "NNS", "WP$", "NN", ",", "CC", "DT", "NNP", "NNP", "RB", "VBD", "CD", "JJR", "IN", "PRP", "VBD", "VBN", "VBG", "IN", "DT", "NN", "IN", ",", "."], "69": ["PRP", "MD", "VB", "VBN", "TO", "VB", "RP", "IN", "DT", ",", "WP", "DT", "JJ", "NN", "PRP", "MD", "VB", ",", "CC", "PRP$", "NN", "RB", "VBD", "PRP", "TO", "VB", "."], "70": ["DT", "JJS", "NN", "VBP", "VBN", "VBZ", "WRB", "NNP", ",", "JJ", ",", "VBD", "PRP", "IN", "NN", "."], "71": ["DT", "NNP", "NNP", "IN", "NNP", "NNP", "VBZ", "DT", "NN", "VBP", "VBN", "TO", "VB", "DT", "NN", "IN", "DT", "."], "72": ["IN", "PRP", "VBZ", "JJ", "CC", "RB", "VBZ", "DT", "NN", "PRP", "VBP", "IN", "DT", "NNS", "TO", "."], "73": ["IN", ",", "PRP", "VBP", "VBG", "DT", "JJ", "NN", "IN", "JJ", "NN", "IN", "DT", ",", "DT", "NNS", "IN", "WDT", "DT", "NN", "MD", "RB", "."], "74": ["CC", "VBD", "PRP$", "NN", "VBN", "IN", ",", "IN", "WRB", "PRP", "VBD", "PRP$", "NNS", "PRP", "VBD", "IN", "DT", "NNS", "VBD", "VBN", "RB", ",", "VBG", "JJ", "IN", "DT", "JJ", "NN", "WP$", "NN", "PRP", "VBD", "VBN", "."], "75": ["JJ", "NNS", "RB", "VBD", "DT", "NNS", "IN", "DT", "NNS", "PRP", "VBD", "IN", "JJ", "NNS", "WP", "VBD", "IN", "NN", "IN", "JJ", ",", ",", ",", "CC", "JJ", "JJ", "."], "76": ["DT", "PRP", "VBP", "TO", "VB", "VBZ", "VB", "PRP$", "JJ", "NN", "IN", "NN", "NNS", "IN", "DT", "NN", "CC", "NN", "IN", "NN", "CC", "VB", "IN", "PRP", "TO", "."], "77": ["NN", "PRP", "VBP", "TO", "VB", "IN", "NN", "MD", "VB", "VBN", "IN", "VBG", "JJ", ",", "CC", "RB", "NNP", "."], "78": ["IN", "NNS", "IN", "JJ", "NNS", "IN", "DT", "NN", "NN", "PRP", "VBP", "PRP$", ",", "DT", "JJ", "NN", "VBZ", "."], "79": ["DT", "NN", "DT", "NN", "VBZ", "DT", "JJ", ",", "VB", "''", "RB", "."], "80": ["VB", "RP", "CC", "VB", "NN", "PRP", "RB", "VB", "TO", "VB", "IN", "PRP$", "JJ", "."], "81": ["IN", "DT", "NNS", "PRP", "VBP", "VBN", "IN", "NNP", "CC", "JJ", ",", "PRP", "VBP", "VBN", "IN", "IN", "IN", "DT", "NNP", ",", "PRP", "MD", "RB", "VB", "DT", "NN", "IN", "DT", "NNP", "WDT", "PRP", "MD", "VB", "JJ", "TO", "VB", "DT", "RB", "JJ", "NNS", "CC", "VB", "RP", "DT", "NNS", "IN", "DT", "NN", "IN", "DT", "NN", "DT", "NNS", "IN", "DT", "NN", "MD", "."], "82": ["NNP", "VBZ", "DT", "JJ", "NN", "WP$", "NN", "IN", "JJ", "NNS", "VBZ", "VBN", "VBG", "RB", "IN", "DT", "JJ", "."], "83": ["CC", "PRP", ",", "PRP$", ",", "IN", "DT", "RB", "JJ", "NN", "PRP", "VBD", ",", "PRP", ",", "PRP", "VBG", "DT", "VBZ", "DT", "NN", "IN", "."], "84": ["IN", ",", "JJ", "NNS", "NNP", "VBD", "VBD", "RP", "PRP$", "NNS", "IN", "PRP", "VBD", "IN", "DT", "NN", "CC", "VBD", "PRP$", "JJ", "NN", "NNS", "TO", "VB", "CD", "JJR", "NN", "IN", "DT", "NN", ",", "DT", "NN", "IN", "DT", "."], "85": ["VBD", "VBN", "PRP$", ",", "VBG", "DT", "JJ", "NN", "IN", "JJ", "IN", "PRP$", "NN", "CC", "VBG", "IN", "DT", "IN", "DT", "JJ", "NNS", "DT", "NNP", "IN", "NNP", "VBD", "VBN", "IN", "."], "86": ["IN", "PRP", "VBP", "IN", "DT", ",", "VBZ", "PDT", "DT", "NNS", "MD", "VB", "IN", "DT", "NNS", "IN", "NNS", ",", "CC", "JJR", "IN", ",", "VBZ", "DT", "NN", "IN", "JJ", "NN", "IN", "."], "87": ["PDT", "DT", "NNS", "PRP", "VBD", "RB", "VBN", "VBD", "."], "88": ["DT", "NNS", "PRP", "VBP", "VBP", "."], "89": ["NNS", "MD", "VB"], "90": ["PRP", "VBZ", "TO", "VB", "WRB", "CC", "WRB", "PRP", "VBP", "DT", "NN", "PRP", "VBP", "IN", "VBG", "DT", "NNS", "IN", "JJ", ",", ",", ",", ",", "CC", "NN", ",", "IN", "NN", "IN", "JJ", "JJ", "."], "91": ["DT", "NN", "VBN", "IN", "PRP$", "NN", "TO", "VB", "NN", "VBZ", "DT", "NN", "IN", "NNS", "IN", "DT", "NNS", "PRP", "VBP", "."], "92": ["NNP", "VBZ", "IN", "PRP$", "NN", "NN", "IN", "DT", "NN", "IN", "DT", ",", "VBG", "PDT", "DT", "NN", ",", "VBG", "JJR", "CC", ",", "CC", "IN", "DT", "NN", "PRP", "VBP", "IN", "DT", ",", "VBZ", "VBN", "DT", "JJ", "NN", "IN", "PRP$", "."], "93": ["VBZ", "PRP", "JJ", "NNS", "PRP", "."], "94": ["DT", "CD", "NNP", "NNP", "VBD", "DT", "NNS", "DT", "NNP", "VBD", "IN", "DT", "NNS", "IN", "DT", "NNP", "."], "95": ["DT", "NN", "PRP", "VBP", "IN", "DT", "NN", "PRP", "VBP", "."], "96": ["PRP", "VBD", "IN", "DT", "NN", "IN", "PRP$", "NN", "NN", "IN", "DT", ",", "VBG", "IN", "DT", "JJ", "NN", "IN", "DT", "NN", "PRP", "VBD", "VBN", "."], "97": ["DT", "NNS", "IN", "PRP$", "JJ", "NN", "CD", "SYM", "-RRB-", "VBD", "RB", "RB", "VBN", "IN", "PRP$", "NN", "VBG", "IN", "DT", "NN", "NN", "CC", "JJR", "NN", "IN", "DT", "NN", "IN", ",", "CC", "RB", "IN", "DT", "NN", "IN", "NNP", ",", "DT", "NN", ",", "WP$", "NNS", "PRP", "VBD", "RB", "."], "98": ["WRB", "PRP", "VBD", ",", "PRP", "VBD", "IN", "DT", "NN", "NN", "VBD", "DT", "NN", "TO", "VB", "DT", "TO", "VB", "DT", "NN", "RB", "."], "99": ["VB", "DT", "VBN", "IN", "PRP$", "JJ", "NN", "CC", "DT", "NNS", "VBP", "VBG", "."], "100": ["PRP", "VBP", "RB", "IN", "NNP", "TO", "VB", "PRP$", "NN", "IN", "DT", "NN", "CC", "RB", "TO", "VB", "NN", "IN", "DT", "NN", "PRP", "VBD", "IN", "DT", "NNPS", "IN", "DT", "NN", "CC", ",", "CC", "TO", "VB", "IN", "PRP", "IN", "DT", "NN", "IN", "DT", "NN", "VBZ", "VBN", "IN", "DT", "NNS", "WDT", "VBD", "VBN", "CD", "NNS", "."], "101": ["VBN", "DT", "NN", "IN", "NN", "DT", ",", "PRP", "VBZ", "JJ", "TO", "VB", "IN", "DT", "NN", "NN", "PRP", "VBZ", "DT", "NN", "IN", "DT", "NN", "NN", "IN", "DT", "JJ", "."], "102": ["PRP", "RB", "VBD", "RB", "CC", "VBD", "PRP", "DT", "JJ", "NN", "WDT", "PRP", "RB", "RB", ",", "DT", "VBD", "VBN", "VBD", "VB", ":", "PRP", "RB", "VBN", "TO", "VB", "DT", "JJ", "NN", "WP", "VBD", "PRP$", "."], "103": [",", "CC", "VBP", "VBN", "TO", "VB", "PRP", "DT", "NN", "PRP", "VBP", "DT", "."], "104": ["PRP", "RB", "VBD", "DT", "NNS", "IN", "NNS", "PRP", "VBD", "VBG", "NNP", "VBD", "."], "105": ["VBG", ",", "PRP", "MD", "VB", "IN", "PRP", "VBD", "VBN", "VBN", "IN", "DT", "JJ", "NNS", "VBD", "VBN", "CC", "VBN", "RB", "IN", "DT", "JJ", "."], "106": [",", "DT", "JJ", "NN", "IN", "NNS", "VBZ", "DT", "NN", "PRP", "."], "107": ["PRP", "MD", "VB", "DT", "JJ", "NNS", "CC", "VB", "TO", "VB", "DT", "RB", "JJS", "NN", "IN", "DT", "JJ", "NN", "NN", "PRP", "VBD", "IN", "RB", "JJ", "DT", "NNS", "VBN", "RB", "TO", "VB", "VBG", "DT", "RB", "RB", "NNP", "."], "108": ["CC", "DT", "NN", "PRP", "VBP", "NNP", ",", "DT", "JJ", "NN", "DT", "NN", "VBZ", "RP", "IN", "DT", ",", "PRP", "VBP", "."], "109": ["CD", "NN", "NNP", "VBD", "IN", "DT", "JJ", "NN", "NN", ",", "CC", "IN", "PRP", "VBD", "DT", "NN", "IN", "DT", "NN", "IN", "DT", "NN", "PRP", "VBD", "TO", "VB", "."], "110": ["PRP", "RB", "VB", "DT", "NNS", "CC", "VBN", "NNS", "PRP", "RB", "."], "111": ["IN", "DT", "JJ", ",", "PRP", "VBD", "DT", "JJ", "NNS", "IN", "DT", "NN", "PRP", "VBD", "VBN", "VBG", "IN", "NN", "CC", "VBD", "DT", "NN", "IN", "DT", "NN", "VBN", "IN", "DT", "NNP", "CC", "JJ", "."], "112": ["PRP", "VBP", "NN", "VBZ", "NNP", "POS", ",", "RB", "NN", ",", "VBZ", "DT", "NN", "PRP", "MD", "VB", "IN", "PRP", "VBD", "PDT", "DT", ",", "NNP", "."], "113": ["DT", "NNS", "VBP", "RB", "VBN", "IN", "VBG", "PRP$", "JJ", "NN", "RB", "IN", "PRP$", ",", "VBG", "PRP", "IN", "DT", "NN", "IN", "NNP", "CC", "VBG", "PRP", "IN", "NNS", "IN", "VBG", "IN", "DT", "JJ", "JJ", ",", "CC", "VBG", "PRP$", "JJ", "NNS", "RB", "IN", "VBG", "DT", "NN", "NNS", "PRP", "VBD", "VBN", "."], "114": ["DT", "NN", "NN", "RB", "VBD", "WRB", "NNS", "RB", "VBP", "NNS", "CC", "VBZ", "JJ", "NNS", "IN", "DT", "JJ", "NN", "VBZ", "TO", "VB", "DT", "NNS", "PRP", "VBP", "JJ", "NN", "IN", "NNS", "CC", "NN", "CC", "IN", "DT", "JJ", "NN", "VB", "DT", "JJ", "NN", "IN", "VBG", "JJ", "JJ", "NNS", "IN", "DT", "NN", ",", "RB", "TO", "VB", "DT", "NNS", "IN", "NN", "NNS", "IN", "NN", "JJ", "."], "115": ["IN", ",", "NNP", "NNP", "NNP", ",", "WP", "VBD", "DT", "VBN", "NNS", "VBD", "VBN", "IN", "PRP$", "JJ", "JJ", ",", "VBN", "CC", "VBN", "DT", "NN", "PRP", "MD", "."], "116": ["IN", "DT", "NN", "PRP", "VBP", "TO", "VB", "DT", "NN", "IN", "DT", ",", ",", "DT", "NNS", "VBP", "PRP", "VBP", "VBG", "TO", "VB", "IN", "PRP", "VBP", "PRP", "RB", "."], "117": ["PRP", "VBD", "DT", "NN", "WDT", "PRP", "VBP", "VBD", "RB", "VBN", "RB", "IN", "RBR", "."], "118": ["VBZ", "DT", "PRP", "."], "119": ["IN", "PRP", "NNS", ",", "VBZ", "DT", "PRP", "VBP", "IN", "IN", "PRP$", "NN", "JJS", "IN", "DT", "."], "120": ["VB", "DT", "VBN", "NNS", "CC", "NNS", "VB", "NNS", "MD", "VB", "NN", "."], "121": ["DT", "NNP", "MD", "VB", "DT", "NNS", "PRP$", "NN", "VBZ", "NN", "IN", "CC", "IN", ",", "RB", "IN", "JJ", "NNS", "CC", "IN", "NN", "CC", "IN", "."], "122": ["PRP", "VBP", "DT", "NN", "PRP", "VBD", "."], "123": ["CC", "DT", "NN", "MD", "VB", "PRP$", ",", "TO", "VB", "RB", "VB", "DT", "NN", "IN", "WDT", "NN", "PRP", "VBP", "PRP", "."], "124": [",", "PRP", "VBD", "VBZ", "DT", "JJS", "NN", "PRP", "."], "125": ["NNP", ",", "IN", "DT", "NNP", "IN", ",", "VBZ", "DT", "JJ", "NNS", "JJ", "NNS", "VBP", "VBN", "IN", "NN", "TO", "VB", "DT", "JJ", "NN", "NN", "PRP", "."], "126": ["IN", "DT", "JJ", "NN", "IN", "VBG", "DT", "NN", ",", "PRP", "VBD", "DT", "JJ", "NNS", "VBN", "RB", "IN", "DT", "NN", "IN", ",", "CC", "PRP", "VBD", "JJ", "NNS", "DT", "NN", "MD", "VB", "IN", "DT", "."], "127": ["NNS", "VBP", "DT", "NN", "NN", "IN", "DT", "NN", "PRP", "VBZ", "."], "128": ["IN", "DT", ",", "PRP", "VBP", "RB", "JJ", "TO", "VB", "DT", "NNP", "NNP", "NN", "WP$", "NN", "VBZ", "TO", "VB", "DT", "JJ", "NNP", "HYPH", "VBN", "JJ", "."], "129": ["DT", "JJ", "NN", "PRP", "VBP", "VBZ", "JJ", "NNS", "VBG", "IN", "DT", "NNS", "VBP", "VBG", "RB", "TO", "VB", "DT", "NNS", "."], "130": ["VBG", "IN", "RB", "CD", "NNP", "IN", "CD", "NN", "IN", "WP", "VBZ", "RB", ",", ",", ",", "CC", ",", "DT", "NNP", "VBD", "DT", "NN", "CC", "VBN", "NN", "DT", "NNP", "VBD", "."], "131": ["RB", "PRP", "VBP", "JJ", "NNS", "IN", "NN", "CC", "NN", "IN", "RB", "PDT", "DT", "NN", "PRP", "VBD", "IN", "NN", "VBP", "RB", "VBN", "IN", "NN", "CC", "IN", "NN", "IN", "WRB", "PRP", "VBP", "PRP", "MD", "VB", "DT", "JJ", ",", "CC", "PRP", "MD", "RB", "VB", "NNS", "IN", "."], "132": ["PRP", "VBZ", "PRP$", "NN", "IN", "DT", "JJ", "NNS", "VBP", "DT", "JJ", "CC", "JJ", "NN", "IN", "NNS", "IN", "DT", "JJ", "JJ", "NNS", "PRP", "VBP", "RB", "."], "133": ["IN", "DT", "NNS", "IN", ",", "WP$", "NNS", "PRP", ",", "PRP", "VBP", "DT", "NN", "TO", "VB", "PRP", "IN", "NN", "CC", "NN", "IN", "DT", "JJ", "."], "134": ["WP", "VBP", "PRP$", "NNS", "IN", "DT", "NN", "NNP", "NNP", "VBZ", "VBN", "IN", "NNP", "IN", "."], "135": ["PRP", "VBP", "DT", "JJ", "NN", "IN", "NN", "NNP", "POS", ",", "CC", "PRP", "RB", "VB", "IN", "PRP$", ",", "NNP", ",", "VBZ", "DT", "JJ", "JJ", "NN", "TO", "VB", ",", "IN", "NNP", ",", "VBN", "IN", "NNP", "VBD", "VBN", "IN", "DT", "NNP", "IN", "CD", "JJ", ",", "VBZ", "RB", "DT", "JJ", "NNP", "NNP", "NNP", "VBZ", "RB", ",", "CC", "IN", "NNP", "NNP", "VBZ", "DT", "JJ", "JJ", "NN", "IN", "PRP$", ",", "VBN", "IN", "NN", "IN", "DT", "NN", "IN", "NNP", "NNP", "RB", "VBN", "IN", "DT", ",", ",", "NNS", ",", "VBD", "DT", "NN", "IN", "DT", "JJ", "CC", "JJ", "NNS", "IN", "."], "136": ["IN", "PRP", "VBP", "TO", "VB", "PRP", "DT", "NN", ",", "VB", "RB", "RB", "IN", "NN", "IN", "DT", "NN", "WRB", "DT", "NN", "VBZ", "RP", "IN", "DT", "NNS", "PRP", ".", "-RSB-"], "137": ["JJ", "JJ", "NNS", "RB", "VBZ", "PRP", "DT", "NN", "IN", "VBN", ",", "WDT", "MD", "RB", "VB", "NN", "IN", "DT", "NNS", "PRP", ",", "CC", "VB", "JJ", "PRP", "VBP", "."], "138": ["WP", "VBD", "RP", "IN", "DT", "NNS", "PRP$", "NNS", "VBD", "PRP", "TO", "."], "139": ["IN", ",", "NNP", "VBZ", "PRP$", ",", "NNS", "IN", "POS", ",", "NNS", "IN", "NN", ",", "NN", "TO", "VB", "PRP$", ",", "CC", "DT", "JJ", "NNP", "NN", "PRP", "JJS", "."], "140": ["CC", "DT", "JJ", "NN", "PRP", "VBD", "PRP$", "NN", "PRP", "VBD", "IN", "NNP", "IN", "PRP$", "NN", "NNS", "VBN", "CC", "VBD", "RP", "IN", "DT", "."], "141": ["DT", "VBZ", "IN", "DT", "JJS", "NN", "PRP", "MD", "VB", "."], "142": ["DT", "NN", "VBZ", "RB", "IN", "PRP", "RB", "IN", "DT", "NN", "CC", "PRP", "VBP", "TO", "VB", "RB", "IN", "PRP", "VBP", "DT", "NNS", "PRP", "VBP", "RB", "RB", "."], "143": ["DT", "NNS", "VBP", "VBN", "VBP", "DT", "JJ", "NN", "IN", "VBG", "NN", "NNS", "CC", "VBG", "JJ", "NN", "IN", "NNP", "CC", "JJ", "''"], "144": ["CC", "DT", "NN", "RB", "VBZ", "WDT", "NN", "NN", "PRP", "VBP", "PRP", "."], "145": ["LS", "VB", "DT", "NN", "IN", "NN", "PRP", "VBP", "TO", "."], "146": ["NN", "VBZ", "NNS", "IN", ",", "CC", "PRP", "VBP", "RB", "JJ", "IN", "PRP", "VBP", "WRB", "JJ", "VBZ", "IN", "DT", "NNPS", "IN", "DT", "NNP", "CC", "DT", "NNPS", "IN", "DT", "NNP", "WP", "MD", "VB", "DT", "JJ", "NN", "IN", "WDT", "NN", "IN", "NNS", "DT", "NNP", "MD", "."], "147": ["POS", ",", "NNP", ",", "WRB", "VBN", "IN", "PRP", "VBD", "DT", "NN", "IN", "DT", ",", "VBD", "IN", "NNP", "VBD", "PRP", "IN", "DT", "NN", "IN", "DT", "VBN", "NN", "CC", "DT", "VBN", ",", "DT", "IN", "WP", "VBD", "DT", "''"], "148": ["RB", "PRP", "VBD", "VB", "DT", ",", "DT", "JJ", "NN", "PRP", "VBD", "VBG", "IN", "IN", "IN", ",", "WRB", "PRP", "VBP", "DT", "RB", "JJ", "NN", "IN", "PRP$", "."], "149": ["WDT", "DT", ",", "IN", "NNS", "VBP", "IN", "DT", "NN", "IN", "WP", "PRP", "VBP", ",", "PRP", "MD", "VB", "RBR", "JJ", "IN", "IN", "PRP", "VBP", "DT", "NN", "IN", ",", "DT", "IN", "WDT", "PRP", "VBP", "JJ", "IN", "CC", "DT", "IN", "WDT", "PRP", "VBP", "."], "150": ["UH", "CD", "IN", "DT", "JJ", "NNS", "PRP", "VBD", "VBD", "TO", "VB", "RP", "IN", "DT", "NN", "IN", "RB", "VBG", "NNP", "IN", "DT", "."], "151": ["IN", "DT", "NN", "PRP", "VBD", "RB", "RB", "IN", "NNP", "VBD", "DT", "NN", "PRP", "VBD", "RB", "VB", "TO", ",", "IN", "DT", "JJ", "NN", "CC", "DT", "RB", "JJR", "."], "152": ["PRP", "VBZ", "DT", "JJ", "JJ", "NN", "WDT", "NNP", "VBZ", "."], "153": ["DT", "PRP", "VBP", "VBZ", "PRP$", "NN", "RB", "PRP", "MD", "VB", "DT", "."], "154": ["VB", "PRP$", "NN", "IN", "VBG", "DT", "NNS", "PRP", "RB", "VBP", ",", "RB", "DT", "NNS", "PRP", "VBP", "JJ", "TO", "VB", "IN", "DT", "JJ", "."], "155": ["DT", "NNS", "VBP", "DT", "VBN", "NN", "IN", "VBG", "JJ", "NN", "NNS", "IN", "NNS", "IN", "PRP$", ",", "IN", "DT", "NN", "VBP", "VBG", "IN", "DT", "NN", "CC", "DT", "JJ", "NN", "PRP", "VBD", "DT", "JJ", "."], "156": ["DT", "NNS", "PRP", "VBP", "MD", "VB", ",", "IN", "DT", "CD", "NN", "VBN", "RP", "TO", "VB", "DT", "JJR", "."], "157": ["DT", "NNS", "PRP", "VBP", "VBP", "JJ", "IN", "NNS", "IN", "NNS", "CC", "PRP", "VBP", "RB", "VBN", "IN", "NN", "DT", "NN", "IN", "NN", "."], "158": ["IN", "JJ", ",", "DT", "JJ", "NN", "PRP", "VBP", "JJ", "TO", "VB", "VBZ", ",", "RB", "IN", "PRP", "VBP", "IN", "NN", "IN", ",", "CC", "RB", "VBP", "RB", "VB", "WRB", "TO", "."], "159": ["DT", "NN", "VBZ", "TO", "VB", "NN", "IN", "DT", "NN", "PRP", "VBP", "DT", "NN", "VBP", "VBN", "TO", "VB", "WP", "PRP", "."], "160": ["PRP$", "JJ", "NN", "IN", "VBG", "DT", "NN", "VBD", "DT", "NN", "PRP", "VBD", "TO", "VB", "VBN", "."], "161": ["CC", "IN", "NN", "IN", "DT", "RB", "JJ", ",", "DT", "NNP", "VBD", "VBN", "RB", "IN", "RB", "CD", ",", "IN", "WDT", "NN", "NNP", "VBD", "PRP", "MD", "RB", "."], "162": ["DT", "VBZ", "PRP", "RB", "VB", "IN", "DT", "NN", "PRP", "VBP", "IN", "DT", "."], "163": [",", "PRP", "VBD", "VBN", "RB", "IN", "NNP", ",", "CC", "NN", "VBN", "IN", "PRP$", "NN", "VBD", "VBN", "IN", "DT", "NNS", "PRP", "."], "164": ["IN", "VBZ", "DT", "JJ", "NN", "VBP", "VBG", ",", "JJ", "NN", "IN", ",", "DT", ":", "CC", "JJ", "NN", "IN", "CD", "NNS", "."], "165": ["RB", "VB", "JJ", "EX", "VBP", "DT", "NNS", "IN", "DT", "NN", ",", "VBZ", "DT", "PRP", "''"], "166": ["IN", "DT", "NN", "PRP", "VBZ", "PRP", "TO", "VB", "PRP", "VBZ", "CC", "VBZ", "DT", ",", "VBZ", "CC", "VBZ", "NNS", "IN", "PRP", "VBP", "."], "167": ["NN", "NNS", "RB", "VBD", "NN", "IN", "DT", "JJ", "NN", "PRP", "VBD", "VBN", "TO", "."], "168": ["PRP", "VBD", "VBG", "IN", ",", ",", "VBD", "CC", ",", "PRP", "VBD", "VBG", "RP", "IN", "NNS", "IN", ",", "IN", "JJ", "NN", "PRP", "VBD", "RP", "IN", "DT", ",", "PRP", "VBD", "RP", "IN", "DT", "JJ", "NN", "VBD", "POS", "NNP", "NNP", ",", "PRP", "VBD", "TO", "VB", ",", "CC", ",", "VBZ", "DT", "NN", "PRP", "VBD", "RP", "VBG", "."], "169": ["DT", "NNS", "IN", "NNP", "VBD", "DT", ",", "CC", "DT", "NN", "PRP", "VBD", "IN", "DT", "NN", "CC", "DT", "NNP", ",", "IN", "PRP", "VBD", "IN", "DT", "CD", ",", "DT", "NN", "IN", "PRP$", "NN", "IN", "DT", "."], "170": ["NNP", ",", "NN", "CC", "NN", "IN", "NNS", "IN", "DT", "NNP", "IN", ",", ",", ",", "DT", "NNS", "VBP", "IN", "NN", "IN", "NNS", "IN", "PRP$", "DT", "NN", "NN", "CC", "NN", ",", "CD", "WDT", "JJ", "IN", "PRP", "VBP", "DT", "NN", "''"], "171": ["DT", ":", "RB", "RB", "DT", "NN", "PRP", "MD", ":"], "172": ["VB", "RP", "DT", "JJ", "NNS", "CC", "VB", "DT", "NN", "IN", "NNS", "PRP", "VBP", "."], "173": ["EX", "VBZ", "DT", "NN", "IN", "EX", "VBP", "NNS", "WDT", "PRP", "VBP", "RB", "TO", "VB", "JJ", "TO", "VB", "DT", "NNS", "PRP", "VBP", "''"], "174": ["DT", "NN", "VBZ", "RB", "CD", "IN", "NN", "CC", "NN", "CC", "IN", "JJ", "VBG", "IN", "IN", "PRP", "MD", "VB", "DT", "NNS", "PRP", "VBP", "RB", "RB", "VBN", "CC", "DT", "NN", "PRP", "MD", "VB", "."], "175": [",", "NNP", "VBD", "IN", "PRP$", ",", "PRP", ",", "WRB", "DT", "VBD", ",", "CC", ",", "IN", "PRP", "VBD", "JJ", "IN", "DT", "IN", "PRP$", ",", "CC", "PRP", "VBD", "VBN", "IN", "DT", "IN", "DT", "NNS", "PRP", ",", "CC", "PRP", "VBD", "RB", "RBR", "IN", "PRP", "PRP", "."], "176": ["JJ", ",", "VBG", "DT", "NNS", "PRP", ",", "VBP", "JJR", "JJ", "NNS", "IN", "DT", "NNS", "IN", "."], "177": ["DT", "NNS", "IN", "NNP", "VBD", "IN", "DT", "NNS", "VBP", "JJ", ",", ",", "IN", "JJ", "NNS", "."], "178": ["VBZ", "VBG", "RP", "IN", "DT", ",", "CC", "VBZ", "NN", "IN", "VBN", "DT", "JJ", "NN", "IN", "NN", "PRP", "VBD", "JJ", "IN", "VBG", "RBR", "IN", "PRP$", ",", "NNP", "."], "179": ["UH", "PRP", "RB", "VBD", "DT", "NNS", "RB", "PRP", "MD", "VB", "."], "180": ["PRP", "VBD", "DT", "NN", "VBD", "VBN", "IN", "DT", "NN", "CC", "VBD", "PRP", "IN", "PRP$", "."], "181": ["PRP$", "NNS", ",", "CC", "RB", "RB", "IN", "PRP", "VBD", "VBN", "IN", "PRP$", ",", "PRP", "VBD", "PRP", "IN", "DT", "NN", "PRP", "VBP", "RB", "VBN", "."], "182": ["NN", "VBD", "PRP", "RBR", "NN", "VBG", "IN", "DT", "NN", "DT", "VBZ", "VBN", "VBG", "TO", "VB", "DT", "NN", "."], "183": ["CC", "DT", "NN", "VBZ", ",", "CC", "DT", "NN", "VBP", "VBG", ":", "PRP", "VBP", "NNS", "IN", "."], "184": ["DT", "NNS", "PRP", "VBD", "VBP", "RB", "."], "185": [",", "PRP", "VBD", "DT", "NN", "PRP", "VBD", "RB", "JJ", ":"], "186": ["RB", "IN", "RB", "VBG", "TO", "VB", "JJ", ",", "PRP", "MD", "VB", "WRB", "TO", "VB", "JJ", "NNS", "IN", "DT", "NNS", "IN", "NN", "PRP", "MD", "VB", "VBN", "IN", "WP", "PRP", "VBP", "TO", "VB", "IN", "DT", ",", "WRB", "PRP", "MD", "VB", "CC", "VB", "NN", "NNS", "WDT", "VBP", "JJ", "IN", "PRP$", ",", "CC", "WRB", "JJ", "PRP", "MD", "VB", "IN", "DT", "NN", "."], "187": ["VB", "NNS", "PRP", "VBP", "WDT", "PRP", "RB", "."], "188": ["NN", "IN", "PRP$", "NNS", "CC", "JJ", "NN", "MD", "VB", "DT", "NN", "TO", "VB", "JJ", "CC", "JJ", "IN", "NN", "PRP", "VBP", "PRP", "VBP", "JJR", "IN", "PRP", "CC", "VBP", ",", "VBP", "WDT", "PRP", "."], "189": ["PRP", "VBD", "PRP$", "NN", "VB", "IN", "DT", "NN", "NN", "PRP", ",", "VBG", "."], "190": ["DT", "NN", "PRP", "VBD", "DT", "NN", "PRP", "MD", "VB", "PRP$", "NN", "IN", "DT", ",", "CC", "DT", "NN", "VBD", "VBG", "CC", ",", "CC", "PRP", "MD", "VB", "RP", "IN", "DT", "JJ", "NN", "IN", "DT", "."], "191": ["VBP", "VBN", "JJ", "NNS", "RB", "IN", "DT", ",", "IN", "NNS", "WDT", "PRP", "RB", "VB", "."], "192": ["IN", ",", "PRP", "VBD", "VBN", "IN", "NNP", "NNP", "IN", "DT", "NN", "NN", "NNP", ",", "DT", "NN", "PRP", "VBD", "IN", "."], "193": ["VBP", "RB", "VBN", "PRP", "RB", "DT", "NN", "PRP", "VBP", ",", "CC", "IN", "PRP", "VBP", "DT", "NNS", "RP", "CC", "RB", "IN", "DT", "NNS", ",", "DT", "NNS", "MD", "VB", "."], "194": ["DT", "VBD", "JJ", ",", "DT", "JJ", "NN", "NNP", "RB", "VB", "."], "195": ["PRP", "VBP", "DT", "PRP", "RB", "VB", "RP", ",", "WP", "DT", "JJ", "NN", "IN", "JJ", "CD", "NNS", ",", "NN", "SYM", "CD", "NNS", "."], "196": ["NNS", "IN", "NNS", "VBP", "DT", "JJ", "NN", "CC", "RB", "PRP", "VBP", "DT", "NN", "JJ", "JJ", "NNS", "VBP", "."], "197": ["UH", "VBZ", "CD", "PRP", "MD", "."], "198": ["VB", "TO", "VB", "JJ", "CC", "RB", "RB", "JJ", "IN", "PRP", "VBP", "IN", "DT", "NNS", "IN", "DT", "NN", "VBP", "VBG", "."], "199": ["DT", "CC", "CD", "IN", "DT", "VBG", "NNS", "IN", "DT", ",", "WP", "VBP", "RB", "VBN", "TO", "VB", "JJ", ",", "VBP", "RB", "VBN", "VBN", "TO", "VB", "NN", "CC", "VB", "DT", "NNS", "PRP", "MD", ",", "DT", "CD", "WDT", "RB", "VBN", "VBN", "VBD", "RB", "VB", "JJ", "NN", "."], "200": ["VBZ", "NN", "PRP", "RB", "VBP", "IN", "."], "201": ["DT", "NN", "NNP", "VBD", "VBD", "DT", "NN", "CC", "NN", "IN", "DT", "NNP", "JJ", "."], "202": ["PRP", "NNS", "VBP", "PRP", "RP", "DT", "NN", "VBP", "VBG", "TO", "VB", "DT", "JJ", "."], "203": ["DT", "PRP", "MD", "VB", ",", "DT", "NNS", "RB", "RB", "IN", "."], "204": ["PRP", "VBP", "DT", "JJ", "NN", "IN", ",", "CC", "IN", "IN", "JJ", "DT", "NN", "PRP", "VBP", "VBN", "VBZ", "IN", "DT", "JJ", "."], "205": ["DT", "NN", "PRP", "VBD", "."], "206": ["NN", "VBZ", "JJ", "NNS", "IN", "PRP", "VBZ", ",", "NN", "CC", "NN", "IN", "NN", "NNS", "PRP", "DT", "MD", "VB", "IN", "RB", "JJS", "PRP", "."], "207": ["PRP", "VBD", "PRP", "DT", "NN", "PRP", "VBD", "IN", "DT", "NN", "CC", "PRP", "VBD", "PRP", "DT", "JJ", "."], "208": ["PRP", "MD", "VB", "JJ", "NNS", "IN", "NNS", ":", "IN", "PRP$", ",", "NN", "NNS", ",", "IN", "VBG", "NNS", "VBP", "VBN", "IN", "DT", ",", "CC", "RB", "."], "209": ["DT", "NNP", "MD", "RB", "VB", "IN", "NN", "IN", "DT", "NN", "NNP", "NNP", "VBG", "DT", "NN", "CC", "NN", "IN", "."], "210": ["PRP", "VBP", "IN", "IN", "DT", "VBZ", "DT", "IN", "DT", "NN", "PRP", "VBP", ",", "PRP", "VBZ", "RB", "VB", "PRP", "VBP", "PDT", "DT", "NN", "PRP", "MD", "VB", "TO", "VB", "RB", "IN", "DT", "."], "211": ["DT", "NN", "WP$", "CD", "NNS", "RB", "VBD", "DT", "JJS", "NNS", "VBD", "DT", "."], "212": ["PRP", "VBP", "IN", "VBG", "NNS", "IN", "DT", "CD", "NN", "WDT", "VBP", "RBR", "DT", "NN", "IN", "DT", "NN", "NNP", "CC", "NN", "WDT", "VBZ", "RBR", "DT", "NN", "IN", "DT", "NN", ",", "PRP", "RB", "RB", "VBP", ",", "PRP$", "JJ", "NN", "CC", "RB", "NN", "RB", "PRP", "MD", "VB", "DT", "NNS", "IN", "DT", "NN", "DT", "NN", "VBZ", "."], "213": ["PRP", "VBP", "DT", "NN", "CC", "TO", "VB", "TO", "VB", "RB", "DT", "NN", "TO", "VB", "DT", "NN", "DT", "JJ", "NNS", "VBP", "VBN", "IN", "."], "214": ["DT", "NN", "PRP", "VBP", "NN", "VBZ", "CC", "DT", ",", "DT", "NN", "IN", "NN", "IN", "DT", "JJR", "NNS", "CC", "NNS", "WDT", "VBP", "."], "215": ["PRP", "VBP", "IN", "VBG", "NNS", "IN", "DT", "JJ", "NN", "VBZ", "CD", "IN", "DT", "RBS", "JJ", "NNS", "PRP", "MD", "VB", "DT", "."], "216": ["PRP$", "NN", "WRB", "TO", "VB", "VBG", "IN", "NNS", "PRP", "RB", "VB", "TO", "VB", "IN", "VBD", "VBN", "IN", "NNS", "IN", "DT", "NNP", "NNP", "NNP", "CC", "NNP", "NNP", "IN", "NNP", "."], "217": ["CC", "PRP", "RB", "VBP", "PRP", "RB", "VB", "PRP", "VBG", "NNS", "IN", "PRP$", "JJS", "IN", "DT", "JJ", ",", "IN", "DT", "PRP", "VBP", "VBZ", "NN", "CC", "."], "218": ["IN", "DT", "NN", "PRP", "VBP", "VBG", "TO", "VB", "VBZ", "DT", "JJ", ",", "PRP", "MD", "VB", "DT", "NN", "IN", "."], "219": ["RB", "RB", "RB", "DT", "NN", "VBP", "RB", "VBN", "DT", "JJ", "NNS", "VBZ", "DT", "JJ", "JJ", "IN", "DT", "-RRB-", "IN", "JJ", "JJ", "NN", "IN", "DT", "NN", "IN", "NN", "VBZ", "NN", "IN", "DT", "NN", "NNS", "TO", "VB", "IN", "DT", "NN", "CC", "DT", "JJ", "NN", "PRP", "VBP", ",", "RB", "PRP", "VBP", "TO", "VB", "DT", "JJ", "NN", "IN", "DT", "."], "220": ["RB", "IN", "PRP", "MD", "RB", "VB", "DT", "JJS", "NN", "TO", "VB", "IN", "DT", ",", "DT", "NN", "IN", "DT", "NN", "VBZ", "RB", "DT", "NN", "PRP", "MD", "RB", "."], "221": ["RB", "DT", "JJ", "NNS", "PRP", "VBP", "VB", "TO", "VB", "IN", "CC", "PRP", "MD", "VB", "IN", "PRP", "VBD", "RB", "JJ", "."], "222": ["IN", "PRP$", "JJ", "NNS", "MD", "VB", "VBN", "DT", "JJ", "NN", "IN", "NN", "IN", "DT", "RB", "JJ", "CC", "JJ", "NNS", "PRP", "VBZ", ",", "VBZ", "JJ", "IN", "DT", "NNP", "NNP", "VBZ", "RB", "RBR", "JJ", "IN", "VBG", "DT", ",", "CC", "VBG", "DT", "NN", "."], "223": ["NNP", ",", "DT", ",", "NNPS", "MD", "VB", "VBN", "TO", "VB", "IN", "DT", "CD", "NNS", "IN", "NNP", "DT", "NNP", "VBN", "IN", "NN", "IN", "NN", "CC", "DT", "NN", "IN", "."], "224": ["DT", "NN", "PRP", "VBD", "IN", "DT", "NN"], "225": ["DT", "PRP", "VBD", "JJ", "NN", "VBD", ":"], "226": ["JJ", "NN", "VBZ", "DT", "NN", "CC", "NN", ",", "DT", ",", "CC", "DT", "NN", ",", "DT", "NN", "IN", "WDT", "VBZ", "VBN", "TO", "VB", "NN", "."], "227": ["IN", "DT", ",", "NNP", "VBD", "DT", "JJ", "NN", "PRP", "VBP", "IN", "TO", "VB", "NN", "IN", ",", "IN", "NNP", "POS", "JJ", "."], "228": ["CC", "PRP", "RB", "RB", "VB", "DT", ",", "IN", "DT", "NN", "PRP", "VBP", ",", "CC", "VBZ", "RB", "RB", "NN", "VBZ", "IN", ",", "VBP", "PRP", "VB", "WP", "PRP", "."], "229": ["PRP", "RB", "VBP", "DT", "NNS", "VBP", "VBN", "."], "230": ["DT", "NN", "PRP", "VBD", "DT", "JJ", "CC", "JJ", ":", "DT", "NN", "PRP", "VBP", ",", "VBZ", "DT", ",", "RB", ",", "DT", "VBZ", "VBN", "IN", "."], "231": ["RB", "VBP", "VBG", "TO", "VB", "RB", "IN", "IN", "DT", "JJ", "NN", "CC", "VB", "IN", "DT", "NNS", "VBP", "RB", "VB", "VBG", "IN", ",", "CC", "VBP", "RB", "."], "232": ["DT", "NN", "TO", "VB", "CC", "NNS", "PRP", "VBP", "TO", "VB", "IN", "DT", "JJ", "."], "233": ["DT", ",", "IN", "VBN", ",", "VBP", "IN", "DT", "NN", "IN", "DT", "JJ", "NN", "IN", "NN", "PRP", "."], "234": [",", "UH", ",", "WRB", "PRP", "VBP", "PRP", "IN", "DT", "POS", ",", "DT", "PRP", ",", "VBP", "RB", "."], "235": ["DT", "VBZ", "JJR", "NN", ":", "PRP", "VBD", "JJ", "NN", "IN", "DT", "NNS", "PRP", "VBP", "VBP", "JJ", "NN", "CC", "PRP", "RB", "VB", "TO", "VB", "JJ", ",", "RB", "RB", ",", "IN", "RB", "PRP$", "NNS", "VBP", "VBG", "VBN", "IN", "DT", "NN", "IN", "NN", "NNS", "PRP", "RB", "VB", "DT", "JJ", "NN", ",", "CC", "DT", "JJ", "NNS", "VBP", "NN", "."], "236": ["DT", "NNS", "IN", "DT", "NN", "PRP", ",", "IN", "DT", "NN", "IN", "DT", ",", "VBP", "TO", "VB", "VBN", "IN", "PRP$", "."], "237": ["IN", "VBG", "DT", "NN", "IN", "DT", "NN", ",", "PRP", "RB", "VBP", "RB", "IN", "DT", "JJ", "NN", "IN", "DT", "NN", "IN", "NN", "WDT", "MD", "VB", "IN", "PRP$", "NNS", "NN", ",", ",", "IN", "DT", ",", "DT", ",", "DT", "NN", "PRP", "MD", "VB", "IN", "DT", "."], "238": ["IN", "DT", "NN", "PRP", "VBP", "TO", "VB", "IN", "RB", "VB", "TO", "VB", "IN", ",", "PRP", "RB", "VBZ", "DT", "NN", "IN", "RB", "RB", "VBG", "IN", "PRP$", ",", ",", "IN", "PRP$", "NN", "IN", ",", "DT", "VBZ", "JJ", "IN", "PRP", "CC", "PRP", "RB", "VBG", "RB", "IN", "DT", "."], "239": ["UH", "PRP", "VBP", "DT", "NN", "IN", "DT", "NN", "IN", "NNS", "PRP", ",", "CC", ",", "IN", "NNS", "PRP", "VBP", "DT", "JJ", "."], "240": ["VBP", "RB", "VBG", ",", ",", "PRP", "VBP", "RB", "IN", "DT", "JJ", "NN", "IN", "DT", "NN", "PRP", "."], "241": ["CC", "VBZ", "NNS", "WDT", "PRP", "RB", "VB", "TO", ",", "RB", "IN", ",", "PRP", "RB", "VBP", "IN", "PRP", "RB", "VB", ",", "CC", "DT", "PRP", "VBP", "VBZ", ":"], "242": [",", "DT", "NN", "IN", "PRP$", "NN", "IN", "DT", "NN", "PRP", "VBZ", ",", "CC", "DT", "NNS", "PRP", "VBP", "IN", "DT", "NN", "."], "243": ["IN", "PRP$", "JJR", ",", "DT", "JJ", "NNP", "CC", "DT", "NN", "NNS", "PRP$", "NNP", "VBD", "''", "VBP", "RB", "RB", "VBN", "CC", "."], "244": ["PRP", "VBP", ",", "UH", ":", "PRP", "RB", "VB", "WRB", "JJ", "NNS", "PRP", "MD", "VB", ",", "IN", "PRP", ",", "IN", "PRP", "VBP", ":"], "245": ["NN", "NNP", "NNP", "VBD", "IN", "DT", ",", "DT", ",", "IN", "VBN", "IN", "DT", "NN", "CC", "NN", "IN", "NNS", "PRP", ",", "VBZ", "RB", "DT", "RBS", "JJ", "NN", "IN", "NN", "IN", "DT", "JJ", "NN", "IN", "''"], "246": ["VBZ", "DT", "PRP", "."], "247": ["JJ", ",", "JJ", "IN", "DT", "NN", "PRP", "VBP", ",", "VBP", "RB", "RB", "JJ", "NN", "TO", "VB", "DT", "JJ", "."], "248": ["NNP", "VBD", "IN", "NNP", ",", ",", "VBD", "DT", "POS", "NN", "IN", "DT", "JJ", "NN", ",", "VBG", "PRP", "IN", "DT", "''", "IN", "DT", "NN", "IN", ".", ".", "DT", "JJ", "NN", "NNP", "VBZ", "VBZ", "IN", "DT", "NN", "WRB", "PRP", "VBD", "IN", "DT", "JJ", "CD", "''"], "249": ["DT", "NNS", "PRP", "VBP", "IN", "CC", "VBP", "IN", "VBP", "RB", "VBG", ",", "RB", "RB", "IN", "NN", "VBZ", "JJ", "IN", "VBG", "."], "250": ["PRP", "MD", "VB", "RB", "IN", "EX", "VBZ", "DT", "JJ", "NN", "NN", ":", "VBN", "IN", "DT", "NN", "IN", "DT", "NN", "IN", "DT", "NNP", "NNP", "NN", ":", "RB", "VBN", ":", "JJS", "VBP", "RB", "VBN", ":", "PDT", "DT", "NN", "IN", "DT", "NN", ",", "."], "251": ["DT", "VBD", "DT", "JJ", "NN", "NNP", "RB", "VB", "RB", "CC", "PRP", "RB", "VB", "NNP", "TO", "VB", "RP", "WP", "DT", "."], "252": ["DT", ",", "DT", "NN", "VBZ", "RB", "VBN", "IN", ",", "CC", "IN", ",", "VBZ", "DT", "NN", "IN", "DT", "NN", ",", "DT", ",", "DT", "NNP", "NN", ",", "VBD", "DT", "NN", "IN", "PRP$", ",", "CC", "IN", ",", "IN", "JJ", "JJ", "NNS", "CC", ",", "MD", "VB", "VBN", "RB", "IN", "DT", "JJ", "JJ", ",", "IN", "DT", ",", "CC", "IN", "."], "253": ["JJ", "JJ", "NN", "NNS", "VBD", "RB", "IN", "DT", "JJ", ",", "CC", "NNS", "IN", "NNS", "VBD", ",", "JJ", "IN", "WDT", "PRP", "PRP", "."], "254": ["VBZ", "DT", "JJ", "JJ", "NN", "NN", "TO", "VB", "IN", "DT", "NN", "IN", "WDT", "JJ", "NN", "PRP", "VBP", "TO", "VB", "IN", "."], "255": ["PRP", "RB", "VBD", "DT", "NN", "PRP", "VBD", "TO", "."], "256": ["PRP", "VBD", "PDT", "DT", "JJ", "NN", "VBG", "RB", "IN", "NNP", "CC", "PRP", "VBP", "DT", "VBD", "PRP", "TO", "VB", "RP", "RB", "CC", "VB", "CD", "IN", "PRP$", "RBS", "JJ", "JJ", "NNS", "VBP", "RB", "VBN", "IN", "IN", "DT", "."], "257": ["PRP", "VBP", ",", "PRP", "VBP", "JJ", ",", "VBZ", "RB", "JJ", "DT", "PRP", "VBP", "DT", "."], "258": ["VBZ", "WRB", "PRP", "VBD", "DT", "NNP", "NNP", "NNS", "CC", "DT", "NNP", ",", "DT", "JJ", "NNS", "IN", "JJ", "NN", "IN", "PRP", "VBP", "IN", ",", "NN", "CC", "RB", "NNS", "PRP", "."], "259": ["PRP", "VBP", "DT", "NNS", "WP", "VBP", "JJ", "IN", ",", "DT", "NNS", "PRP", "VBP", "PDT", "DT", "NN", "NN", ",", "NN", "WP", "VBZ", "IN", "NN", "IN", "DT", "NNP", "NNP", "NN", "IN", "DT", "NN", ":", "DT", "NN", "."], "260": ["DT", "NN", "NNS", "RB", "RB", "VB", "VBZ", "IN", "POS", "JJ", "NN", "IN", "JJ", "NN", "VBZ", "VBN", "PRP", "RB", "JJ", "IN", "JJ", "NN", "RB", "RB", "IN", "DT", "NNS", "IN", "DT", "JJ", "''", "."], "261": ["VBG", "DT", "JJS", "NN", "IN", "PRP$", "NN", "IN", "NNS", "TO", "VB", "MD", "VB", "PRP", "VB", "RB", "JJ", "CC", "VB", "PRP", "DT", "NN", "TO", "VB", "JJ", "NNS", "VBP", "VBN", "VBG", "IN", "DT", "."], "262": ["DT", "NN", "PRP", "VBP", "JJ", "TO", "VB", "RP", "NNS", "IN", "PDT", "DT", "JJ", ",", "CC", "PRP", "VBP", "JJ", "PRP", "VBP", "DT", "NN", "PRP", "VBP", "TO", "VB", "RB", "IN", "DT", "."], "263": ["PRP", "VBD", "VBN", "IN", "DT", "JJ", "JJ", "NN", "NN", "MD", "VB", "VBN", "TO", "''", "DT", "RB", "JJ", "NNS", "DT", "NN", "."], "264": ["DT", "JJ", "NNS", "PRP", "VBP", "VBP", "VBN", "IN", "PRP", "IN", "JJ", "."], "265": ["IN", "DT", "JJ", "''", "PRP", ",", "VBZ", "DT", "JJ", "NN", "VBP", "VBN", "WP", "VBZ", "DT", ",", "DT", "NN", ",", "CC", "DT", "JJ", "NN", "IN", "JJ", "VBG", "''"], "266": ["CC", "DT", "NNS", "PRP", "MD", "VB", "NN", "VBP", "DT", "NN", "IN", "DT", "JJ", "NN", "VBN", "IN", "DT", "NNS", "IN", "NNS", "IN", "PRP$", "NN", "WP", "VBD", "NNS", "IN", "DT", "."], "267": ["IN", "DT", "NNS", "IN", "JJ", "IN", "DT", ",", "DT", "DT", "NN", "NN", "PRP", "VBP", "IN", "JJ", "VBZ", "NN", "JJR", "IN", "DT", "."], "268": ["PRP", "VBD", "RB", "RB", "DT", "JJ", "NN", "PRP", "VBD", "PRP", ",", "IN", "JJ", ",", "PRP", "VBD", "RB", "VBN", "RB", "IN", "DT", "JJ", "JJ", "."], "269": ["VB", "NN", "IN", "NNS", "IN", "JJ", ",", "VBN", "IN", "DT", "NN", "CC", "NNS", "PRP", "VBP", "NNS", ":"], "270": ["DT", ",", "IN", "JJ", ",", "VBP", "VBN", "IN", "DT", "JJ", "JJ", ",", "WP$", "NN", "NN", "VBZ", "DT", "JJ", "NN", "."], "271": ["VBZ", ",", "CC", "RB", "IN", "DT", "JJ", "NN", "IN", "NNS", "VBZ", "DT", "PRP", "MD", "VB", ",", "VBD", "WRB", "VBG", "PRP", "VBD", "CC", "PRP", "VBD", "RB", "."], "272": ["DT", "JJ", "RBS", "JJ", "NN", "PRP", "VBP", "IN", "VBZ", "NN", "CC", ",", "DT", "CD", "RB", "VBP", "RP", "DT", "NN", "IN", "WP", "PRP", "."], "273": ["DT", "NN", "NNS", "VBP", "IN", "NNS", "VBZ", "JJ", "."], "274": ["DT", "VBZ", "IN", "DT", "NNP", "NN", "DT", "IN", "PRP", "VBP", ",", "CC", ",", "IN", ",", "DT", "NN", "WRB", "PRP", "VBP", ",", "IN", "PRP", "MD", "VB", "PRP", "IN", ",", "RB", ",", "IN", "PRP", ",", "VBZ", "IN", "NN", "CD", "."], "275": ["DT", "NN", "VBZ", "RB", "VBN", "IN", "JJ", "NNS", "NNP", "RBR", "VBD", "IN", "PRP$", "NNS", "DT", "NN", "IN", "PRP", "."], "276": ["IN", "DT", ",", "PRP", "VBP", "IN", "DT", "JJ", "NNS", "NN", "NNS", "VBP", "VBN", "IN", "DT", "JJ", "NNS", "IN", "VBG", "DT", "JJ", "NN", "IN", "NNP", "."], "277": ["WRB", "MD", "PRP", "VB", "PRP$", "NN", "IN", "NN", "WRB", "PRP", "MD", "VB", "DT", "NN", "WDT", "MD", "VB", "NN", "PRP", "VBD", "PRP", "TO", "."], "278": ["IN", "DT", "JJ", ",", "CC", "DT", "RBR", "JJ", "CC", "JJ", "NN", "NNS", "PRP", ",", "NNS", "VBD", "CC", "NNS", "VBD", "JJ", "TO", "VB", "DT", "RBR", "VBN", "NN", "IN", ",", "VBG", "JJ", "."], "279": ["DT", "PRP", "VBP", "VBZ", "IN", ",", "IN", "CD", "IN", "."], "280": ["NNP", "VBD", "NNP", "NNP", "IN", "IN", "NNP", "CD", "IN", "VBG", "RB", "IN", ",", "NNP", "VBD", "IN", "NN", "IN", "DT", "NNP", "NNP", "NN", "CC", "VBD", "PRP", ",", "CC", "VBD", "DT", ",", "NN", "PRP", "."], "281": ["PRP", "RB", "VBP", "DT", "NN", "PRP", "VBP", "RP", "IN", ",", "DT", "NN", "WDT", "PRP", ",", "IN", "IN", "PRP", "VBP", "DT", "NN", ",", "NNP", "CC", "PRP", "VBD", "PRP", "RP"], "282": ["NNP", "VBD", "JJ", "IN", "JJ", "NNS", "IN", "DT", ",", "VBG", ",", ",", "NN", ",", ",", "CC", "NN", ",", "WDT", "VBD", "DT", "NNS", "CC", "NNS", "NNP", "VBD", "IN", "POS", "VBG", "."]}