{"0": ["PRP", "VBP", "CD", "NNS", "WRB", "PRP", "MD", "VB", "RP", "CC", "VB", "IN", "VBP", "DT", "NN", "WRB", "PRP", "VBZ", "DT", "JJ", "NN", ",", "UH", "CC", "RB", "VBZ", "RB", "JJ", "RB", "RB", "TO", "VB", "."], "1": ["VBZ", "DT", "JJ", "NN", "WDT", "VBP", "VBN", "RB", "JJ", "TO", "VB", "DT", "``", "VBP", "''", "CC", "VBP", "PRP", "RB", "VB", "RB", "."], "2": ["PRP", "VBP", "NNP", ",", "PRP", "VBD", "PRP", "RP", "CC", "VBD", "PRP", "RP", "CC", "VBP", "DT", "JJ", "JJ", "NN", "WDT", ",", "RB", "VBD", "RB", "IN", "IN", "WP", "VBD", "."], "3": ["DT", "JJ", "NN", "IN", "DT", "JJ", "NN", "NN", "VBD", "IN", "DT", "JJ", "NN", "IN", "DT", "JJ", "VBN", "NN", "NN", "WRB", "NNP", "NNP", "VBD", "RP", "IN", "NNP", "CD", "IN", "."], "4": ["PRP", "MD", "RB", "VB", "NNS", "CC", "PRP", "MD", "VB", "PRP", "IN", "IN", "NNS", "WRB", "DT", "NN", "VBZ", "."], "5": ["IN", "DT", "JJ", "NN", "PRP", "VBD", "JJ", "IN", "JJS", "NNS", "VBD", "RB", "TO", "VB", "JJR", "IN", "JJ", "NNS", "CC", "VBD", "RB", "-RRB-", "IN", "DT", "NN", "WRB", "PRP", "VBD", "JJ", "TO", "VB", "NN", "IN", "DT", "."], "6": ["CC", "IN", "PRP", "MD", "VB", "DT", "JJ", "NN", "IN", "DT", "JJ", "NN", "NN", "WDT", "DT", "NNP", "IN", "NNPS", "VBZ", "RB", "CC", "WDT", "DT", "NNPS", "CC", "NNS", ",", "IN", "WDT", "NNP", "NNP", ",", "PRP", "MD", "VB", "VBG", "DT", "NN", "JJ", "NN", "IN", "DT", "JJS", "CC", "JJS", "JJ", "NN", "IN", "PRP$", "NN", "IN", "DT", "NN", "IN", "DT", "NNP", "."], "7": ["NNP", "VBD", "VBN", "IN", "DT", "NN", ",", "WRB", "DT", "JJ", "NN", "NN", "NN", "VBG", "JJ", "NN", "IN", ",", "VBZ", "."], "8": [",", "NN", "IN", "DT", "JJ", "JJ", "NN", "VBZ", "NNS", "TO", "VB", "IN", "DT", "NNS", "IN", "DT", "NN", "NN", "WRB", "PRP", "VBP", "DT", "."], "9": ["JJ", "NNS", "VBP", "DT", ",", "IN", "VBN", "VBG", "IN", "DT", "NN", "IN", "DT", ",", "IN", "DT", "NN", "WRB", "DT", "NNS", "IN", "DT", "JJ", "NN", "VBP", "JJ", "TO", ",", "IN", "JJ", "NNS", "TO", ",", "JJ", "VBN", "NNS", "IN", "NN", "CC", "NN", "MD", "VB", "TO", "VB", "."], "10": ["EX", "VBP", "RB", "JJ", "JJ", "NNP", "NNS", "IN", "NNS", "IN", "NNP", "RB", "IN", "-RRB-", "CC", "IN", "NNP", "RB", "IN", ",", "WRB", "PRP", "VBP", "IN", "NNS", "IN", "NNP", "."], "11": ["PRP", "RB", "VBP", "VBN", "DT", "JJ", "NN", "WRB", "VBP", "TO", "VB", "IN", "DT", "IN", "DT", ",", "RB", "IN", "PRP", "RB", "VBP", "CD", "NN", "VBN", "TO", "."], "12": ["JJ", ",", "PRP", "VBD", "DT", "NNP", "NNP", ",", "WRB", "RB", "CD", "NNS", "VBD", "JJ", "NN", "NNS", "TO", "VB", "DT", "NN", "NNS", "IN", "DT", "NNP", "."], "13": ["IN", ",", "PRP", "VBD", "VBN", "IN", ",", "WRB", "PRP", "VBD", "IN", "NNP", ".", "-RSB-"], "14": ["IN", ",", "DT", "NN", "VBD", "VBN", "TO", "VB", "RP", "DT", "JJ", "VBG", "NNP", "NN", "IN", "DT", "NNP", "CC", ",", "VBN", "IN", "DT", "NN", "IN", "DT", "JJ", "JJ", "NN", "IN", ",", ",", "NN", "NN", ",", "CC", "NN", "NNS", "TO", "VB", "NNS", "WRB", "DT", "JJ", "NNPS", "CC", "NNPS", "."], "15": [",", "DT", "JJ", ",", "WP", "VBD", "IN", "VBG", "IN", "WRB", "PRP", "."], "16": ["PRP", "VBD", "RB", "IN", "DT", "NN", "IN", "NNP", "WDT", "PRP", "VBD", "IN", "PRP$", "NN", "CC", "IN", "PRP$", "NN", "CC", "PDT", "DT", "WP", "VBP", "NNS", "IN", "DT", "NN", "IN", "DT", "JJ", "CC", "VBG", ",", "DT", "NN", "IN", "NNP", "IN", "WDT", "PRP", ",", "RB", "IN", "DT", "NNP", "CC", "IN", "DT", ",", "CC", "IN", "DT", "."], "17": ["PRP", "VBD", ",", "DT", "JJ", "NN", "IN", "NNP", "WRB", "PRP", "MD", "RB", "VB", "JJ", "IN", "PRP", "VBZ", "RB", ",", "CC", "PRP", "VBP", "RB", "JJ", "IN", "NN", "IN", "PRP", "VBP", "PRP", "DT", "NN", "IN", "DT", "NN", "IN", "DT", "NN", "VBZ", "JJ", "IN", "NN", "NN", "CC", "PRP", "VBP", "JJ", "IN", "DT", "NN", "IN", "JJ", "NN", "VBZ", "RB", "DT", "NN", "IN", "DT", "NN", "IN", "NN", ",", "IN", "NN", "CC", "VBN", "."], "18": ["VB", "IN", "NNS", "CC", "IN", "NNS", "WRB", "NNS", "VBP", "TO", "."], "19": ["IN", "PRP", "RB", "RB", "VB", "PRP", "MD", "VB", "JJ", "TO", "VB", "RP", "IN", "PRP$", "CD", "NN", "NN", "NN", "WDT", "PRP", "VBD", "RP", ",", "CC", "PRP", "VBP", "."], "20": ["NNS", "WDT", "VBP", "VBN", "JJ", "VBP", "NNS", "WRB", "DT", "NNS", "VBP", "JJ", "NN", "IN", "."], "21": ["DT", "VBZ", "DT", "JJS", ",", "WRB", "NNP", "VBZ", "."]}