{"0": ["DT", "NN", "VBP", "VBG", "PRP", "IN", "DT", "RB", "VBZ", "IN", "PRP", "VBP", "PRP$", "NN", "NN", "NN", "IN", "CD", "IN", "CD", ",", "RB", "PRP", "VBP", "CD", "NNS", "CD", "NNS", "TO", "VB", "."], "1": ["CC", ",", "VBP", "RB", "JJ", "TO", "VB", "IN", "PRP", "VBP", "RB", "VBN", "RB", "IN", ",", "WDT", "VBZ", "NN", "WDT", "PRP", "RB", "VBN", "RB", ":", "PRP", "VBP", "DT", "JJ", "NN", "PRP", "VBD", "IN", ",", "RB", "PRP", "VBD", "IN", "."], "2": ["DT", "JJ", "NN", "VBZ", "DT", "NNS", "CC", "NNS", "IN", "DT", "NN", "DT", "NNP", "MD", "VB", "."], "3": ["IN", "PRP", "VBP", "JJ", "IN", "VBG", "EX", "MD", "VB", "PRP$", "NN", "IN", "DT", "NNS", "CC", "DT", "NN", "IN", "WDT", "PRP", ",", "CC", "MD", "VB", "PRP", "VB", "JJR", "CC", "JJR", "NNS", "IN", "DT", ",", "NN", "NN", "VBZ", ",", "RB", "IN", ",", "CC", "IN", "EX", "VBP", "NNS", "WP$", "NN", "VBZ", "VBN", "IN", "VBG", ",", "PRP", "MD", "VB", "NN", "TO", "VB", "."], "4": ["DT", "JJ", "NN", "VBZ", "NNP", "NNP", ",", "WP$", "NN", "RB", "VB", "IN", "DT", "NN", ",", "RB", "VBG", "DT", "."], "5": ["DT", "NN", "VBZ", "JJ", "NN", "NN", ",", "DT", "IN", "WDT", "MD", "VB", "JJ", "NN", "IN", ",", "JJ", ",", "CC", "NN", "."], "6": ["RB", "DT", "JJ", "NN", "NNS", "PRP", "VBD", "IN", ",", "PRP", "VBD", "VBG", "IN", "NNP", "NNP", "WDT", "PRP", "MD", "VB", "IN", "IN", "JJ", "NN", "IN", "DT", "."], "7": ["DT", "VBZ", "RB", "DT", "JJ", "NN", "JJ", "NNS", "VBP", "VBN", "NN", "IN", "DT", ",", "IN", "DT", "JJS", "NN", "IN", "DT", "CD", ",", "IN", "WDT", "CD", "NNS", "VBD", "."], "8": ["NN", "VBZ", "IN", "JJ", "JJ", ",", "DT", "IN", "WDT", "VBP", "DT", "JJ", "NN", "CC", "."], "9": ["NNP", "VBD", "DT", "JJ", "NN", "PRP", "VBD", "IN", "NN", "IN", "NNP", ",", "CC", "DT", "NN", "RB", "VBD", "PRP", "VBD", "DT", "."], "10": ["IN", "NN", "DT", "NN", "IN", "NN", "IN", "JJ", "NNS", "IN", "DT", "NN", "VBZ", "IN", "DT", "JJ", "IN", "DT", "NN", "PRP", "VBP", "IN", "DT", "NN", "DT", "JJ", "NN", ",", "-RRB-", "VBZ", "VBN", "IN", "NNS", "IN", "."], "11": ["IN", "DT", "NN", "IN", "NN", "IN", ",", "NNP", "VBZ", "RB", "VBN", "DT", "JJ", "JJ", "NN", "NNS", "IN", ",", "NNP", "CC", "NNP", "VBP", ",", "CC", "VBZ", "VBN", "TO", "VB", "DT", "NN", "IN", "JJ", "IN", "PRP$", "NN", ",", "VBG", "NN", "CC", "NN", "IN", "NNP", "CC", "."], "12": ["DT", "IN", "DT", "JJ", "DT", "JJ", "NN", "VBD", ",", "RB", "JJ", "IN", "PRP", "VBD", "DT", "NN", "PRP$", "JJ", "NN", "VBD", "VBN", "IN", "MD", "VB", "VBN", "RB", ",", "CC", "VBD", "VBN", "DT", "NNP", "VB", "NNS", "RB", "JJ", "IN", "DT", "RB", "DT", "NNP", "VBD", "RB", "VBN", "TO", "VB", ",", "RB", "PRP", "VBD", "NN", "CC", "VBD", "IN", "."], "13": ["POS", "NN", "VBD", "JJ", "IN", "DT", "NN", "IN", "POS", "JJ", "NN", "VBD", ",", "CC", "VBD", "JJ", "IN", "PRP$", "NN", "MD", "VB", "RP", "JJ", ".", "-RSB-"], "14": ["PRP", "VBP", "RB", "IN", "NNP", "TO", "VB", "PRP$", "NN", "IN", "DT", "NN", "CC", "RB", "TO", "VB", "NN", "IN", "DT", "NN", "PRP", "VBD", "IN", "DT", "NNPS", "IN", "DT", "NN", "CC", ",", "CC", "TO", "VB", "IN", "PRP", "IN", "DT", "NN", "IN", "DT", "NN", "VBZ", "VBN", "IN", "DT", "NNS", "WDT", "VBD", "VBN", "CD", "NNS", "."], "15": ["DT", "NN", "NN", "RB", "VBD", "WRB", "NNS", "RB", "VBP", "NNS", "CC", "VBZ", "JJ", "NNS", "IN", "DT", "JJ", "NN", "VBZ", "TO", "VB", "DT", "NNS", "PRP", "VBP", "JJ", "NN", "IN", "NNS", "CC", "NN", "CC", "IN", "DT", "JJ", "NN", "VB", "DT", "JJ", "NN", "IN", "VBG", "JJ", "JJ", "NNS", "IN", "DT", "NN", ",", "RB", "TO", "VB", "DT", "NNS", "IN", "NN", "NNS", "IN", "NN", "JJ", "."], "16": ["IN", "IN", "PRP$", "NN", "IN", "DT", ",", "NNP", "NNP", "VBZ", "NNP", ",", "-RSB-", "WP", "VBD", "RB", "CD", "IN", "DT", "CD", "NN", "NNS", "WP$", "NN", "VBD", "VBN", "IN", "DT", "NN", "WDT", "VBD", "POS", "JJ", ".", "-RSB-"], "17": ["DT", "VBD", "DT", "NN", "WDT", "DT", "NNP", "RB", "VBD", "CD", ",", "CC", "VBZ", "IN", "NN", "IN", "DT", ",", "CC", "VBG", "VBN", "TO", "CC", "VB", "IN", "DT", ",", "CC", "VB", ":"], "18": ["RB", "NNP", "VBD", "NNP", "CC", "RB", "RBS", "DT", ",", "-RSB-", "IN", "RB", "RB", "DT", "NN", "IN", "JJ", "NN", "PRP", "MD", "RBR", "VB", "TO", "VB", "VBN", "IN", "DT", ".", "-RSB-"], "19": ["NNP", "VBD", "IN", "NN", "IN", "NNP", ",", "WP", "PRP", "VBD", "IN", "IN", ",", "-RSB-", "CC", "PRP", "VBD", "DT", "NN", "PRP", "VBD", "TO", "VB", "IN", "NNP", "IN", "NNP", "."], "20": ["JJ", "JJ", "JJ", ",", "JJ", "IN", "NNP", ",", ",", "CC", "DT", "NNP", "NNP", ",", "VBP", "JJ", "NNS", "WP$", "NN", "VBZ", "."], "21": ["CC", "DT", "NN", ":", "DT", "NN", "PRP", "VBD", "VBG", "PRP", "DT", "IN", ",", "VBD", ",", "TO", "VB", ",", "TO", "VB", "IN", "PRP$", ",", "CC", "PRP", "VBD", "VBG", "PRP", ",", "CC", ":", "CC", "DT", "NN", "IN", "VBG", "DT", "NNS", "CC", "."], "22": ["PRP", "VBP", "WP", "PRP", ",", "PRP", "VBP", "DT", "JJ", "NN", "WDT", "PRP", "VBZ", "DT", "NN", ",", "PRP", "VBZ", "DT", "JJ", "."], "23": ["NNP", "``", "-RSB-", "VBD", "DT", "NN", "NN", "NNS", "CC", "DT", "POS", "JJ", "NN", "."], "24": ["PRP", "MD", "VB", "NNS", "DT", "NN", "VBZ", "RB", "VBN", "."], "25": ["VBG", "NN", ",", "NNP", "NNS", "VBP", "RB", "VBN", "WRB", "DT", "NN", "VBD", "RB", "VBN", ",", "CC", "JJ", "NNP", "NNP", "NNP", "VBZ", "EX", "VBD", "NNS", "PRP", "MD", "VB", "TO", "VB", "IN", "DT", "NNP", "NNP", "CC", "IN", "NNP", "IN", "DT", "."], "26": ["PRP", "MD", "VB", "JJ", "NNS", "IN", "PRP", ",", "JJ", "IN", "DT", "NN", "NN", "CC", "DT", "NN", "NN", "DT", "NN", "DT", "NN", "VBZ", "."], "27": ["DT", "JJ", "JJ", "NN", "VBZ", "DT", "NN", "DT", "NN", "MD", "VB", ":", "MD", "NNP", "VB", "PRP$", "JJS", "NNS", "NNS", "VBG", "DT", "NN", "IN", "VBG", "VBN", "DT", "NNP", "."], "28": ["DT", "NN", "PRP", "VBD", "DT", "JJ", "CC", "JJ", ":", "DT", "NN", "PRP", "VBP", ",", "VBZ", "DT", ",", "RB", ",", "DT", "VBZ", "VBN", "IN", "."], "29": ["IN", "WRB", "JJ", "NNS", "VBP", "IN", ",", "JJ", "NNS", "VBP", "RB", "RBR", "JJ", "IN", "JJ", "."], "30": ["PRP", "VBD", "DT", "JJ", "NN", "IN", "VBG", "NN", "IN", ",", "CC", "VBD", "IN", "DT", "NN", "PRP", "VBD", "IN", "PRP", "IN", "DT", "JJ", "NN", "MD", "VB", "VBN", "VBG", "IN", "NN", "CC", "."], "31": ["VB", "JJ", "IN", "PRP", "VBZ", "DT", "NN", "WDT", "IN", ",", "PRP", "RB", "VB", "DT", "JJ", "NN", "IN", "PRP$", "."], "32": ["IN", "PRP$", "NNS", "IN", "NN", ",", "NNP", "VBD", "IN", "CD", "NN", "RB", "MD", "VB", "CD", "NNS", "IN", "DT", ",", "CC", "IN", "DT", "JJ", "NN", "IN", "CD", "NNS", "DT", "IN", "WP", "MD", "VB", "TO", "VB", "CD", "CC", "CD", "IN", "DT", "CD", "NNS", "VBN", "IN", ",", "MD", "VB", "CD", "NNS", "IN", "DT", "."], "33": ["POS", "NN", ",", "EX", "VBZ", "DT", "NN", "NNP", "MD", "VB", "VBN", "VBN", "IN", "DT", "JJ", "NN", "IN", "CD", "IN", "DT", "NNS", ":", "RB", "NNP", "NNP", "VBD", "RB", "."]}