{"0": ["each", "p-", "scientist", "have", "they,", "they", "field", "of", "um,", "expertise,", "and", "if", "theybe", "gonna", "go,", "if", "theybe", "gonna", "stretch", "out", "far", "enough", "into", "the", "\u2014", "the", "unknown", "where", "they", "can", "find", "something", "new,", "they", "have", "to", "do", "it", "in", "a", "straight", "line."], "1": ["Mof-\u00c1vvi", "be", "a", "peninsula", "border", "by", "the", "Casamance", "River", "to", "the", "north,", "which", "separate", "it", "from", "the", "J\u00f3ola", "B\u00faluf", "and", "J\u00f3ola", "Fogny", "area,", "and", "to", "the", "east", "by", "the", "village", "Brin", "and", "Djibonker,", "where", "the", "speaker", "of", "Kujireray", "and", "Ba\u00efnounk", "Gub\u00ebeher", "live."], "2": ["many", "would", "agree", "that", "the", "question", "''what", "make", "a", "artwork", "beautiful''", "play", "a", "minor", "role", "in", "contemporary", "aesthetic", "and", "philosophy", "of", "art,", "where", "the", "question", "have", "be", "update", "to", "''what", "make", "a", "artwork", "meaningful", "or", "valuable?''"], "3": ["now", "that", "the", "world", "be", "in", "the", "age", "where", "lighting", "seem", "to", "be", "a", "daily", "necessity,", "typical", "home", "as", "show", "in", "figure", "1,", "consume", "nearly", "27", "percent", "of", "the", "energy", "use", "today:", "make", "lighting", "as", "the", "major", "source", "of", "electricity", "consumption."], "4": ["we", "describe", "the", "process", "for", "apply", "the", "operator", "and", "generate", "mutant,", "and", "present", "a", "case", "study", "where", "this", "mutation", "operator", "be", "apply", "to", "two", "real-world", "application."], "5": ["be", "that", "the", "one", "where", "you", "be", "the", "captain", "of", "the", "team,", "in", "2005?"], "6": ["the", "big", "hit", "of", "the", "evening,", "Wikinews", "observe", "from", "the", "long", "line,", "be", "the", "Polaroid-room", "where", "attendee", "could", "wear", "a", "Warhol-like", "wig", "or", "don", "crazy", "glass", "and", "have", "they", "own", "Polaroid", "take."], "7": ["we", "have", "to", "build", "the", "noble", "mansion", "of", "free", "India", "where", "all", "she", "child", "may", "dwell."], "8": ["but", "now", "I", "have", "to", "get", "ready", "to", "go", "with", "he", "to", "the", "lion", "fountain,", "where", "most", "of", "the", "other", "be", "gather."], "9": ["in", "she", "opening", "remark", "for", "attendee,", "Waters", "point", "out", "that", "feature", "to", "attendee,", "note", "the", "touch", "of", "the", "Warhol", "Factory,", "or", "the", "studio", "where", "he", "work,", "that", "be", "present", "around", "they."], "10": ["I", "say,", "first", "of", "all,", "that", "I", "believe", "in", "America", "where", "work", "be", "available", "to", "that", "who", "be", "willing", "and", "able", "to", "work,", "where", "the", "waste", "of", "idle", "man", "and", "machine", "could", "be", "avoid,", "and", "where", "great", "economic", "growth", "could", "provide", "the", "new", "job", "and", "the", "new", "market", "that", "we", "grow", "Nation", "need."], "11": ["this", "be", "the", "37th", "time", "I", "have", "speak", "to", "you", "from", "this", "office,", "where", "so", "many", "decision", "have", "be", "make", "that", "shape", "the", "history", "of", "this", "Nation."], "12": ["concept", "be", "inform", "by", "we", "semantic", "memory", "(you", "will", "learn", "more", "about", "semantic", "memory", "in", "a", "late", "chapter)", "and", "be", "present", "in", "every", "aspect", "of", "we", "life;", "however,", "one", "of", "the", "easiest", "place", "to", "notice", "concept", "be", "inside", "a", "classroom,", "where", "they", "be", "discuss", "explicitly."], "13": ["at", "Antioch,", "where", "he", "stay", "the", "longest,", "two", "of", "he", "companion", "die", "and", "he", "himself", "be", "seriously", "ill", "more", "than", "once."], "14": ["itbe", "this", "quiet", "experience", "where", "you", "be", "try", "to", "soak", "in", "what", "the", "joke", "be,", "have", "we", "do", "anything", "like", "this,", "be", "it", "a", "unique", "take,", "what", "be", "other", "people", "do."], "15": ["often", "I", "would", "find", "myself", "enter", "that", "crypt,", "deep", "dig", "in", "the", "earth,", "with", "they", "wall", "on", "either", "side", "line", "with", "the", "body", "of", "the", "dead,", "where", "everything", "be", "so", "dark", "that", "almost", "it", "seem", "as", "though", "the", "Psalmist's", "word", "be", "fulfil,", "let", "they", "go", "down", "quick", "into", "Hell.", "[14]"], "16": ["she", "then", "move", "to", "Boston,", "where", "she", "attend", "Suffolk", "University."], "17": ["in", "true", "grit", "fashion,", "for", "you", "next", "try,", "you", "study", "that", "item", "on", "you", "list", "where", "you", "find", "you", "need", "a", "bit", "more", "information,", "and", "then", "you", "go", "through", "you", "list", "again."], "18": ["in", "response", "to", "the", "aforementioned", "situation", "where", "the", "three", "type", "of", "light", "be", "compare", "by", "they", "efficiency", "and", "effectiveness", "as", "light", "source,", "the", "proponent", "conduct", "this", "study."], "19": ["this", "theory,", "along", "with", "other", "theory", "of", "correspondence", "in", "translate,", "be", "elaborate", "in", "he", "essay", "principle", "of", "Correspondence,", "where", "Nida", "begin", "by", "assert", "that", "give", "that", "\"no", "two", "language", "be", "identical,", "either", "in", "the", "meaning", "give", "to", "corresponding", "symbol", "or", "in", "the", "way", "in", "which", "symbol", "be", "arrange", "in", "phrase", "and", "sentence,", "it", "stand", "to", "reason", "that", "there", "can", "be", "no", "absolute", "correspondence", "between", "language."], "20": ["and", "to", "escape", "this", "relentless", "thing", "I", "plunge", "gladly", "and", "unhesitantly", "into", "the", "stinking", "shallow", "where", "amidst", "weedy", "wall", "and", "sink", "street", "fat", "sea-worms", "feast", "upon", "the", "world's", "dead."], "21": ["I", "have", "hear", "family", "in", "the", "South", "Pacific", "who", "fear", "they", "life", "be", "sweep", "away", "by", "rise", "seas;", "young", "refuge", "in", "the", "Middle", "East", "yearn", "for", "a", "return", "to", "school", "and", "home;", "Ebola", "survivor", "in", "North", "Kivu", "struggle", "to", "rebuild", "they", "life;", "woman", "demand", "equality", "and", "opportunity;", "people", "of", "all", "belief", "and", "tradition", "who", "suffer", "simply", "because", "of", "who", "they", "be;", "and", "so", "many", "other."], "22": ["instead", "of", "be", "take", "to", "a", "hotel,", "where", "he", "could", "route", "out", "as", "promise,", "he", "be", "take", "to", "the", "Century", "City", "Towers."], "23": ["so", "I", "think", "the", "first", "question", "be,", "what", "be", "this", "all", "about,", "why", "should", "we", "even", "be", "debate", "NATO,", "be", "there", "any", "reason", "why", "it", "should", "exist?"], "24": ["the", "stampede", "at", "Islam's", "most", "holy", "site", "happen", "at", "Jamarat", "Bridge,", "during", "a", "event", "where", "pebble", "be", "throw", "at", "a", "pillar", "to", "represent", "the", "stone", "of", "Satan", "as", "part", "of", "the", "final", "rite", "of", "the", "hajj."], "25": ["she", "win", "the", "Cannes", "Film", "Festival", "Award", "for", "best", "actress", "for", "Seven", "Days", "...", "Seven", "Night", "(1960),", "the", "BAFTA", "Award", "for", "best", "foreign", "actress", "for", "Viva", "Maria!", "(1965),", "and", "the", "C\u00e9sar", "Award", "for", "best", "actress", "for", "the", "Old", "Lady", "who", "walk", "in", "the", "Sea", "(1992)."], "26": ["tension", "be", "heighten", "in", "South", "Asia,", "where", "difference", "need", "to", "be", "address", "through", "dialogue."], "27": ["I", "dream", "that", "I", "be", "at", "the", "offworlder's", "home,", "where", "it", "be", "summer", "but", "no", "one", "be", "take", "care", "of", "the", "stabros,", "and", "they", "be", "all", "glad,", "and", "so", "I", "be", "a", "hero", "-", "and", "I", "be", "startle", "awake", "by", "gunfire."], "28": ["someone", "from", "a", "country", "where", "dog", "meat", "be", "standard", "fare", "might", "find", "it", "off", "-", "put", "to", "see", "a", "dog", "in", "a", "french", "restaurant", "\u2014", "not", "on", "the", "menu,", "but", "as", "a", "pet", "and", "patron's", "companion."], "29": ["in", "the", "1990,", "Fillmore", "teach", "class", "in", "computational", "lexicography", "at", "the", "University", "of", "Pisa,", "where", "he", "meet", "Sue", "Atkins,", "who", "be", "conduct", "frame-semantic", "analysis", "from", "a", "lexicographic", "perspective."], "30": ["but", "light", "where", "star", "be", "bear", "and", "from", "where", "they", "die."], "31": ["he", "be", "not", "baptize", "until", "about", "360", "-", "366,", "when", "he", "have", "go", "to", "Rome", "with", "he", "friend", "Bonosus", "of", "Sardica", "(who", "may", "or", "may", "not", "have", "be", "the", "same", "Bonosus", "whom", "Jerome", "identify", "as", "he", "friend", "who", "go", "to", "live", "as", "a", "hermit", "on", "a", "island", "in", "the", "Adriatic)", "to", "pursue", "rhetorical", "and", "philosophical", "study."], "32": ["after", "several", "year", "in", "Rome,", "he", "travel", "with", "Bonosus", "to", "Gaul", "and", "settle", "in", "Trier", "where", "he", "seem", "to", "have", "first", "take", "up", "theological", "study,", "and", "where,", "for", "he", "friend", "Tyrannius", "Rufinus,", "he", "copy", "Hilary", "of", "Poitiers's", "commentary", "on", "the", "Psalm", "and", "the", "treatise", "De", "synodis."], "33": ["this", "accomplish", "two", "thing:", "first,", "you", "be", "able", "to", "immediately", "spot", "area", "where", "you", "need", "to", "learn", "more,", "and", "second,", "you", "can", "check", "you", "summary", "against", "the", "text", "to", "make", "certain", "what", "you", "know", "be", "correct", "and", "adequate."], "34": ["the", "presence", "of", "thousand", "of", "National", "Guardsmen,", "police,", "and", "secret", "Service", "be", "a", "reminder", "that", "2", "week", "ago,", "in", "this", "very", "room", "and", "on", "that", "very", "step", "where", "President", "Biden", "take", "the", "oath,", "a", "mob", "of", "violent", "criminal", "try", "to", "dismantle", "we", "democracy\u2014we", "sacred", "democracy\u2014brick", "by", "brick", "and", "would", "try", "again", "if", "they", "could."], "35": ["the", "traditional", "greeting", "know", "as", "the", "wai,", "where", "you", "press", "you", "hand", "together", "as", "be", "in", "prayer", "and", "bow", "slightly,", "be", "derive", "from", "the", "hindu", "cultural", "influence", "from", "India,", "and", "still", "widely", "practise."], "36": ["I", "actually", "want", "to", "get", "one", "of", "that", "acrylic", "thing", "where", "the", "lipstick", "can", "just", "stand", "up", "in", "it", "and", "it", "look", "super", "neat."], "37": ["so", "I", "do", "bring", "that", "up,", "the", "whole", "thing", "I", "be", "talk", "about", "before", "in", "therapy,", "where", "I", "have", "a", "really", "hard", "time", "with", "my", "appearance."], "38": ["after", "graduate", "he", "attend", "Camp", "Wycliffe,", "where", "Bible", "translation", "theory", "be", "teach."], "39": ["I", "donot", "know", "if", "you", "guy", "have", "see", "that", "like", "TikToks", "where", "people", "try", "and", "drink", "different", "thing", "like", "pickle", "juice", "and", "water", "and", "gatorade."], "40": ["I", "get", "test", "on", "Wednesday,", "and", "when", "Ibe", "test", "on", "Wednesday,", "I", "remember", "that", "night,", "um", "I", "believe", "that", "be", "the", "day", "where", "I", "have", "actually", "get", "a", "fever", "and", "chill."], "41": ["but", "I", "will", "say", "with", "wash-n-gobe", "a-", "on", "my", "channel,", "I", "always", "show", "you", "guy", "wash-n-go's", "where", "I", "put", "a", "gel", "on", "there."], "42": ["be", "there", "anything", "similar", "with", "the", "onion", "where", "they", "continually", "revisit", "a", "topic", "or", "person?"], "43": ["that", "make", "it", "much", "easier", "to", "find", "place", "than", "in", "city", "where", "street", "go", "every", "which", "way."], "44": ["the", "onion", "have", "a", "different", "creative", "process", "where", "we", "be", "not", "try", "to", "hit", "everything", "in", "the", "24", "hour", "and", "on", "the", "same", "note."], "45": ["I", "have", "bury", "my", "husband", "in", "a", "lead", "box", "sink", "into", "the", "mud", "of", "the", "bottom", "of", "the", "river,", "where", "all", "the", "riverboatmen", "lie."], "46": ["it", "be", "in", "the", "spectral", "summer", "when", "the", "moon", "shine", "down", "on", "the", "old", "garden", "where", "I", "wander;", "the", "spectral", "summer", "of", "narcotic", "flower", "and", "humid", "seas", "of", "foliage", "that", "bring", "wild", "and", "many-coloured", "dream."], "47": ["that", "year,", "Marbles", "start", "she", "career", "with", "Barstool", "Sports,", "where", "she", "write", "for", "they", "female-oriented", "site", "StoolLaLa."], "48": ["we", "then", "drill", "a", "tunnel", "to", "a", "pot", "(the", "forage", "arena),", "where", "the", "ant", "get", "the", "choice", "between", "the", "food", "with", "medicine", "and", "the", "food", "without."], "49": ["some", "archival", "investigation", "on", "the", "original", "letter", "suggest", "that", "the", "woman", "of", "romantic", "interest", "be", "a", "Mademoiselle", "St\u00e9phanie-F\u00e9licie", "Poterin", "du", "Motel,", "[18]", "the", "daughter", "of", "the", "physician", "at", "the", "hostel", "where", "Galois", "stay", "during", "the", "last", "month", "of", "he", "life."], "50": ["this", "be", "exploit", "by", "the", "wing", "of", "a", "aeroplane", "which", "be", "design", "to", "create", "a", "area", "above", "its", "surface", "where", "the", "air", "velocity", "increase."], "51": ["Marbles", "be", "bear", "and", "raise", "in", "Rochester,", "New", "York,", "where", "she", "graduate", "from", "Brighton", "High", "School", "in", "2004."], "52": ["we", "mix", "different", "concentration", "of", "ROS", "with", "the", "spore,", "plate", "they", "out", "on", "petridish", "with", "a", "agar-solution", "where", "fungus", "can", "grow", "on."], "53": ["thatbe", "the", "reason", "why", "I", "have", "he", "fill", "out", "that", "portion", "of,", "or", "he", "want", "to", "write", "that", "check,", "be", "so", "I", "would", "save", "that", "money,", "so", "I", "would", "do", "that", "job."], "54": ["Fillmore", "spend", "three", "year", "in", "the", "U.S.", "Army", "station", "in", "Japan,", "where", "he", "intercept", "code", "Russian", "conversation", "on", "short-wave", "radio", "and", "teach", "himself", "Japanese.", "[2]"], "55": ["to", "continue", "to", "fight", "through", "the", "month", "ahead", "for", "my", "personal", "vindication", "would", "almost", "totally", "absorb", "the", "time", "and", "attention", "of", "both", "the", "President", "and", "the", "Congress", "in", "a", "period", "when", "we", "entire", "focus", "should", "be", "on", "the", "great", "issue", "of", "peace", "abroad", "and", "prosperity", "without", "inflation", "at", "home."], "56": ["set", "aside", "a", "area", "of", "the", "house", "where", "you", "can", "put", "all", "the", "pack", "box."], "57": ["in", "a", "context", "where", "a", "minor", "miscalculation", "can", "lead", "to", "a", "major", "confrontation,", "we", "must", "do", "everything", "possible", "to", "push", "for", "reason", "and", "restraint."], "58": ["in", "1893,", "Higuchi,", "she", "mother", "and", "she", "sister", "abandon", "they", "middle", "class", "house", "and,", "with", "a", "grim", "determination", "to", "survive,", "move", "to", "a", "poor", "neighborhood", "where", "they", "open", "a", "stationery", "store", "that", "before", "long", "fail."], "59": ["gameplay", "be", "delay", "during", "the", "\"third", "map\"", "(third", "round)", "of", "the", "final,", "when", "one", "Immortals", "player", "be", "catch", "with", "they", "headset", "off."], "60": ["from", "1947", "to", "1960,", "he", "teach", "at", "the", "University", "of", "California", "at", "Berkeley,", "where", "in", "1952,", "he", "become", "Agassiz", "Professor", "of", "Oriental", "Languages."], "61": ["earthworm", "rise", "up", "from", "the", "water-laden", "earth", "where", "they", "could", "no", "longer", "breath", "and", "wriggle", "and", "struggle", "for", "air", "on", "the", "surface,", "writhe", "and", "swim", "for", "a", "safe", "haven."], "62": ["consider", "the", "importance", "of", "the", "proper", "functioning", "of", "attention,", "because", "of", "its", "involvement", "in", "the", "regulation", "of", "thought", "and", "emotion,", "maintain", "the", "performance", "of", "this", "process", "be", "very", "important,", "especially", "in", "school,", "where", "the", "child", "must", "acquire", "content", "in", "a", "environment", "full", "of", "countless", "distractor."], "63": ["Rathbun", "assert", "that", "Scientology", "official,", "\"...", "ply", "the", "Sheriff's", "detective", "with", "a", "grand", "conspiracy", "theory,", "characterize", "I", "as", "the", "'anti-christ'", "of", "the", "church", "of", "Scientology.", "...", "the", "next", "thing", "Daniel", "know", "hebe", "in", "a", "cell", "where", "he", "sit", "for", "the", "next", "30", "hour.\""], "64": ["bear", "in", "Tianjin", "with", "ancestry", "in", "Changzhou,", "Jiangsu", "province,", "Chao", "go", "to", "the", "United", "States", "with", "a", "Boxer", "Indemnity", "Scholarship", "in", "1910", "to", "study", "mathematics", "and", "physics", "at", "Cornell", "University,", "where", "he", "be", "a", "classmate", "and", "lifelong", "friend", "of", "Hu", "Shih,", "the", "leader", "of", "the", "New", "Culture", "Movement."], "65": ["next", "come", "a", "stay", "of", "at", "least", "several", "month,", "or", "possibly", "year,", "with", "Rufinus", "at", "Aquileia,", "where", "he", "make", "many", "Christian", "friend."], "66": ["Padalecki", "win", "Fox", "Broadcasting's", "1999", "\"Claim", "to", "Fame", "Contest\";", "he", "subsequently", "appear", "at", "the", "Teen", "Choice", "Award,", "where", "he", "meet", "a", "agent.", "[5]"], "67": ["Gordon", "be", "bring", "up", "and", "remain", "a", "lifelong", "Roman", "Catholic,", "at", "a", "time", "when", "the", "Church", "be", "be", "persecute", "in", "Scotland,", "which", "have", "become", "Calvinist."]}