{"0": ["we", "have", "two", "chair", "where", "we", "can", "sit", "down", "and", "sort", "of", "enjoy", "the", "weather", "when", "it", "be", "a", "little", "bit", "better,", "um", "but", "now", "itbe", "really", "cold", "so", "just", "gonna", "close", "it."], "1": ["itbe", "the", "first", "week", "that", "Ihave", "be", "actually", "able", "to", "say", "the", "word\"", "Ibe", "pregnant\"", "and", "have", "it", "not", "feel", "really", "weird."], "2": ["\"I", "think", "Siri", "die,", "they", "scoop", "he", "out", "and", "throw", "he", "away", "and", "yoube", "some", "whole", "other", "kid", "that", "just,", "just", "grow", "back", "out", "of", "what", "be", "leave."], "3": ["the", "30th", "anniversary", "of", "the", "first", "shuttle", "mission", "coincide", "with", "the", "50th", "anniversary", "of", "the", "first", "manned", "space", "flight", "when", "Yuri", "Gagarin", "lift", "off", "aboard", "Vostok", "1", "into", "space."], "4": ["they", "will", "not", "kill", "mouse", "but", "they", "should", "keep", "they", "out", "of", "area", "where", "the", "product", "be", "apply."], "5": ["at", "the", "initial", "meeting", "it", "become", "apparent", "that", "most", "participant", "be", "there", "to", "learn", "more", "about", "digital", "humanity", "and", "be", "not", "(yet)", "in", "the", "situation", "where", "they", "be", "able", "to", "offer", "expertise", "on", "the", "subject."], "6": ["and", "if", "we", "can", "obtain", "the", "early", "passage", "of", "a", "effective", "tax", "cut", "which", "the", "House", "of", "Representatives", "have", "already", "pass--and", "which", "the", "Ways", "and", "means", "Committee,", "on", "which", "Bill", "Green", "serve,", "write--we", "shall", "be", "sailing", "this", "country", "next", "year", "on", "the", "longest", "and", "strongest", "peacetime", "expansion", "of", "we", "economy", "in", "the", "history", "of", "the", "United", "States."], "7": ["Tasmania", "be", "exclude", "from", "the", "study", "-", "where", "a", "voluntary", "iodine", "fortification", "program", "use", "iodised", "salt", "in", "bread,", "be", "ongoing."], "8": ["first,", "specialization", "in", "a", "particular", "small", "job", "allow", "worker", "to", "focus", "on", "the", "part", "of", "the", "production", "process", "where", "they", "have", "a", "advantage."], "9": ["typical", "treatment", "take", "the", "dilution,", "with", "ritualise", "shake", "between", "each", "step", "of", "the", "dilution,", "past", "the", "level", "where", "any", "molecule", "of", "the", "original", "substance", "be", "likely", "to", "remain;", "for", "homeopathic", "treatment", "to", "work,", "basic", "well-understand", "concept", "in", "chemistry", "and", "physics", "would", "have", "to", "be", "wrong."], "10": ["there", "be", "also", "small", "migrant", "Eegimaa", "community", "in", "village", "like", "Djifanghor", "(east", "of", "Ziguinchor)", "and", "in", "Bourofaye", "(south", "of", "Ziguinchor),", "where", "they", "cohabit", "with", "speaker", "of", "Ba\u00efnounk", "language."], "11": ["I", "basically", "like", "create", "a", "digital", "calendar", "where", "Ibe", "gonna", "go", "over", "each", "of", "the", "chapter,", "just", "because", "I", "only", "have", "one", "week", "leave", "to", "study."], "12": ["last", "June,", "we", "host", "the", "Vienna", "Energy", "Forum,", "where", "about", "1,400", "participant", "discuss", "alternative", "energy", "concept", "to", "reach", "the", "energy", "goal", "of", "the", "United", "Nations."], "13": ["in", "1801,", "he", "be", "send", "to", "Harrow,", "where", "he", "remain", "until", "July", "1805.", "[6]"], "14": ["in", "2015,", "a", "initiative", "be", "start", "to", "set", "up", "a", "dutch", "speak", "dh+Lib", "community", "in", "the", "Netherlands", "and", "Belgium,", "base", "on", "the", "example", "of", "the", "american", "communal", "space", "of", "librarian,", "archivist,", "LIS", "graduate", "student,", "and", "information", "specialist", "to", "discuss", "topic", "'where", "the", "digital", "humanity", "and", "Libraries", "meet'."], "15": ["no,", "a", "random", "guy,", "who", "be", "like", "sit", "about", "where", "you", "be."], "16": ["I", "talk", "instead", "about", "the", "kind", "of", "America", "that", "I", "want", "for", "my", "family", "and", "for", "you", "family", "and", "all", "that", "who", "be", "citizen", "of", "this", "country", "in", "this", "difficult", "and", "change", "year,", "the", "kind", "of", "America", "in", "which", "I", "believe,", "not", "as", "a", "Democrat", "or", "as", "a", "candidate,", "but", "as", "a", "citizen."], "17": ["it", "be", "spring,", "the", "barren", "time", "in", "March", "when", "you", "can", "not", "be", "sure", "if", "it", "be", "really", "warmer,", "but", "you", "be", "so", "desperate", "for", "change", "that", "you", "tell", "yourself", "the", "mud", "at", "the", "edge", "of", "the", "sidewalk", "be", "different", "from", "winter", "mud", "and", "you", "be", "sure", "that", "the", "smell", "of", "wet", "soil", "have", "suddenly", "a", "bit", "of", "the", "scent", "of", "summer", "rain,", "of", "grass", "and", "drown", "earthworm."], "18": ["place", "near", "entrance", "and", "in", "place", "where", "mouse", "seem", "to", "go."], "19": ["like", "I", "donot", "even", "think", "I", "would", "be", "able", "to", "wake", "up", "for", "my", "8:15", "a.m.", "yoga", "class", "that", "I", "sign", "up", "for,", "but", "I", "be", "awake."], "20": ["country", "that", "be", "color", "yellow", "be", "monarchy", "where", "the", "people", "play", "little", "part", "in", "govern."], "21": ["this", "be", "the", "large", "island,", "where", "Neiafu", "be", "find."]}