{"0": [], "1": [], "2": [], "3": [[[1], [7]]], "4": [], "5": [], "6": [], "7": [[[0], [14]]], "8": [], "9": [], "10": [], "11": [], "12": [], "13": [], "14": [], "15": [], "16": [], "17": [], "18": [], "19": [[[0, 1, 2], [16, 17, 18]], [[34, 35], [48, 49]]], "20": [], "21": [], "22": [[[9, 10, 11], [27], [34]]], "23": [], "24": [[[5], [24]]], "25": [], "26": [], "27": [], "28": [], "29": [], "30": [], "31": [], "32": [], "33": [], "34": [], "35": [], "36": [[[1, 2, 3], [17], [25]]], "37": [[[14], [18]]], "38": [[[0, 1, 2, 3], [11]]], "39": [], "40": [], "41": [[[8], [18]]], "42": [], "43": [], "44": [[[2], [20], [28]]], "45": [], "46": [], "47": [], "48": [[[0, 1, 2, 3, 4, 5, 6, 7, 8, 9, 10, 11, 12, 13, 14, 15, 16], [18]]], "49": [[[3, 4], [5]]], "50": [], "51": [], "52": [], "53": [], "54": [], "55": [], "56": [], "57": [], "58": [], "59": [], "60": [[[1], [5]]], "61": [], "62": [], "63": [], "64": [], "65": [[[12, 13], [21]]], "66": [[[0, 1, 2, 3, 4], [12]]], "67": [[[11, 12, 13, 14, 15, 16, 17, 18, 19], [27]]], "68": [], "69": [[[30], [34], [38]]], "70": [], "71": [[[3], [9], [19]]], "72": [], "73": [], "74": [], "75": [], "76": [], "77": [], "78": [], "79": [[[1], [3]]], "80": [], "81": [], "82": [], "83": [[[2], [4]]], "84": [], "85": [], "86": [], "87": [[[6], [22]]], "88": [], "89": [[[0], [1]]], "90": [[[9], [16]], [[39, 40], [46]]], "91": [[[0, 1, 2, 3], [8]]], "92": [], "93": [], "94": [], "95": [], "96": [[[2, 3, 4], [14]]], "97": [[[0, 1, 2, 3, 4, 5, 6, 7, 8, 9, 10, 11, 12], [17]]], "98": [[[4], [17]], [[38], [49]]], "99": [], "100": [], "101": [], "102": [], "103": [], "104": [], "105": [], "106": [[[19, 20], [24], [26]]], "107": [[[11, 12], [17], [20]]], "108": [[[30], [34]]], "109": [[[0, 1, 2, 3, 4, 5, 6, 7, 8, 9, 10, 11, 12], [16]]], "110": [], "111": [[[17], [20]]], "112": [], "113": [[[1], [5], [8], [16], [39]], [[5, 6], [32]]], "114": [[[0], [9]]], "115": [], "116": [], "117": [], "118": [], "119": [], "120": [], "121": [], "122": [[[0], [4], [14]]], "123": [[[4, 5], [7]]], "124": [], "125": [[[0, 1], [3]]], "126": [], "127": [], "128": [], "129": [], "130": [[[21], [26]]], "131": [[[10, 11, 12, 13, 14, 15, 16, 17, 18, 19], [25]]], "132": [[[3], [6], [18]]], "133": [], "134": [], "135": [], "136": [], "137": [], "138": [[[15], [17]]], "139": [], "140": [[[13], [16]]], "141": [], "142": [], "143": [[[3, 4], [28]]], "144": [], "145": [[[6, 7, 8], [17]]], "146": [], "147": [[[21], [23]]], "148": [[[1], [8]]], "149": [], "150": [], "151": [], "152": [], "153": [], "154": [], "155": [], "156": [], "157": [], "158": [], "159": [], "160": [[[21], [34], [42]]], "161": [], "162": [[[1], [5]]], "163": [], "164": [[[10, 11], [23, 24]]], "165": [], "166": [], "167": [[[0, 1], [16]]], "168": [[[10, 11], [18]]], "169": [], "170": [[[2, 3], [10]], [[24], [37]]], "171": [], "172": [[[8], [24]]], "173": [], "174": [], "175": [[[3, 4, 5, 6, 7, 8, 9, 10, 11, 12, 13, 14, 15, 16, 17, 18, 19, 20, 21, 22, 23, 24, 25, 26, 27, 28, 29, 30, 31, 32, 33, 34, 35, 36, 37, 38, 39, 40, 41, 42, 43, 44, 45, 46, 47, 48, 49, 50, 51, 52, 53, 54, 55, 56, 57, 58, 59, 60, 61, 62, 63, 64], [10]], [[29, 30, 31, 32, 33, 34, 35, 36], [40], [59]]], "176": [[[0], [5], [23]]], "177": [], "178": [], "179": [], "180": [], "181": [[[0, 1], [9]]], "182": [], "183": [], "184": [[[55, 56], [62], [72]]], "185": [], "186": [], "187": [], "188": [], "189": [[[0], [3], [6]]], "190": [], "191": [], "192": [], "193": [[[0], [12], [15]]], "194": [], "195": [[[7], [9], [15]]], "196": [], "197": [], "198": [[[10], [44]]], "199": [], "200": [], "201": [[[10, 11, 12, 13, 14], [25]], [[16], [22]]], "202": [], "203": [[[0], [3]]], "204": [], "205": [[[8, 9, 10], [19]]], "206": [], "207": [], "208": [], "209": [], "210": [], "211": [[[0], [10]]], "212": [], "213": [], "214": [], "215": [], "216": [], "217": [], "218": [], "219": [], "220": [], "221": [], "222": [], "223": [[[21, 22], [31]]], "224": [], "225": [[[0, 1, 2, 3, 4], [12]]], "226": [], "227": [], "228": [], "229": [], "230": [[[0], [8]]], "231": [], "232": [], "233": [], "234": [], "235": [], "236": [], "237": [[[21, 22, 23], [31]]], "238": [], "239": [[[27], [30]]], "240": [], "241": [], "242": [], "243": [[[0], [8]]], "244": [[[0], [11]]], "245": [[[8], [12]]], "246": [[[0, 1, 2, 3, 4], [16]]], "247": [], "248": [[[0, 1, 2, 3, 4, 5, 6, 7], [9]]], "249": [], "250": [], "251": [], "252": [], "253": [], "254": [], "255": [], "256": [], "257": [], "258": [], "259": [], "260": [], "261": [[[11], [14], [16]], [[14, 15], [27]]], "262": [[[8, 9, 10, 11, 12, 13, 14, 15], [12]]], "263": [], "264": [], "265": [], "266": [], "267": [], "268": [], "269": [], "270": [], "271": [], "272": [[[9, 10], [14]]], "273": [[[0, 1, 2, 3], [13]], [[33, 34], [36]]], "274": [[[0], [27]]], "275": [], "276": [], "277": [], "278": [], "279": [[[0], [16]]], "280": [], "281": [], "282": [[[14, 15], [34]]], "283": [], "284": [], "285": [], "286": [], "287": [], "288": [[[0], [4], [15], [20]]], "289": [[[3], [11]]], "290": [], "291": [], "292": [], "293": [], "294": [], "295": [], "296": [], "297": [], "298": [], "299": [], "300": [], "301": [], "302": [], "303": [[[2], [11], [17], [30]], [[7], [22]]], "304": [[[10], [13, 14]]], "305": [[[0], [10], [16]], [[32], [35]]], "306": [[[0], [17]]], "307": [], "308": [], "309": [[[0, 1, 2, 3, 4, 5, 6, 7], [20]]], "310": [], "311": [], "312": [], "313": [[[11], [15]], [[54, 55], [62]]], "314": [], "315": [], "316": [], "317": [[[3], [7]], [[24, 25, 26, 27, 28, 29], [31]]], "318": [[[0], [1], [7], [18], [22], [25]]], "319": [], "320": [], "321": [], "322": [[[22, 23, 24, 25, 26], [30]]], "323": [], "324": [], "325": [], "326": [], "327": [[[22], [25]]], "328": [], "329": [], "330": [[[19], [23], [26]]], "331": [[[7], [40], [55]]], "332": [[[1], [15], [22]]], "333": [[[26], [31]]], "334": [], "335": [], "336": [[[7], [25, 26], [36]]], "337": [[[23, 24, 25, 26, 27, 28, 29, 30, 31, 32, 33, 34, 35, 36, 37, 38, 39, 40, 41, 42], [33], [41]]], "338": [], "339": [[[12], [18], [22], [27]]], "340": [[[0], [11]]], "341": [[[1], [2], [4]]], "342": [], "343": [[[4], [13]]], "344": [[[8], [10]]], "345": [[[2, 3, 4, 5], [7]]], "346": [], "347": [], "348": [[[28], [38]]], "349": [], "350": [], "351": [[[14], [26]]], "352": [], "353": [[[58, 59], [61]]], "354": [], "355": [], "356": [], "357": [], "358": [], "359": [[[27, 28, 29, 30], [33]], [[49], [54]]], "360": [], "361": [], "362": [], "363": [], "364": [], "365": [], "366": [], "367": [[[5, 6], [17, 18]]], "368": [], "369": [], "370": [], "371": [], "372": [], "373": [], "374": [[[13], [16], [21], [24], [28]]], "375": [], "376": [], "377": [], "378": [], "379": [[[11], [14]]], "380": [[[0], [25], [28]]], "381": [[[8], [15]]], "382": [], "383": [[[0], [18]]], "384": [], "385": [], "386": [[[4], [15], [21]]], "387": [], "388": [], "389": [], "390": [], "391": [], "392": [], "393": [[[0], [10]]], "394": [], "395": [], "396": [], "397": [], "398": [[[1], [8], [29]]], "399": [], "400": [], "401": [], "402": [], "403": [], "404": [[[10, 11], [19], [25], [27]]], "405": [[[4, 5, 6, 7], [19]]], "406": [], "407": [], "408": [], "409": [], "410": [], "411": [], "412": [], "413": [], "414": [], "415": [], "416": [[[22], [34]]], "417": [[[0], [5]]], "418": [], "419": [[[7], [21], [26]]], "420": [], "421": [], "422": [[[0, 1, 2, 3], [10]]], "423": [[[0], [29]]], "424": [], "425": [[[0, 1, 2], [23]]], "426": [], "427": [], "428": [], "429": [], "430": [], "431": [[[14], [20]]], "432": [], "433": [[[2], [9]]], "434": [], "435": [], "436": [], "437": [], "438": [], "439": [[[0], [13], [26]]], "440": [], "441": [], "442": [], "443": [[[5, 6], [8]]], "444": [[[0], [23]], [[3, 4, 5, 6], [13], [21]]], "445": [], "446": [], "447": [], "448": [[[13], [30]]], "449": [], "450": [], "451": [], "452": [], "453": [], "454": [], "455": [], "456": [], "457": [], "458": [], "459": [[[2], [4]]], "460": [[[21], [30]]], "461": [], "462": [], "463": [[[1], [13]]], "464": [], "465": [[[9], [15]]], "466": [], "467": [], "468": [], "469": [[[9], [11]]], "470": [], "471": [[[3], [16]]], "472": [[[23, 24], [40]], [[35, 36], [53]]], "473": [[[0, 1, 2, 3, 4], [17]]], "474": [[[1], [7]], [[4], [10], [15], [20]]], "475": [], "476": [[[18], [21]]], "477": [], "478": [], "479": [], "480": [], "481": [[[4], [14], [18], [20], [24], [28]]], "482": [[[9], [13]]], "483": [[[17], [21]]], "484": [], "485": [], "486": [[[11], [16]]], "487": [], "488": [], "489": [], "490": [], "491": [], "492": [], "493": [], "494": [], "495": [], "496": [], "497": [], "498": [], "499": [], "500": [], "501": [[[6], [19]]], "502": [], "503": [], "504": [], "505": [], "506": [], "507": [], "508": [[[0, 1, 2, 3, 4, 5, 6, 7, 8, 9], [13], [22]]], "509": [], "510": [], "511": [[[4], [12]]], "512": [], "513": [], "514": [], "515": [], "516": [], "517": [[[3], [6]], [[9], [26]]], "518": [], "519": [[[0], [18]]], "520": [], "521": [], "522": [], "523": [[[0, 1], [26]]], "524": [[[13], [21], [23]]], "525": [], "526": [], "527": [], "528": [], "529": [], "530": [], "531": [[[1, 2, 3], [11], [15]], [[21, 22], [24]]], "532": [[[0], [4]]], "533": [], "534": [[[1, 2, 3, 4, 5, 6, 7, 8, 9], [24]]], "535": [], "536": [], "537": [], "538": [[[32], [35]]], "539": [[[29], [42]]], "540": [[[2, 3, 4], [9], [14], [17], [42], [53], [59]]], "541": [], "542": [], "543": [], "544": [], "545": [[[2, 3, 4, 5, 6], [20]]], "546": [[[0], [15], [19]]], "547": [], "548": [[[6, 7], [25]], [[34], [37]]], "549": [], "550": [], "551": [[[49], [54]]], "552": [], "553": [], "554": [], "555": [], "556": [], "557": [], "558": [], "559": [], "560": [], "561": [[[5], [11]]], "562": [], "563": [], "564": [], "565": [], "566": [], "567": [], "568": [], "569": [[[0, 1, 2], [7]]], "570": [[[0, 1, 2, 3, 4, 5, 6, 7, 8, 9, 10, 11, 12, 13, 14, 15, 16, 17], [28], [35]]], "571": [], "572": [], "573": [[[8], [15]]], "574": [], "575": [], "576": [], "577": [[[1], [10], [13]]], "578": [], "579": [], "580": [[[0, 1, 2, 3, 4, 5], [9], [13], [22]]], "581": [], "582": [], "583": [], "584": [], "585": [], "586": [[[7, 8], [18]]], "587": [], "588": [[[2], [4], [10], [16]]], "589": [], "590": [], "591": [], "592": [], "593": [], "594": [], "595": [], "596": [[[16, 17], [19]]], "597": [], "598": [[[0, 1], [12]]], "599": [], "600": [], "601": [], "602": [[[0, 1, 2, 3], [16]]], "603": [], "604": [[[12, 13, 14], [25]]], "605": [], "606": [], "607": [[[0], [11]]], "608": [[[0, 1, 2, 3], [5]], [[14], [27]]], "609": [], "610": [], "611": [], "612": [], "613": [[[6], [16]]], "614": [], "615": [], "616": [], "617": [[[10], [18]]], "618": [], "619": [[[1, 2, 3], [13]]], "620": [], "621": [], "622": [], "623": [[[3, 4, 5, 6, 7, 8], [17]]], "624": [], "625": [], "626": [[[0], [4]]], "627": [], "628": [], "629": [], "630": [], "631": [], "632": [], "633": [[[2], [8]]], "634": [], "635": [[[0, 1, 2, 3, 4, 5, 6], [10]]], "636": [], "637": [], "638": [], "639": [], "640": [[[0], [27]]], "641": [], "642": [], "643": [], "644": [[[0], [5], [12]]], "645": [[[7, 8], [10]]], "646": [], "647": [], "648": [], "649": [], "650": [], "651": [], "652": [[[4, 5], [9], [20]]], "653": [[[0, 1, 2], [6]]], "654": [], "655": [], "656": [], "657": [], "658": [], "659": [], "660": [], "661": [[[8], [10]]], "662": [], "663": [], "664": [], "665": [], "666": [], "667": [[[3, 4, 5], [18]]]}