{"0": [[0], [1], [2], [3], [4], [5], [6], [7], [8], [9], [10], [11], [12], [13], [14], [15], [16], [17], [18, 19], [20], [21], [22], [23], [24], [25], [26], [27], [28], [29], [30], [31], [32], [33], [34, 35], [36, 37], [38], [39], [40], [41]], "1": [[0], [1], [2], [3], [4], [5], [6], [7, 8], [9], [10], [11], [12], [13], [14], [15], [16], [17, 18], [19], [20, 21], [22], [23], [24], [25], [26], [27], [28], [29], [30], [31], [32], [33], [34], [35], [36], [37], [38], [39, 40], [41]], "2": [[0], [1], [2], [3], [4], [5], [6], [7], [8], [9], [10], [11], [12], [13], [14], [15], [16], [17], [18], [19], [20], [21], [22], [23], [24], [25], [26], [27], [28], [29], [30], [31], [32], [33], [34], [35]], "3": [[0], [1], [2], [3], [4], [5], [6], [7], [8], [9], [10], [11], [12], [13], [14], [15], [16], [17], [18], [19], [20], [21], [22], [23], [24], [25, 26], [27], [28], [29], [30], [31], [32], [33], [34], [35], [36], [37], [38], [39], [40]], "4": [[0], [1], [2], [3], [4], [5], [6], [7], [8], [9], [10], [11], [12], [13], [14], [15], [16], [17], [18], [19], [20], [21], [22], [23], [24], [25]], "5": [[0], [1], [2], [3], [4], [5], [6], [7], [8], [9], [10], [11], [12], [13]], "6": [[0], [1], [2], [3], [4], [5], [6], [7], [8], [9], [10], [11], [12], [13], [14], [15], [16], [17], [18], [19], [20], [21], [22], [23], [24], [25], [26], [27], [28], [29], [30], [31]], "7": [[0], [1, 2], [3], [4], [5], [6], [7], [8], [9], [10], [11], [12], [13], [14], [15]], "8": [[0], [1], [2], [3, 4], [5], [6], [7], [8, 9], [10], [11], [12], [13], [14], [15], [16], [17], [18], [19], [20], [21]], "9": [[0], [1], [2], [3], [4], [5], [6], [7, 8], [9], [10], [11], [12], [13], [14], [15], [16], [17], [18, 19], [20], [21], [22], [23], [24], [25], [26], [27], [28], [29], [30]], "10": [[0], [1], [2], [3], [4], [5], [6], [7, 8], [9], [10], [11], [12], [13], [14], [15], [16], [17], [18], [19], [20], [21], [22], [23], [24], [25], [26], [27], [28], [29], [30], [31], [32], [33], [34], [35], [36], [37], [38], [39], [40], [41], [42], [43], [44], [45], [46], [47], [48], [49], [50], [51], [52]], "11": [[0], [1], [2], [3], [4], [5], [6], [7], [8], [9], [10], [11], [12], [13], [14], [15], [16], [17], [18], [19], [20], [21], [22], [23], [24], [25], [26]], "12": [[0], [1], [2], [3], [4], [5], [6], [7], [8], [9], [10], [11], [12], [13], [14], [15], [16], [17], [18], [19], [20], [21], [22], [23], [24], [25], [26], [27], [28], [29], [30], [31], [32], [33], [34], [35], [36], [37], [38], [39], [40], [41], [42], [43], [44]], "13": [[0], [1], [2], [3], [4], [5], [6], [7], [8], [9], [10], [11], [12], [13], [14], [15], [16], [17], [18, 19], [20]], "14": [[0], [1], [2], [3], [4], [5], [6], [7], [8], [9], [10], [11], [12], [13], [14], [15], [16], [17], [18], [19], [20], [21, 22], [23], [24], [25], [26], [27], [28], [29], [30]], "15": [[0], [1], [2], [3], [4], [5], [6], [7], [8], [9, 10], [11], [12], [13], [14], [15], [16], [17], [18], [19], [20], [21], [22], [23], [24], [25], [26], [27], [28], [29], [30], [31], [32], [33], [34], [35], [36], [37], [38], [39], [40], [41], [42], [43], [44, 45], [46], [47], [48], [49]], "16": [[0], [1], [2], [3], [4], [5], [6], [7], [8, 9]], "17": [[0], [1], [2], [3], [4], [5], [6], [7], [8], [9], [10], [11], [12], [13], [14], [15], [16], [17], [18], [19], [20], [21], [22], [23], [24], [25], [26], [27, 28], [29], [30], [31]], "18": [[0], [1], [2], [3], [4], [5], [6], [7], [8], [9], [10], [11], [12], [13], [14], [15], [16], [17], [18], [19], [20], [21], [22], [23], [24], [25], [26]], "19": [[0], [1], [2, 3], [4], [5], [6], [7], [8], [9], [10], [11], [12], [13], [14], [15, 16, 17], [18], [19], [20], [21], [22], [23], [24], [25], [26], [27], [28], [29], [30], [31], [32], [33], [34], [35], [36], [37], [38], [39], [40, 41, 42], [43], [44], [45], [46], [47], [48], [49], [50], [51], [52], [53], [54], [55], [56], [57], [58], [59], [60], [61], [62], [63], [64]], "20": [[0], [1], [2], [3], [4], [5], [6], [7], [8], [9], [10], [11], [12], [13], [14], [15], [16], [17], [18], [19], [20], [21], [22], [23], [24], [25], [26], [27], [28]], "21": [[0], [1], [2], [3], [4], [5], [6, 7], [8], [9], [10], [11], [12], [13], [14], [15], [16], [17], [18], [19], [20], [21], [22, 23], [24], [25], [26], [27], [28], [29], [30], [31], [32], [33], [34], [35, 36], [37], [38], [39], [40], [41], [42], [43], [44], [45], [46], [47], [48], [49], [50], [51], [52], [53], [54], [55], [56, 57], [58], [59], [60], [61], [62], [63], [64]], "22": [[0, 1], [2], [3], [4], [5], [6], [7], [8], [9], [10], [11], [12], [13], [14], [15], [16], [17], [18], [19, 20, 21]], "23": [[0], [1], [2], [3], [4], [5], [6], [7], [8], [9], [10], [11], [12], [13], [14], [15], [16], [17], [18], [19, 20], [21], [22], [23], [24], [25], [26]], "24": [[0], [1], [2], [3], [4], [5], [6], [7], [8], [9, 10], [11], [12], [13], [14], [15], [16], [17], [18], [19], [20], [21], [22], [23], [24], [25], [26], [27], [28], [29], [30], [31], [32], [33], [34], [35]], "25": [[0], [1], [2], [3, 4, 5, 6], [7], [8], [9], [10], [11, 12, 13, 14, 15], [16], [17], [18, 19], [20], [21], [22], [23], [24], [25, 26], [27], [28], [29], [30, 31], [32], [33], [34], [35], [36, 37, 38, 39, 40, 41, 42, 43], [44]], "26": [[0], [1], [2], [3], [4, 5], [6], [7], [8], [9], [10], [11], [12], [13]], "27": [[0], [1], [2], [3], [4], [5], [6], [7], [8], [9], [10], [11], [12], [13], [14, 15], [16], [17, 18, 19], [20], [21], [22], [23], [24], [25], [26], [27], [28], [29], [30], [31], [32], [33], [34], [35], [36], [37], [38], [39], [40]], "28": [[0], [1], [2], [3], [4], [5], [6], [7], [8], [9], [10], [11], [12], [13], [14], [15], [16], [17], [18], [19], [20], [21], [22], [23], [24], [25], [26], [27], [28], [29], [30], [31], [32], [33], [34], [35]], "29": [[0], [1], [2], [3], [4], [5], [6], [7], [8], [9], [10], [11, 12, 13], [14], [15], [16], [17, 18], [19], [20], [21], [22], [23], [24], [25], [26], [27]], "30": [[0], [1], [2], [3], [4], [5], [6], [7], [8], [9], [10]], "31": [[0], [1], [2], [3], [4], [5], [6, 7, 8], [9], [10], [11], [12], [13], [14], [15], [16], [17], [18, 19, 20], [21], [22], [23], [24], [25], [26], [27], [28], [29], [30], [31], [32], [33], [34], [35], [36], [37], [38], [39], [40], [41], [42], [43], [44], [45], [46], [47], [48], [49], [50], [51], [52], [53], [54], [55]], "32": [[0], [1], [2], [3], [4], [5], [6], [7], [8], [9], [10], [11], [12], [13], [14], [15], [16], [17], [18], [19], [20], [21, 22], [23], [24], [25], [26], [27], [28], [29], [30, 31], [32], [33], [34, 35, 36], [37], [38], [39], [40], [41], [42], [43], [44, 45]], "33": [[0], [1], [2], [3], [4], [5], [6], [7], [8], [9], [10], [11], [12], [13], [14], [15], [16], [17], [18], [19], [20], [21], [22], [23], [24], [25], [26], [27], [28], [29], [30], [31], [32], [33], [34], [35], [36], [37]], "34": [[0], [1], [2], [3], [4], [5, 6], [7], [8], [9, 10], [11], [12], [13], [14], [15, 16], [17], [18], [19], [20], [21], [22], [23], [24], [25], [26], [27], [28], [29], [30], [31], [32], [33], [34], [35], [36], [37], [38], [39], [40], [41], [42], [43], [44], [45], [46], [47], [48], [49], [50], [51], [52], [53]], "35": [[0], [1], [2], [3], [4], [5], [6], [7], [8], [9], [10], [11], [12], [13, 14], [15], [16], [17], [18], [19], [20], [21], [22], [23], [24], [25], [26], [27], [28], [29], [30], [31], [32]], "36": [[0], [1], [2], [3], [4], [5], [6], [7], [8], [9], [10], [11], [12], [13], [14], [15, 16], [17], [18], [19], [20], [21], [22], [23]], "37": [[0], [1], [2], [3], [4], [5], [6], [7], [8], [9], [10], [11], [12], [13], [14], [15], [16], [17], [18], [19], [20], [21], [22], [23], [24], [25]], "38": [[0], [1], [2], [3], [4, 5], [6], [7], [8], [9], [10], [11]], "39": [[0], [1], [2], [3], [4], [5], [6], [7], [8], [9], [10], [11], [12], [13], [14], [15], [16], [17], [18], [19], [20], [21], [22], [23], [24]], "40": [[0], [1], [2], [3], [4], [5], [6], [7], [8], [9], [10], [11], [12], [13], [14], [15], [16], [17], [18], [19], [20], [21], [22], [23], [24], [25], [26], [27], [28], [29], [30]], "41": [[0], [1], [2], [3], [4], [5], [6], [7], [8], [9], [10], [11], [12], [13], [14], [15], [16], [17], [18], [19], [20], [21], [22]], "42": [[0, 1], [2], [3], [4], [5, 6], [7], [8], [9], [10], [11], [12], [13], [14]], "43": [[0], [1, 2], [3], [4], [5], [6], [7], [8], [9], [10], [11], [12], [13], [14], [15], [16]], "44": [[0, 1], [2], [3], [4], [5], [6], [7], [8], [9], [10], [11], [12], [13], [14], [15], [16], [17, 18], [19], [20], [21], [22], [23]], "45": [[0], [1], [2], [3], [4], [5], [6], [7], [8], [9], [10], [11], [12], [13], [14], [15], [16], [17], [18], [19], [20], [21], [22], [23]], "46": [[0], [1], [2], [3], [4], [5], [6], [7], [8], [9], [10], [11], [12], [13], [14], [15], [16], [17], [18], [19], [20], [21], [22], [23], [24], [25], [26], [27], [28], [29], [30], [31], [32], [33], [34]], "47": [[0], [1], [2], [3], [4], [5], [6], [7, 8], [9], [10], [11], [12], [13], [14], [15], [16]], "48": [[0], [1], [2], [3], [4], [5], [6], [7], [8], [9], [10], [11], [12], [13], [14], [15], [16], [17], [18], [19], [20], [21], [22], [23], [24], [25]], "49": [[0], [1], [2], [3], [4], [5], [6], [7], [8], [9], [10], [11], [12], [13], [14], [15], [16, 17, 18, 19, 20], [21], [22], [23], [24], [25], [26], [27], [28], [29], [30], [31], [32], [33], [34], [35], [36], [37], [38], [39]], "50": [[0], [1], [2], [3], [4], [5], [6], [7], [8], [9], [10], [11], [12], [13], [14], [15], [16], [17], [18], [19], [20], [21], [22], [23]], "51": [[0], [1], [2], [3], [4], [5], [6], [7, 8], [9], [10], [11], [12], [13, 14, 15], [16], [17]], "52": [[0], [1], [2], [3], [4], [5], [6], [7], [8], [9], [10], [11], [12], [13], [14], [15], [16], [17], [18], [19], [20], [21]], "53": [[0], [1], [2], [3], [4], [5], [6], [7, 8], [9], [10], [11], [12], [13], [14], [15], [16], [17], [18], [19], [20], [21], [22], [23], [24], [25], [26], [27], [28], [29], [30], [31]], "54": [[0], [1], [2, 3], [4], [5], [6, 7], [8], [9], [10], [11], [12], [13], [14], [15], [16], [17], [18], [19], [20], [21], [22], [23], [24]], "55": [[0], [1], [2], [3], [4], [5], [6], [7], [8], [9], [10], [11], [12], [13], [14], [15], [16], [17], [18], [19], [20], [21], [22], [23], [24], [25], [26], [27], [28], [29], [30], [31], [32], [33], [34], [35], [36], [37], [38], [39], [40], [41], [42], [43], [44], [45], [46], [47], [48]], "56": [[0], [1], [2], [3], [4], [5], [6], [7], [8], [9], [10], [11], [12], [13], [14]], "57": [[0], [1], [2], [3], [4], [5], [6], [7], [8], [9], [10], [11], [12], [13], [14], [15], [16], [17], [18], [19], [20], [21], [22], [23]], "58": [[0], [1], [2], [3], [4], [5], [6], [7], [8], [9], [10], [11], [12], [13], [14], [15], [16], [17], [18], [19], [20], [21], [22], [23], [24], [25], [26], [27], [28], [29], [30], [31], [32], [33], [34]], "59": [[0], [1], [2], [3], [4], [5], [6], [7], [8], [9], [10], [11], [12], [13], [14], [15], [16], [17], [18], [19], [20], [21]], "60": [[0], [1, 2, 3], [4], [5], [6], [7], [8, 9, 10], [11], [12], [13], [14], [15], [16], [17], [18], [19], [20], [21, 22]], "61": [[0], [1, 2], [3], [4], [5], [6], [7], [8], [9], [10, 11], [12], [13], [14], [15], [16], [17], [18], [19], [20], [21], [22], [23], [24], [25], [26], [27], [28]], "62": [[0], [1], [2], [3], [4], [5], [6], [7], [8], [9, 10], [11], [12], [13], [14], [15], [16], [17], [18], [19], [20], [21], [22], [23], [24], [25], [26], [27], [28], [29], [30], [31], [32], [33], [34], [35], [36], [37], [38], [39], [40], [41], [42], [43], [44]], "63": [[0], [1], [2], [3], [4], [5], [6], [7], [8], [9], [10], [11], [12], [13], [14], [15], [16], [17], [18], [19], [20], [21], [22], [23], [24], [25], [26], [27], [28], [29], [30], [31], [32], [33], [34], [35], [36], [37], [38], [39], [40], [41, 42]], "64": [[0], [1], [2], [3], [4], [5], [6], [7], [8], [9], [10], [11], [12], [13, 14], [15], [16], [17, 18, 19], [20], [21], [22], [23], [24], [25], [26], [27], [28, 29], [30], [31], [32], [33], [34], [35], [36], [37], [38], [39, 40], [41], [42], [43], [44], [45, 46, 47]], "65": [[0], [1], [2], [3], [4], [5, 6], [7], [8], [9], [10], [11], [12], [13], [14], [15], [16], [17], [18], [19], [20], [21]], "66": [[0], [1], [2, 3], [4], [5, 6, 7, 8], [9], [10], [11], [12], [13], [14, 15, 16], [17], [18], [19], [20], [21], [22]], "67": [[0], [1], [2, 3], [4], [5], [6], [7], [8], [9], [10, 11, 12], [13], [14], [15], [16], [17], [18], [19], [20], [21], [22], [23], [24]]}