{"0": [], "1": [], "2": [], "3": [], "4": [], "5": [[[4], [8]]], "6": [], "7": [], "8": [], "9": [], "10": [], "11": [], "12": [], "13": [], "14": [], "15": [[[0], [2]]], "16": [], "17": [], "18": [], "19": [[[0], [4], [14]]], "20": [], "21": [], "22": [], "23": [], "24": [], "25": [], "26": [], "27": [], "28": [], "29": [], "30": [], "31": [], "32": [], "33": [], "34": [], "35": [], "36": [], "37": [[[0, 1], [17]]], "38": [], "39": [[[4], [26, 27]]], "40": [], "41": [], "42": [], "43": [], "44": [], "45": [], "46": [], "47": [], "48": [], "49": [], "50": [], "51": [], "52": [], "53": [], "54": [], "55": [[[8], [10]]], "56": [], "57": [[[0, 1, 2, 3, 4, 5], [22]]], "58": [], "59": [], "60": [], "61": [], "62": [], "63": [], "64": [[[6, 7], [9]]], "65": [], "66": [], "67": [], "68": [[[0], [6]]], "69": [], "70": [], "71": [], "72": [], "73": [], "74": [], "75": [[[0], [9]]], "76": [], "77": [], "78": [[[0, 1, 2, 3, 4, 5, 6, 7, 8, 9, 10, 11, 12, 13, 14, 15], [29]]], "79": [], "80": [], "81": [[[23, 24], [28]]], "82": [], "83": [], "84": [], "85": [], "86": [[[0], [21]]], "87": [], "88": [[[4, 5], [8]]], "89": [], "90": [], "91": [], "92": [[[0], [15], [19]]], "93": [], "94": [], "95": [], "96": [], "97": [], "98": [], "99": [], "100": [], "101": [], "102": [], "103": [], "104": [], "105": [], "106": [], "107": [[[0, 1], [14], [19]]], "108": [[[13], [22]]], "109": []}