{"0": ["POS", "NN", "VBD", "DT", "NN", "IN", "NNP", ",", "DT", "NN", "IN", "NNP", "IN", ":", "DT", "NNP", ",", "IN", "WDT", "DT", "NNP", "NNPS", "NN", "VBD", "DT", "."], "1": ["PRP", "VBD", "PRP", "TO", "VB", "DT", ",", "RB", "PRP", "VBD", "TO", "VB", "DT", "IN", "DT", "JJ", "NN", "IN", "PRP$", ",", "IN", "IN", "PRP", "MD", "VB", "PRP", "IN", "DT", "VBN", "NNS", "WDT", "PRP", "VBD", "TO", "VB", "PRP", "."], "2": ["IN", "PRP", "VBD", "RP", "WP", "PRP", ",", "PRP", "VBD", "DT", "NN", "IN", "NN", "NN", ",", "WDT", "MD", "VB", "JJ", "CC", "NN", "VBG", "VBN", "DT", "JJ", "NNS", "WDT", "NNS", "VBP", "IN", "NNS", "IN", ",", "NN", ",", "."], "3": ["IN", "DT", "JJ", "CD", ",", "PRP", "VBP", "VBN", "JJ", "NNS", "IN", "DT", "JJ", "NN", "WDT", "NN", "VBD", "WRB", "PRP", "VBD", "CD", "NN", "."], "4": ["RB", "RB", "RB", "VBZ", "RB", "WRB", "PRP", "VBP", "NN", "WDT", "PRP", "RB", "RB", "VB", "IN", "PRP$", ",", "IN", "VBZ", "RB", "JJ", "."], "5": ["PRP", "VBD", "JJ", "VBG", "IN", "IN", "DT", "NN", "NN", "WDT", "PRP", "VBD", "IN", "RB", "JJ", ",", "IN", "WDT", "NN", "PRP", "."], "6": ["IN", "PRP$", "JJ", ",", "PRP", "VBD", "TO", "RBR", "RB", "VB", "JJ", "NN", "NN", ",", "IN", "WDT", "NN", "VBZ", "VBN", "IN", "DT", "RB", "VBG", "."], "7": ["CC", ",", "VBP", "RB", "JJ", "TO", "VB", "IN", "PRP", "VBP", "RB", "VBN", "RB", "IN", ",", "WDT", "VBZ", "NN", "WDT", "PRP", "RB", "VBN", "RB", ":", "PRP", "VBP", "DT", "JJ", "NN", "PRP", "VBD", "IN", ",", "RB", "PRP", "VBD", "IN", "."], "8": ["DT", "NNP", "CC", "NNP", "NN", "VBD", "NN", "NNS", "RB", "IN", "NNP", "NNP", "CC", "PRP$", "NNS", "VBD", "TO", "RB", "VB", "CC", "PRP", "VB", "DT", "NN", "IN", "JJ", "NN", "NNS", "VBG", "IN", "DT", "JJ", "."], "9": ["NNS", "IN", "DT", "NN", "VBN", "IN", "RB", "IN", "JJ", ",", "VB", "IN", "EX", "VBP", "JJ", "JJR", "NNS", "CC", "NNS", "IN", "DT", ",", "CC", "DT", "VBP", "DT", "NNS", "IN", "NN", "NN", "WDT", "VBP", "JJ", "TO", "VB", "IN", "VBG", "JJ", "."], "10": ["IN", "JJ", ",", "DT", "JJ", "NNS", "IN", "WDT", "NN", "VBZ", "NN", "VBP", "VBN", "VBN", ",", "CC", "JJ", "NNS", "IN", "DT", "NN", "IN", "NN", "IN", "JJ", "NNS", "VBP", "VB", "NNP", ",", "CD", "IN", "DT", "-RRB-", ",", "IN", "NNS", "NNP", ",", "NNP", ",", ",", ",", ",", "NNP", "-RRB-", "IN", "DT", "NN", "IN", ",", "CC", "NNP", ",", "NNP", ",", "NNP", ",", "NNP", "NNP", "-RRB-", "IN", "NNS", "IN", "DT", "JJ", "."], "11": ["PRP", "VBD", "DT", "NNP", "WP", "VBD", "DT", "NN", ",", "DT", "JJ", ",", "CC", "DT", "JJ", "NN", "RB", "JJ", "IN", "DT", "JJ", "NNS", "IN", "DT", "NNPS", "WP", "VBD", "PRP", "-RRB-", "CC", "DT", "NNP", "IN", "WP", "PRP", "VBD", "."], "12": ["IN", "JJ", ",", "PRP", "VBD", "DT", "JJ", "JJ", "JJ", "NN", "IN", ":", "DT", "IN", "JJ", "NN", ",", "IN", "WDT", "CD", "NN", "VBZ", "DT", "NN", "IN", ",", "DT", "JJ", "RB", "VBZ", "DT", "NN", "IN", "DT", ",", "CC", "RB", "DT", "JJ", "VBZ", "DT", "JJ", "NN", "WDT", "VBZ", "TO", "VB", "DT", ",", "RB", "IN", "NNS", "IN", "NN", "CC", "."], "13": ["IN", "PRP", "VBP", "JJ", "IN", "VBG", "EX", "MD", "VB", "PRP$", "NN", "IN", "DT", "NNS", "CC", "DT", "NN", "IN", "WDT", "PRP", ",", "CC", "MD", "VB", "PRP", "VB", "JJR", "CC", "JJR", "NNS", "IN", "DT", ",", "NN", "NN", "VBZ", ",", "RB", "IN", ",", "CC", "IN", "EX", "VBP", "NNS", "WP$", "NN", "VBZ", "VBN", "IN", "VBG", ",", "PRP", "MD", "VB", "NN", "TO", "VB", "."], "14": [",", "PRP$", "JJ", "NNS", "IN", "VBG", "NN", "VBD", "IN", "DT", "NN", "IN", "DT", "JJ", ",", "DT", "NN", "IN", "WDT", "PRP", "MD", "VB", "."], "15": ["PRP$", "NN", "VBD", "NN", "IN", "NNP", ",", ",", "IN", "NNP", "NNP", "NNP", ",", ",", "WDT", "DT", "NNP", "NNP", "IN", "NNP", "NNP", "NNP", "VBD", "VBN", "IN", "."], "16": ["CC", ":", "CC", ",", "PRP", ",", "PRP", ",", "PRP", "VBP", ",", "CD", "IN", "DT", "NNS", "IN", "VBZ", "VBN", "DT", "NN", "VBZ", ",", ",", "NN", "VBD", "DT", "JJ", "NN", "IN", "DT", "JJS", "NN", "WDT", "PRP", ",", "CC", "VBD", "RB", "VBG", "DT", "JJ", "NN", "VB", "DT", ":", "VB", "DT", "."], "17": ["DT", "NN", "IN", "DT", "NNS", "MD", "VB", "PRP", "TO", "VB", "NNS", "IN", "NNS", "CC", ",", "VB", "VBG", "NNS", "IN", "NN", "CC", "NNS", "WDT", "PRP", "MD", "VB", "IN", "VBN", "NN", "CC", "-RRB-", "TO", "VB", "PRP$", "JJ", "NN", "."], "18": ["IN", "DT", "JJ", "CC", "JJ", "NN", "IN", ",", "PRP", "VBP", "VBN", "PRP", "VBD", "PRP$", "NN", "TO", ",", "TO", "VB", "DT", "JJ", "NN", "TO", "VB", "DT", "NN", "IN", "NN", "IN", "WDT", "PRP", "VBD", "."], "19": ["PRP", ",", "RB", "IN", ",", "IN", "PRP", "VBD", "IN", "NNP", "WRB", "NN", "VBD", "JJ", "IN", "DT", "WP", "VBD", "JJ", "CC", "JJ", "TO", ",", "WRB", "DT", "NN", "IN", "JJ", "NNS", "CC", "NNS", "MD", "VB", ",", "CC", "WRB", "JJR", "JJ", "NN", "MD", "VB", "DT", "JJ", "NNS", "CC", "DT", "JJ", "NNS", "WDT", "PRP$", "VBG", "NN", "."], "20": ["RB", "DT", "VBP", "DT", "NN", "IN", "NN", "WDT", "PRP", "MD", "VB", "IN", "PRP$", "JJ", "CC", "RB", "IN", "PRP$", "JJ", ",", "IN", "PRP", "VBP", "VBN", "TO", "VB", ",", "VB", "RB", "."], "21": [",", "PRP", "VBD", "IN", "PRP", "VBD", "DT", "NN", "WDT", "VBP", "VBN", "."], "22": ["CC", "DT", "JJ", "NN", "VBZ", "RB", "JJR", "IN", "JJ", "TO", "VB", "PRP$", "JJ", "NN", "IN", "DT", "WDT", "PRP", "RB", "."], "23": ["RB", "RB", "DT", "VBZ", "RB", "NN", "WDT", "PRP", "VBP", "TO", "VB", "IN", "VBP", "RB", "VBG", "IN", "NNP", "IN", "DT", "NN", "IN", "NNS", "CC", "VBZ", "RB", "NN", "TO", "VB", "IN", "VBP", "VBG", "RB", "IN", "NNP", "IN", "DT", "JJ", "NN", "JJR", "NN", "IN", "."], "24": ["CC", "WP", "VBP", "PRP", "VB", "NN", "WDT", "PRP", ":", "WDT", "PRP", "MD", "VB", "."], "25": ["DT", "NN", "VBZ", "DT", "NN", "IN", "WDT", "JJ", "NN", "IN", ",", ",", "CC", "VBZ", "IN", "DT", "NNS", "IN", "DT", "."], "26": ["RB", "IN", "PRP$", "NN", "PRP", "VBD", "NNP", "NNP", ",", "IN", "WDT", "PRP", "VBZ", "PRP$", "NNS", "IN", "JJ", "NN", "VBG", "DT", "JJ", "NN", "."], "27": ["NNP", "VBD", "DT", "NN", "IN", "DT", "NN", "IN", "DT", "NN", "IN", "DT", "CD", "NN", ",", ",", "VBZ", "JJ", ",", "PRP", ",", "NN", "WDT", "DT", "JJ", "NN", "CC", "NN", "IN", "NNP", "MD", ",", "CC", "DT", "JJ", "NN", "VBZ", "IN", "''"], "28": ["DT", "VBD", "VBN", "IN", "DT", "NN", "IN", "DT", "NN", "IN", "DT", ",", "IN", ",", "RB", "IN", "DT", "NNS", "IN", "NNP", "CC", "NNP", ",", "DT", "NN", "VBD", "VBN", "IN", "DT", "NNP", ":", "DT", "CD", "NNS", "VBP", "DT", "WDT", "VBD", "VBN", "IN", "DT", "NN", "IN", "DT", "NN", "IN", "NNP", "POS", "NNP", "NNP", "NNP", "NNP", "CC", "DT", "NNS", "IN", "NNP", "."], "29": ["RB", "DT", "JJ", "NN", "NNS", "PRP", "VBD", "IN", ",", "PRP", "VBD", "VBG", "IN", "NNP", "NNP", "WDT", "PRP", "MD", "VB", "IN", "IN", "JJ", "NN", "IN", "DT", "."], "30": ["RB", "NNP", "VBD", "DT", "DT", ":", "VBD", "DT", ",", "WDT", "NNP", "."], "31": ["DT", "VBZ", "RB", "DT", "NN", "WDT", "NNP", "NNP", "VBZ", ",", "VBG", "CD", "JJ", ":", "NN", ",", ",", "CC", "JJ", "JJ", "NN", ",", "VBG", "VBG", "DT", "NN", "IN", "JJ", "."], "32": ["DT", "VBZ", "RB", "DT", "JJ", "NN", "JJ", "NNS", "VBP", "VBN", "NN", "IN", "DT", ",", "IN", "DT", "JJS", "NN", "IN", "DT", "CD", ",", "IN", "WDT", "CD", "NNS", "VBD", "."], "33": ["IN", "DT", "JJ", "NN", ",", "NNP", "CC", "NNP", "VBD", "IN", "DT", "NN", "VBD", "VBN", "IN", ",", "JJ", "NNS", "WDT", "PRP", "VBD", ",", "DT", "NN", "VBN", "IN", "DT", "JJ", "NN", "IN", "''"], "34": ["CC", "UH", "VBZ", "RB", "JJ", ",", "VBP", "PRP", "NNS", "RB", "VB", "DT", "NN", "IN", "IN", "JJ", "NN", "WDT", "VBP", ",", "CC", "PRP", "RB", "VBD", "TO", "VB", "PRP", "NNS", "NN", "RB", "RB", "IN", "WRB", "DT", "NN", "VBZ", "CC", "DT", "NN", "IN", "DT", "NN", "."], "35": ["RB", "IN", "IN", "NNP", "PRP", "VBD", "JJ", "NNS", "IN", "NNS", "JJ", "IN", "NNP", "NNP", ",", "WP", "VBD", "PRP", "IN", "DT", "NNP", "NNP", ",", "WDT", "VBD", "JJ", ",", "-RSB-", "CC", "NNP", ",", "DT", "NN", "IN", "POS", ",", "IN", "WP", "PRP", "VBD", "IN", "JJ", "CC", "JJ", "NNS", "IN", "DT", "NN", "IN", "PRP$", "."], "36": [",", "CC", "PRP", ",", "VBP", "VBN", "DT", "IN", "WDT", "DT", "JJ", "."], "37": ["CD", "JJ", "NN", "IN", "VBN", "NN", "VBZ", "JJ", "IN", "NN", "DT", "JJ", "NNS", "WDT", "NNS", "VBP", "IN", "NN", "IN", "PRP$", "-RRB-"], "38": ["CC", "IN", "PRP", "MD", "VB", "DT", "JJ", "NN", "IN", "DT", "JJ", "NN", "NN", "WDT", "DT", "NNP", "IN", "NNPS", "VBZ", "RB", "CC", "WDT", "DT", "NNPS", "CC", "NNS", ",", "IN", "WDT", "NNP", "NNP", ",", "PRP", "MD", "VB", "VBG", "DT", "NN", "JJ", "NN", "IN", "DT", "JJS", "CC", "JJS", "JJ", "NN", "IN", "PRP$", "NN", "IN", "DT", "NN", "IN", "DT", "NNP", "."], "39": ["TO", "VB", "DT", "NN", "VB", "DT", "NN", "IN", "NN", "TO", "VB", "VBN", "IN", "PRP$", "NN", "CC", "IN", "PRP$", "NN", "VBZ", "NN", "WDT", "PRP", "VBP", "PRP", "RB", "."], "40": ["DT", "VBZ", "DT", "PRP", "RB", "VB", "WP", "TO", "VB", "IN", "PRP", ",", "CC", "PRP", "VBP", "DT", "VBP", "PDT", "DT", "NN", "IN", "NNPS", "NNS", "WDT", "PRP", "VBP", "VBP", "VBN", "IN", "RB", "RBS", "RB", "CD", "."], "41": [",", "CC", "PRP", "VBP", "DT", "NN", "WDT", "MD", "VB", ",", "DT", "."], "42": ["IN", "DT", "JJS", ",", "JJ", "NNS", "VBP", "NNS", "WDT", "PRP", "RB", "VB", "IN", "NNS", "IN", "PRP$", "JJ", "JJ", "."], "43": [",", "VBZ", "DT", "JJ", ",", "WDT", "PRP", "VBP", ",", "CC", "DT", "NN", "VBZ", "DT", "JJ", "JJ", ",", "CC", "PRP", "VBP", "PRP", "RP", "IN", "DT", ":", "IN", "DT", "NN", "."], "44": ["PRP", "VBP", "JJ", "IN", "DT", "NN", "NN", "IN", "DT", "''", "IN", "NNS", ",", "DT", "NN", "IN", "WDT", "NNP", "FW", "VBZ", "VBZ", "JJ", "NNS", "WDT", "VBP", ",", "CC", "VBZ", "JJ", "IN", "DT", "NNS", "VBP", "''", "VBN", "RB", "RB", "IN", "DT", "NN", "IN", "JJ", "."], "45": ["NN", "WDT", "PRP", "VBP", "TO", "VB", "RP", "CC", "VBZ", "CD", "NNS", "TO", "VB", ",", "VB", "."], "46": ["IN", "DT", "JJ", ",", "PRP", "VBP", "VBN", ",", "NN", "CC", "DT", "NN", "IN", "NN", "IN", "NN", "IN", "NN", "TO", "VB", "DT", "NNS", "WDT", "PRP", "."], "47": ["CC", "RB", "DT", "JJ", "IN", "DT", "NNS", "WDT", "PRP", "RB", "MD", "RB", "VB", "RB", "IN", "DT", "NN", "VBZ", "DT", "RP", "RB", "PRP", "VBP", "DT", "IN", "DT", "NN", "NN", "WDT", "RB", "RB", "VB", "RB", "JJ", "IN", "DT", ":", "CD", "NNS", "IN", ",", "PRP", "RB", "VBP", "DT", "."], "48": ["DT", ",", "IN", "IN", "JJ", "NNS", "IN", "NN", "IN", ",", "VBP", "VBN", "IN", "PRP$", "NN", "NNPS", "IN", ",", "WRB", "NNP", "VBZ", "IN", "VBG", "IN", "VBN", "IN", "DT", "CD", "NNS", "VBP", ",", "CC", "IN", "DT", "NNS", "VBN", "IN", "VBG", "NNS", "CC", "IN", "DT", "NNS", "IN", "WDT", "NNS", "VBP", "VBN", "IN", "NNS", "CC", ",", "PRP", "VBZ", "TO", "VB", "IN", "EX", "MD", "VB", "DT", "JJ", "NN", "IN", "."], "49": ["WRB", "NNS", "VBP", "VBG", "VBG", "DT", "JJ", ",", "PRP", "MD", "VB", "VBG", "RB", "IN", "DT", ",", "CC", "IN", "DT", "NNS", "WDT", "DT", "NNS", ",", "WDT", "VBP", "RB", "JJR", ":", "JJ", "NNS", "IN", "."], "50": ["PRP", "VBD", "DT", "NN", "IN", "DT", ",", "IN", "WDT", "DT", "NN", "MD", "VB", "VBN", "IN", "NN", "NNS", "IN", ".", "-RSB-", "-RSB-"], "51": ["PRP", "VBD", "RP", "DT", "NNS", "IN", "WDT", "VBD", "VBN", "DT", "NNS", "CC", "NN", "."], "52": ["NNS", "VBG", "TO", "VB", "IN", "JJ", ",", ",", "MD", "VB", "TO", "VB", "NNS", "IN", "PRP$", "JJ", "NN", "IN", "NNS", "IN", "DT", "NN", "WDT", "PRP", "VBP", "."], "53": ["NNP", "NNP", "VBZ", "VBN", "DT", "NN", "IN", "JJ", "NN", "NNS", "WDT", "MD", "VB", "VBN", "VBN", "IN", "NNP", "IN", "CD", "NNS", "IN", "DT", "''", "NN", "IN", "DT", "JJ", "NN", "IN", "WDT", "DT", "NN", "VBD", "VBG", "IN", "DT", "."], "54": ["DT", "NNP", "VBZ", "VBN", "DT", "NN", "IN", "VBG", "DT", "NNS", "VB", "DT", "NNP", "CC", "NN", "IN", "PRP$", "NN", ",", "WDT", "VBZ", "RB", "VB", ",", "CC", "IN", "DT", "NN", "IN", "NN", "IN", "NNPS", "WDT", "NNS", "VBP", "IN", "VBG", "PRP", "NN", "IN", "DT", "JJ", "."], "55": ["PRP", "VBD", "DT", "NN", "IN", "DT", "NNP", "IN", "NNP", "CC", "JJ", "NNS", "IN", "DT", "NNP", "NN", "IN", "DT", "JJ", "NN", "IN", "DT", "NN", "WDT", "NNP", "VBZ", "VBN", "VBG", "IN", "RB", "CD", ",", "IN", "DT", "JJ", "NNS", "IN", "NNS", "JJ", "IN", ",", "WDT", "VBD", "JJ", "NN", "NNS", "IN", "."], "56": ["IN", ",", "PRP", "VBD", "IN", "DT", "NNP", "CC", "NNP", "NNP", "NN", "NNP", "NNP", "NNP", "IN", "NNP", ",", "DT", "JJ", "NN", "IN", "WP", "DT", "POS", "NNS", "VBP", "."], "57": ["DT", "NN", "VBZ", "VB", "DT", "NN", "DT", "JJ", ",", "CC", "DT", "VBZ", "RB", "DT", "NN", "WDT", "PRP", "CC", "DT", "NN", "MD", "."], "58": ["UH", "IN", "PRP", "RB", "VB", "TO", "VB", "DT", "NN", "IN", "NNP", ",", "MD", "RB", "VB", "IN", "VBG", "DT", "NN", "RP", "RB", "IN", "PRP", "VBZ", "DT", "RB", "JJ", "IN", "NN", "IN", "DT", "NN", "WDT", "PRP", "MD", "VB", "."], "59": ["VBG", "DT", "RB", "RB", "MD", "RB", "VB", "DT", "RB", "JJ", "NN", "IN", "CD", "IN", "WDT", "PRP", "VBP", "JJ", "CC", "."], "60": ["IN", "DT", "NNS", "PRP", "VBP", "VBN", "IN", "NNP", "CC", "JJ", ",", "PRP", "VBP", "VBN", "IN", "IN", "IN", "DT", "NNP", ",", "PRP", "MD", "RB", "VB", "DT", "NN", "IN", "DT", "NNP", "WDT", "PRP", "MD", "VB", "JJ", "TO", "VB", "DT", "RB", "JJ", "NNS", "CC", "VB", "RP", "DT", "NNS", "IN", "DT", "NN", "IN", "DT", "NN", "DT", "NNS", "IN", "DT", "NN", "MD", "."], "61": ["IN", "DT", ",", "NNS", "IN", "DT", "NN", "VBP", "DT", "JJ", "NN", "IN", "JJ", "NN", "WDT", "MD", "VB", "RB", "."], "62": ["PRP", ":", "DT", "VBD", "RB", "IN", "DT", "JJ", "NN", ",", "PRP", "VBD", "IN", ":", "IN", "DT", ",", "RB", "PRP", "VBD", "RB", "NN", "IN", "."], "63": ["PRP", "VBP", "JJ", "NNS", ",", "CC", "VBP", "RB", "VB", "VBG", "PRP", "NNS", "NN", "RB", "WRB", "VBP", "VBG", "TO", "VB", "VBG", "PRP$", ",", "CC", "VBP", "RB", "VBG", "TO", "VB", "VBG", "PRP", "NNS", "DT", "JJ", "NN", "NN", "NN", "WDT", "PRP", "MD", ",", ",", "IN", "NN", "IN", "PRP", "VBZ", "VBG", "DT", "JJ", "NN", "JJR", "."], "64": ["RB", "RB", "IN", "PRP", "VBD", "IN", "DT", "NN", "PRP$", "NN", "VBD", "RB", "RB", "RB", "CC", "PRP", "VBD", "VBG", "PRP$", "NNS", "RB", "IN", "PRP", "VBD", "DT", "NN", "VBD", "NN", "WDT", "RB", "PRP", "MD", ",", "CC", "PRP", "VBP", "IN", "PRP", "VBZ", "IN", "VBP", "VBN", "VBG", "PRP$", "NN", "RB", "PRP", "VBP", "PRP$", "."], "65": ["DT", "NN", "IN", "DT", "NNS", "WDT", "PRP", "VBD", "VBN", "IN", "PRP$", "JJ", "NN", "CC", "VBG", "JJR", "IN", "DT", "NN", "CC", "IN", "VBG", "IN", "POS", "NN", "IN", "DT", "IN", "DT", ",", "PRP", ":", "PRP", "RB", "VBD", "PRP", "IN", "UH", "VBZ", "DT", "CD", "JJ", "NN", "IN", "PRP$", "NN", "WDT", "VBZ", "NN", "IN", "DT", "NN", "IN", "."], "66": ["NNP", "CC", "NNP", "VBP", "VBN", "DT", "NN", "IN", "VBG", "RP", "NNS", "IN", "NNS", ",", "VBG", "IN", ",", "DT", "NNP", "NNP", "CC", "NNP", "NNP", "VBP", "CC", "."], "67": ["PRP", "VBD", "DT", ",", "CC", "PRP", "VBP", "DT", "JJ", "NN", "IN", ",", "CC", "PRP", "VBP", "DT", "JJ", ",", "WDT", "PRP", "VBP", "DT", ",", "CC", "PRP", "VBZ", "IN", "."], "68": ["DT", "JJ", "NNP", ",", "DT", "JJ", "NN", "IN", "VBG", "NNS", "IN", "NN", "IN", "DT", "NNPS", "IN", "WDT", "EX", "VBZ", "NN", "IN", "''", "NNP", ",", "."], "69": ["VBP", "RB", "RB", ",", "CC", "PRP", "RB", "RB", "VBD", "RP", "DT", "JJ", "NN", "VBG", "RP", "DT", "NNS", "WDT", "PRP", "VBP", "VBN", "TO", "VB", "IN", "."], "70": ["RB", "DT", "RBS", "RB", "JJ", "NNS", "IN", "JJ", "NNS", "IN", "WDT", "NNS", "VBP", "JJ", "NNS", "CC", "NN", "IN", "PRP$", "JJ", "MD", "VB", "IN", "DT", "JJ", "NN", "IN", "JJ", "JJ", "NN", "IN", "NNS", "JJ", "IN", "NNP", "CC", "NNP", "MD", "VB", "VBN", "IN", "DT", "NN", "IN", "JJ", "."], "71": ["DT", "NN", "NN", "-RSB-", "JJ", ",", "PRP", ",", "NN", "WDT", "DT", "JJ", "NN", "CC", "NN", "IN", "NNP", "MD", ",", "CC", "DT", "JJ", "NN", "VBZ", "IN", ".", ":", "NNP", "NNP"], "72": ["DT", "NN", "NNS", "WDT", "PRP", "VBP", "TO", "."], "73": ["UH", "CD", "IN", "DT", "JJS", "NNS", "WDT", "PRP", "VBP", "RB", "."], "74": [",", "VBG", "NN", "VB", "IN", "DT", "NN", "VBZ", "RP", "DT", "NN", "IN", "PRP$", ",", "NN", "CC", "NN", "WDT", "VBG", "CC", "VBG", "IN", "NN", "MD", "."], "75": ["CC", "IN", "CD", ":", "CC", "PRP", "MD", "VB", "PRP", ",", "CC", "PRP", "VBD", "PRP", "RB", ",", "NNS", ",", "PRP", "VBD", ":", "CC", "PRP", "VBP", "DT", ",", "CC", "PRP", "VBP", "TO", "VB", "DT", "JJS", "NN", "WDT", "VBP", "RB", ",", "CC", "PRP", "VBP", "PRP", "RBR", "RB", "IN", "."], "76": ["DT", "NNS", "VBP", "IN", "IN", "CD", "CC", "CD", "CD", "NNS", ",", "DT", "NN", "NN", "VBD", "IN", "NNP", "CC", "NNP", "NNP", "WDT", "PRP", "RB", "VBP", "."], "77": ["IN", "VBG", "DT", ",", "PRP", "VBP", "VBG", "DT", "NNS", "WDT", "PRP", "MD", "VB", "DT", "."], "78": ["CD", "NN", "IN", "WDT", "NNS", "CC", "NNS", "VBP", "NNS", "VBZ", "WRB", "VBN", "NNS", "VBP", "VBN", "TO", "VB", "DT", "JJ", "NN", "NN", "WDT", "MD", "VB", "VBN", "IN", "DT", "NN", "."], "79": ["VBP", "RB", "RB", "VBG", "DT", "JJ", "NN", "WDT", "PRP", "VBD", "JJ", "NNS", "RB", "IN", "JJ", "NN", "NN", "TO", "VB", "DT", "NN", "IN", "DT", "NNP", "NNP", "NNP", "IN", "NNP", "CD", "IN", "NNP", "NNP", "."], "80": ["IN", "PRP", "VBP", "DT", "JJ", "NNS", "IN", "NNP", "IN", "WDT", "PRP", "VBD", "DT", "JJ", ",", "PRP", "VBP", "DT", "JJ", "NN", "IN", "PRP", "MD", "RB", "VB", "RB", "IN", "DT", "NN", "VBG", "IN", "PRP$", "NN", "TO", "VB", "DT", "NNS", "IN", "DT", "JJ", "CD", "CD", "."], "81": ["DT", "NN", "VBZ", "RBR", "JJ", "IN", "PRP", "VBP", "DT", "NN", "IN", "DT", "NN", "WDT", "PRP", "VBD", "IN", "DT", "."], "82": ["IN", "DT", "JJ", "NN", "WDT", "NNP", "VBZ", "IN", "PRP$", "NN", "WDT", "MD", "RB", "VB", "RB", "."], "83": ["VBG", "IN", ",", "NNP", "VBD", "JJ", "TO", "VB", "DT", "NNP", "NN", "CC", "VB", "DT", "NN", "IN", ",", "WDT", "PRP", "RB", "MD", "VB", "TO", "VB", "DT", "NN", "IN", "DT", "NN", "NN", "NN", "IN", "VBG", "NN", "CC", "VBG", "PRP", "."], "84": ["PRP", "VBP", "DT", "VBZ", "NN", "WDT", "PRP", "NNS", "VBP", "VBN", "IN", "DT", "RB", "JJ", ",", "CC", "IN", "CD", "CC", "DT", "JJ", "NNS", "IN", "VBG", ",", "PRP", "RB", "VBP", "IN", "VBP", "VBN", "PRP", "PRP$", "JJ", "CC", "VBD", "PRP", "WRB", "PRP", ",", "CC", "VBP", "JJ", "TO", "VB", "PRP", "IN", "PRP", "."], "85": ["IN", "DT", "NN", "IN", ",", "NNP", "VBD", "IN", "DT", "JJ", "NNS", "CC", "JJ", "NN", "IN", "NNS", ",", "WDT", "PRP", "VBD", "IN", "RB", "RB", "CC", "IN", "WDT", "PRP", "VBD", "JJ", "NNS", "IN", "NN", ".", "-RSB-", "JJR", "NN", "-RSB-"], "86": [",", "VBN", "IN", ",", "PRP", "VBP", "JJ", "NNS", "WDT", ",", ",", ",", "RB", "IN", "NNS", ",", ",", "."], "87": ["DT", "NN", "IN", "JJ", "NN", "WDT", "NNP", "VBZ", "IN", "NN", "VBZ", "DT", "NN", "IN", "JJ", "NNS", "VBP", "IN", "JJ", "NNS", "IN", "DT", "NN", "TO", ",", "IN", "VBG", "VBZ", "JJ", "VBZ", "JJ", "IN", "IN", "NN", "VBZ", "CC", "VBZ", "IN", "VBG", "VBZ", "."], "88": ["RB", "PRP", "VBP", "VBP", "TO", "VB", "RB", "IN", "DT", "NN", "NN", "WDT", "VBZ", "DT", "JJ", "NN", ",", ",", "NN", "WDT", "PRP", "VBD", "DT", "JJ", "."], "89": ["VB", "DT", "NNS", "WDT", "PRP", "MD", "VB", "IN", "VBG", "PRP$", "NNS", "TO", "VB", "NN", "IN", "DT", "."], "90": ["DT", "NN", "WDT", "VBP", "TO", "VB", "IN", "RB", "RB", "PRP", "VBZ", "DT", "JJ", "NN", "."], "91": ["NNP", "RB", "VBD", "IN", "NNP", ",", "-RSB-", "IN", "DT", "RBR", "VBN", "NN", "WDT", "VBD", "DT", "NN", "IN", "DT", "NN", "IN", "JJ", "NNS", "IN", "JJ", "NNP", ",", "WDT", "PRP", "VBD", "IN", "JJ", ":", "PRP$", "NN", "NNS", "VBD", "IN", "PRP", "NNS", "IN", "PRP", "VBD", "RB", "''", "-RSB-"], "92": ["PRP$", "NN", "NN", "VBD", "IN", "DT", "JJ", ",", "NNP", "NNP", ",", "IN", "WDT", "PRP", "VBD", "DT", "NN", "IN", "NNP", "NNP", "NNPS", "IN", "NNP", "NNP", "NNP", "NNP", "HYPH", "."], "93": ["PRP", "RB", "VBP", "IN", "DT", "NN", "IN", "NNP", "WDT", "PRP", "VBD", "IN", "DT", "NN", "CD", "NNS", ",", "CC", "PRP", "VBP", "RB", "JJ", "IN", "DT", "NN", "MD", "VB", "TO", "VB", "TO", "VB", "DT", "."], "94": ["IN", "NNS", "PRP", "RB", "VBP", "NN", "IN", "NN", "VBG", "DT", "NN", "CC", "IN", "PRP", "VBP", "PRP", "VBP", "RB", "CD", ",", "RB", "RB", "IN", "DT", ",", "CC", "VBP", "IN", "DT", "NN", "NN", "TO", "VB", "IN", "DT", "JJS", "NN", "NN", "WDT", "PRP", "MD", "VB", "DT", "NN", "NN", "."], "95": ["PRP", "VBD", "PRP", ",", "IN", "PRP", "VBD", "TO", ",", "PRP", "VBD", "TO", "VB", "IN", "NNP", "IN", "DT", "NN", "IN", "NNS", "WDT", "PRP", "VBD", "VBG", "RB", "."], "96": ["IN", "DT", "JJ", "NN", "NN", "VBZ", "CD", "NN", "CC", "PRP$", "NNS", "VBP", "DT", ",", "RB", ",", "VBP", "VBG", "TO", "VB", "DT", "NN", "WDT", "PRP", "VBD", ",", "RB", "IN", "VBZ", "DT", "JJR", "JJ", "."], "97": ["DT", "NN", "IN", "WDT", "DT", "NNP", "VBZ", "VBN", "VBD", "IN", "DT", "JJ", "NNS", "NNP", "NNP", "CC", "NNP", "IN", ",", ",", "TO", "VB", "RB", "CD", "NNS", "IN", "NNS", "IN", "DT", "NN", "IN", "CD", "IN", "."], "98": ["CC", "IN", "PRP", "VBD", "RB", "DT", "NNS", ",", "PRP", "VBD", "IN", "NNS", "WDT", "PRP", "MD", "VB", "PRP", "CC", "VB", "IN", "PRP", "DT", "NNS", "WDT", "DT", "NN", "VBD", "VBN", "IN", "DT", "."], "99": ["PRP", "VBD", "VBG", "DT", "JJ", "NN", "NN", "WDT", "PRP$", "NN", "VBD", "VBN", "RP", "CC", "WDT", "PRP", "RB", "VBD", "IN", "PRP", "VBD", "PRP", "VBD", "."], "100": ["WRB", "PRP", "VBP", "VBN", "IN", "NN", "WDT", "PRP", "RB", "VB", "TO", "VB", "CC", "MD", "VB", "VBG", ",", "VB", ",", "MD", "DT", "VB", "PRP", "JJR", "IN", "CD", "NNS", "TO", "''"], "101": ["CC", "WRB", "PRP", "VBD", "RB", "RP", "IN", "DT", "NN", "DT", "JJ", "NN", "VB", "IN", "DT", "NN", "TO", "VB", "NN", "IN", "DT", "JJ", ",", "PRP", "MD", "RB", "VB", "VBN", ",", "CC", "VBD", "PRP", "IN", "DT", "WP", "PRP", "VBD", "VBN", "WRB", "PRP", "VBD", "."], "102": ["CC", "IN", "NN", "IN", "DT", "NN", "RB", "IN", "PRP", ",", "VBP", "RB", "VB", "CC", "VB", "DT", "NNS", "IN", "DT", "JJ", "NNP", "IN", "DT", "NNP", "TO", "VB", "IN", "NNP", ",", "IN", "DT", ",", "IN", "DT", "JJ", "NN", "IN", "NNP", ",", "RB", "CC", "RB", "TO", "VB", "JJ", "NNS", "IN", "DT", "VBG", "NNS", "IN", "DT", "NN", "IN", "MD", "VB", "DT", "NNS", "IN", "WDT", "DT", "NN", "VBZ", ",", "CC", "RB", "VBP", "NN", "TO", ",", "CC", "IN", "NN", "CC", ",", "IN", "PRP$", "NN", "CC", "."], "103": ["CC", "WRB", "DT", "NN", "VBD", "RB", "IN", "DT", "NN", "CC", "DT", "JJ", "NN", "VBD", "IN", "DT", "JJ", ",", "PRP", "VBD", "IN", "DT", "JJ", "JJ", "NNS", "WDT", "DT", "NNS", "RB", ",", "CC", "JJ", "NNS", "JJ", "IN", "NNS", "IN", "JJ", "."], "104": ["DT", ",", "IN", "MD", "VB", "IN", "WP", "VBZ", ".", "VBZ", "VBN", "."], "105": ["DT", "NN", "NNP", "VBZ", "VBN", "IN", ",", "NNS", "JJ", "IN", "NNS", "CC", "NNS", "IN", ",", "IN", "WDT", "CD", "NNS", "VBP", "VBN", "IN", "CD", ",", ",", "PRP", ",", "PRP", "VBD", "."], "106": [",", "NNS", "RB", "VB", "DT", "NN", "IN", "NN", "IN", "WDT", "NNS", "VBP", ",", "JJ", "CC", "JJ", "."], "107": ["IN", ",", "DT", "IN", "DT", "NN", "IN", "VBG", "DT", "JJ", "NN", "MD", "VB", "RP", "JJ", "NNS", "WDT", "RB", "VBP", ",", "VBG", "NN", "IN", "DT", "NNS", "IN", "WDT", "DT", "JJ", "NNS", "VBP", "JJ", "NNS", "TO", "VB", "IN", "NNS", "VBP", "VBN", "."], "108": ["WP", "PRP", "VBP", "VBZ", "PRP", "VBP", "PRP", "IN", "PRP$", "NNS", "CC", "RB", "DT", "NN", "MD", "VB", "RP", "IN", "DT", ",", "VB", "DT", ",", "DT", "JJ", "NN", "IN", "DT", ",", "CC", "RB", "PRP", "MD", "VB", "TO", "VB", "DT", "NN", "NN", "WDT", "PRP", "VBD", "CC", "VB", "DT", "NN", "RP", "RB", "RB", "TO", "VB", "JJ", "VBZ", "DT", "."], "109": [",", "DT", "JJ", "NN", ",", "WDT", "DT", "NN", "VBG", "JJ", "NNP", "IN", "NNP", "-RSB-", "NNP", "NNP", "VBZ", "VBN", "VBN", ",", "MD", "RB", "VB", "DT", "NNP", "IN", "NNP", "."], "110": ["CC", "DT", "NN", "HYPH", "NN", "VBZ", ",", "CC", "NN", "VBZ", "RB", "IN", ",", "DT", "NN", "WDT", "PRP", "MD", "VB", "CC", "VB", "CC", "NNS", "MD", "VB", "."], "111": ["JJ", "NNS", "MD", "RB", "VB", "DT", "JJR", "NN", "NN", "IN", "NNS", "TO", "VB", "DT", "NN", "IN", "WDT", "IN", "NN", "."], "112": ["PRP", "VBD", "RB", "VBN", "IN", "RB", "CD", "SYM", ",", "WRB", "PRP", "VBD", "VBN", "IN", "NNP", "IN", "PRP$", "NN", "NNP", "IN", "NNP", "WP", "MD", "CC", "MD", "RB", "VB", "VBN", "DT", "JJ", "NNP", "WP", "NNP", "VBZ", "IN", "PRP$", "NN", "WP", "VBD", "TO", "VB", "IN", "DT", "NN", "IN", "DT", "NN", "IN", "DT", "-RRB-", "TO", "VB", "JJ", "CC", "JJ", "."], "113": ["PRP", "VBP", "IN", "DT", "NN", "IN", "WDT", "PDT", "DT", "NNS", "IN", "DT", "NN", "MD", "VB", "IN", "DT", "NN", "IN", "JJ", "NN", "CC", ",", "IN", "NN", "IN", "DT", "POS", "."], "114": ["DT", "NNS", "IN", "DT", "NN", "VBP", "IN", "NN", "NN", "NN", "NNS", "WDT", "VBD", "VBN", "IN", "NN", "VBG", "DT", "NN", "NN", "VBN", "TO", "VB", "NN", "NNS", "IN", "RB", "JJ", ",", "TO", "VB", "DT", "JJ", "NN", "NNS", "WDT", "VBP", "VBG", "."], "115": ["PRP", "VBP", "CD", "IN", "PRP$", "NNS", "WDT", "PRP", "VBD", "VBN", "IN", ",", "IN", "PRP", "VBP", "JJ", "NNS", "RB", "VB", "''", ",", "PRP", "VBD", "WP", "DT", "NN", "IN", "PRP", "VBD", "."], "116": ["PRP", "MD", "RB", ",", "IN", "NN", "IN", ",", "TO", "VB", "IN", "DT", "NNP", "PRP$", "JJS", "NN", "IN", "PRP$", "VBG", "NN", "IN", "DT", "NN", "IN", "DT", "JJ", "NN", "IN", "DT", "NNP", "NNP", "CC", "IN", "DT", "NNS", "IN", "PRP$", "NNS", "IN", "DT", "JJR", "NN", "IN", "WDT", "JJ", ",", "NN", "CC", "JJ", "NN", "."], "117": ["VBG", "PRP$", "NN", "IN", "DT", "JJ", ",", "POS", "NNP", ",", "NNP", "NNP", ",", "PRP", "VBP", "IN", "NN", "IN", "DT", "JJ", ",", "IN", "WP", "PRP", "VBP", "DT", "NN", "TO", "VB", "DT", "NN", "IN", "DT", "."], "118": ["POS", "JJ", "NN", "VBZ", "DT", "JJ", "NN", "IN", "DT", "JJ", "JJ", "NNS", "IN", "NN", "WDT", "VBP", "VBN", "."], "119": ["DT", "JJS", "NN", "IN", "VBG", "DT", ",", "WDT", "VBZ", "WRB", "NNS", "RB", "VB", ",", "VBZ", "DT", "NN", "WDT", "PRP$", "NN", "VBZ", "IN", "DT", "NNS", "CC", "IN", "DT", "."], "120": ["CC", "EX", "VBZ", "VBN", "DT", "NN", "IN", "PRP$", "NN", "IN", "DT", "NNS", "WDT", "DT", "NN", "MD", "VB", "IN", "IN", "PRP", "VBZ", "TO", "VB", "PRP$", "NNS", "IN", "PRP$", "NNS", "CC", "DT", "WP", "VBP", "IN", "."], "121": ["PRP", "VBD", "RB", "IN", "DT", "NN", "IN", "NNP", "WDT", "PRP", "VBD", "IN", "PRP$", "NN", "CC", "IN", "PRP$", "NN", "CC", "PDT", "DT", "WP", "VBP", "NNS", "IN", "DT", "NN", "IN", "DT", "JJ", "CC", "VBG", ",", "DT", "NN", "IN", "NNP", "IN", "WDT", "PRP", ",", "RB", "IN", "DT", "NNP", "CC", "IN", "DT", ",", "CC", "IN", "DT", "."], "122": ["IN", "DT", "NN", "IN", "NN", ",", "VBN", "DT", "NN", "IN", "NN", "CC", "DT", "CD", "NNS", "IN", "NN", "IN", "NN", "NN", "WDT", "PRP", ",", "PRP", "MD", "VB", "DT", "JJ", "NN", "IN", "VBN", "NN", "NNS", "IN", "."], "123": ["NNP", "VBZ", "RB", "VBN", "RP", "IN", "JJ", ",", "WDT", "VBZ", "VBN", "DT", "NNS", "IN", "WDT", "NNS", "VBP", "."], "124": ["IN", "PRP", "VBP", "DT", "NN", "NN", "WDT", "PRP", "RB", ",", "WRB", "RB", "VB", "DT", "NN", "IN", "NN", "WP", "VBZ", "CC", "VBZ", "DT", "."], "125": ["VB", "DT", "NNS", "IN", "NNS", "WDT", "PRP", "VBP", "TO", "VB", "DT", "NN", "."], "126": ["VBZ", ",", "CC", "VBZ", "NN", "CC", "NN", "CC", ",", "CC", "NN", "CC", "NNS", "IN", "DT", "WDT", "PRP", "VBP", "TO", "."], "127": ["DT", "JJS", "NN", "WDT", "PRP", "VBD", "IN", "DT", "NN", "VBD", "IN", "PRP", "VBD", "IN", "JJ", "NNS", "IN", "NNS", "IN", "VBN", "."], "128": ["PRP", "VBP", "VBN", "DT", "NN", "IN", "NN", "IN", "WDT", "PRP", "MD", "RB", "VB", ",", "NNS", "WDT", "VBP", "DT", "VBN", "NNS", "IN", "DT", ",", "DT", ",", "CC", "DT", "."], "129": ["IN", "PDT", "DT", "NN", "NNS", "WDT", "PRP", "VBP", ",", "DT", "JJ", "NN", "VBZ", "TO", "VB", "VBN", "DT", "NN", "IN", "NNP", "NNP", "RB", "RB", "."], "130": ["CD", "NN", "WDT", "PRP", "MD", "VB", ",", "VBZ", "IN", "IN", "DT", ",", "DT", "NN", "IN", "WP", "PRP", "VBP", "VBG", "VBZ", "RB", "."], "131": [",", "RB", "DT", "VBD", "DT", "NN", "IN", "WDT", "RB", "RB", "IN", "DT", "NNP", "NNP", "."], "132": ["NNP", "VBD", "IN", "NN", "IN", "NNP", ",", "WP", "PRP", "VBD", "IN", "IN", ",", "-RSB-", "CC", "PRP", "VBD", "DT", "NN", "PRP", "VBD", "TO", "VB", "IN", "NNP", "IN", "NNP", "."], "133": ["PRP", "VBD", "TO", "VB", "DT", "RP", "IN", "PRP", "NNS", "IN", "PRP", "NNS", "VBP", "VBN", "VBG", "IN", "NN", "NNS", "IN", "DT", ",", "RB", "VBP", "RB", "JJ", "TO", "RB", "VB", "JJ", "NN", "NNS", "WDT", "PRP", ",", ",", "PRP", ",", "JJ", "IN", "PRP", "."], "134": ["PRP", "VBZ", "DT", "NN", "NN", "IN", "DT", "NN", "RB", "VBN", "IN", "NNP", "NNP", "-RRB-", "CC", "VBN", "IN", "NNP", "NNP", ",", "IN", "WDT", "JJ", "NNS", "IN", "NNS", "VBP", "DT", "''", "IN", "DT", "JJ", "."], "135": ["PDT", "DT", "JJ", "NN", "WDT", "VBZ", "DT", "NN", "IN", "JJ", "NN", "VBZ", "VBN", "DT", "NN", "''", "IN", "WDT", "DT", "NN", "VBZ", "IN", "VBG", "RB", "RB", "CC", "RB", "IN", "JJ", "DT", "NN", "CC", "NN", "IN", "DT", "."], "136": [",", ",", "NNP", "VBD", "RB", "VB", "POS", ",", "IN", "PRP", "VBD", "VBG", "PDT", "PRP$", "JJ", "NNS", "IN", "RB", "IN", ",", "CC", "VBD", "VBG", "PRP$", "NNS", "IN", "PRP$", "NN", "IN", "CD", "NNP", ",", "-RSB-", "IN", "WDT", "PRP", "VBD", "RB", "VBN", "IN", "DT", ".", "-RSB-"], "137": ["VBZ", "RB", "JJ", "NN", "WDT", "PRP", "MD", "RB", "."], "138": ["NNP", "VBD", "DT", "JJ", "NN", "IN", "DT", "JJ", "NN", "NN", "IN", "POS", "NN", "NNP", "IN", "DT", ",", "WDT", "PRP", "VBD", "IN", "VBG", "VBN", "IN", "JJ", "NN", "CC", "NN", "NNP", ",", "WP", "VBD", "NNP", ",", "CC", "DT", "NN", "IN", "DT", ",", "WP", "VBD", "NN", "JJR", "IN", "NNP", "TO", "VB", "RP", "."], "139": ["IN", ",", "PRP", "VBD", "TO", "VB", "IN", "DT", "NN", "IN", "DT", "NN", "IN", "WDT", "NN", "VBZ", "CC", "PRP$", "."], "140": ["RB", ",", "DT", "JJ", "CC", "JJ", ",", "VBN", "IN", "CD", ",", "CC", "CD", ",", "CC", "RB", "IN", ",", "IN", "NNP", "IN", "CD", ",", "IN", "WDT", "NNP", "VBD", "VBN", "DT", "NN", "IN", "JJ", ",", "VBD", "."], "141": ["IN", "DT", "NN", "VBZ", "RB", "DT", "NN", "IN", "NN", "CC", "NN", "WDT", "PRP", "VBZ", "."], "142": ["CC", "PRP", "VBZ", "WP", "PRP", "MD", ",", "WP", "JJR", "PRP", "MD", ",", "RB", "RB", "IN", "JJ", ",", "CC", "IN", "PRP$", "RB", "JJ", "NN", "CC", ",", "IN", "POS", "NNP", "NNP", "NNP", "WDT", "PRP", "VBD", "JJ", "."], "143": ["DT", "NNP", "VBD", "PRP$", "NN", "CC", "VBD", "RB", "IN", "DT", "NN", "VBN", "WRB", "VBG", "DT", "NN", "IN", ",", "WDT", "PRP", "VBD", "RB", "VB", "CC", "VBD", "IN", "PRP$", "NN", "IN", "DT", "."], "144": ["DT", "NN", "WDT", "DT", "NN", "CC", "NN", "NN", "VBZ", "RB", "VB", "RB", "IN", "DT", ",", "RB", "DT", "NN", "IN", "."], "145": ["JJ", "JJ", "NNS", "VBP", "DT", "JJ", "NN", "WDT", "DT", "NN", "VBZ", "TO", "VB", "."], "146": ["EX", "VBZ", "DT", "NN", "IN", "EX", "VBP", "NNS", "WDT", "PRP", "VBP", "RB", "TO", "VB", "JJ", "TO", "VB", "DT", "NNS", "PRP", "VBP", "''"], "147": ["DT", "VBZ", "DT", "RB", "JJ", "NN", "TO", "VB", "PRP", "IN", "DT", "NN", "IN", "DT", "NN", "WDT", "PRP", "VBP", "VBN", "VBG", "IN", "IN", "."], "148": ["DT", "NN", "WDT", "NNP", "CC", "PRP$", "NNS", "VBP", "VBG", "TO", "VB", "DT", "NN", "VBZ", "RB", "JJ", ",", "VBN", "PRP$", "NN", "IN", ",", "PRP", "VBP", "DT", "JJ", "NN", "IN", "WP", "PRP", "MD", "VB", ",", "CC", "WP", "PRP", "RB", "VB", "."], "149": ["EX", "VBP", "EX", "VBP", "NNS", "IN", "DT", "NN", "WDT", "VBP", "RB", "RB", "JJ", "."], "150": ["CD", "IN", "POS", "JJS", "NNS", "VBD", "VBG", "NN", "IN", "DT", "NNPS", "TO", "VB", "DT", "JJ", "JJ", "JJ", "NN", "CC", "NN", "IN", ",", "IN", "WDT", "PRP", "VBD", "DT", "JJ", ",", "CC", "VBD", "DT", "JJ", "NN", "IN", "NNP", "IN", "PRP$", "."], "151": ["PRP", "VBP", "NNP", "IN", "NNP", "NNS", "IN", "NNP", "IN", "DT", "JJ", "CC", "JJ", "NN", "IN", "NN", "CC", "VBG", "WDT", "PRP", "VBP", "VBG", "."], "152": ["PRP", "MD", "VB", "IN", "NN", "WRB", "DT", "JJR", "NNS", "MD", "VB", "NN", "WDT", "PRP", "RB", ":", "IN", "NN", ",", "CC", "VB", "DT", "."], "153": ["PRP", "VBP", "IN", "CD", "NNS", "VBZ", "NN", "IN", "DT", "NN", "WDT", "VBP", "VBN", "RB", "."], "154": ["PRP$", "NN", ",", "PRP", "VBZ", "DT", "NN", "WDT", "PRP", "VBP", "IN", "CC", ",", "JJ", ",", "DT", "JJS", "IN", "DT", "NNS", "IN", "PRP$", ".", "IN", ",", "DT", "NN", "VBZ", "RB", "IN", "NN", "IN", "NNP", "''", "-RSB-"], "155": ["RB", "RB", "IN", "PRP", "MD", ",", "NN", "VBZ", "JJ", "IN", "IN", "''", "NN", ":", "NN", "WDT", "PRP", "MD", ",", "CC", "WDT", "RB", "IN", "DT", "JJ", "NN", "."], "156": ["DT", "RBS", "NN", "IN", "DT", "VBD", "IN", "NNP", ",", "JJ", "NNP", "IN", "NNP", ":", "CD", "NNS", "POS", "NN", ":", "WP", "PRP", "VBD", "TO", "VB", "RB", "JJ", "NNS", "RBR", "IN", "NNP", ".", "-RSB-"], "157": ["PRP", "VBD", "JJ", ",", "CC", "PRP", "VBD", "TO", "VB", "DT", "NN", "IN", "DT", ",", "PRP", "VBD", "TO", "VB", "DT", "JJ", "NN", "WDT", "PRP", "VBD", "TO", "VB", "RP", "IN", "PRP", ",", "WRB", "MD", "VB", "DT", "JJ", "NNS", "CC", ":"], "158": ["PRP", "VBP", "IN", "DT", "RB", "VBN", "NN", "IN", "VBG", "DT", "NN", "IN", "NNS", "MD", "VB", "DT", "JJ", "NN", "IN", "DT", "NN", "CC", "NN", "IN", ",", "RB", "JJS", "IN", "NN", "NNS", "WDT", "VBP", "TO", "VB", "NN", "CC", "IN", "JJ", "NNS", "IN", "WDT", "NNS", "VBP", "VBN", "TO", "VB", "JJ", "CC", "."], "159": ["EX", "VBP", "JJ", "NNS", "WDT", "VBP", "RP", "NN", "IN", ",", "IN", "NNP", "NNP", "NNP", "WDT", "VBZ", "RB", "JJ", "NNS", "IN", "PRP$", "-RRB-", "CC", "JJ", ",", "IN", "JJS", "JJ", "NNS", "VBP", ",", "WDT", "MD", "VB", "TO", "VB", "NN", "IN", "."], "160": ["EX", "VBP", "JJ", "NNS", "VBN", "WDT", "VBP", "DT", "JJ", "NN", "NN", "WDT", "NNS", "."], "161": ["PRP", "VBD", "DT", "JJ", "JJ", "NN", "WDT", "PRP", "VBZ", "IN", "NN", "NN", "CC", "IN", "DT", "NN", "IN", ":", "NNS", "WDT", "VBP", "DT", "VBP", "IN", "DT", "JJ", "."], "162": ["IN", "VBN", ",", "DT", "JJ", "NN", "IN", "NN", "VBZ", ",", "IN", "WDT", "DT", "NN", "IN", "JJ", "NNS", "IN", ",", "RB", "DT", "WP", "VBP", "IN", "DT", "JJ", "JJ", ",", "VBP", "DT", "JJ", "."], "163": ["UH", "PRP", "VBP", "VB", "IN", "VBP", "VBG", ",", "DT", "VBZ", "RB", ",", "DT", "VBZ", "RB", "IN", "PRP$", ",", "WDT", "VBP", "VBN", "NNP", "."], "164": ["DT", "NN", "IN", "DT", "NN", "VBD", "JJ", "RB", "RB", "TO", "VB", "PRP", "IN", ",", "CC", "RB", "VBD", "PRP", "CD", "NNS", "WDT", "PRP", "RB", "VBP", "NN", ",", "NNP", "IN", "NNP", "''", "CC", "NNP", "IN", "NNP", "."], "165": ["RB", "IN", "DT", "NN", ",", "PRP", "RB", "VBD", "PRP", "DT", ",", "DT", ",", "WDT", "VBP", "VBG", "TO", "VB", "IN", "PRP", "IN", "DT", "."], "166": ["PRP", "VBD", "JJ", "NNS", "WDT", "VBD", "DT", "NN", "NN", "NN", "IN", "DT", "JJ", "JJ", "NN", "NN", "IN", "DT", "NN", "VBD", "PRP", "TO", "VB", "PRP$", "NN", "RP", "IN", "VBG", "RB", ",", "CC", "VBD", "TO", "VB", "DT", "JJ", "NNS", "VB", "CC", "VB", "PRP", "RP", "WRB", "DT", "NN", "RB", "VBD", "RP", "CC", "VBD", "DT", "NN", "IN", "PRP$", "JJ", "."], "167": ["PRP", "VBD", "RB", "VBN", "IN", "NNP", "NNP", "NNP", "IN", ",", "WDT", "DT", "NNP", "VBZ", "IN", "DT", "JJ", ",", "CC", "NNS", "VBP", "VBZ", "DT", "VBN", "NN", "."], "168": ["VB", ",", "JJ", "CC", ",", "WDT", "PRP", "VBP", "TO", "VB", "IN", "PRP$", "JJ", ",", "VB", "JJ", "NNS", "IN", "JJR", "NNS", "IN", "."], "169": [",", "PRP", "VBD", "TO", "VB", "PRP$", ",", "IN", ",", "PRP", "VBD", "VBN", "IN", "PRP", "MD", "VB", "DT", "NN", "IN", "DT", "JJ", ",", "IN", "PRP", "VBD", ":"], "170": ["NNS", "WP", "VBP", "NN", "VBP", "VBG", "IN", "NNS", "TO", "VB", "WRB", "PRP", ",", ",", "CC", "VBP", "PRP$", "JJ", "JJ", "NNS", "IN", "VBG", "JJ", "IN", "DT", "IN", "DT", "JJ", "NN", "WDT", "PRP$", "NNS", "VBP", "VBG", "IN", ",", ",", "."], "171": ["DT", "NN", "IN", "NNP", "VBZ", "DT", "NN", "IN", "WDT", "DT", "NNP", "NNP", "VBZ", "JJ", ",", "VBN", "IN", "DT", "JJ", "JJ", "."], "172": ["NN", "VBZ", "PRP", "TO", "VB", "DT", "NN", "IN", "NNS", "CC", "NNS", "IN", "DT", ",", "IN", "DT", "NN", "MD", "VB", "DT", "NNS", "TO", "VB", "DT", "NNS", "MD", "VB", "."], "173": ["DT", "NNS", "IN", "PRP", "VBD", "IN", "DT", "JJ", "JJ", ",", "CC", "PDT", "DT", "NN", "IN", "NN", "WDT", "PRP", "MD", "VB", "IN", "RB", "VBD", "DT", "RB", "JJ", "NN", "WDT", "VBD", "DT", "VBG", "NN", "IN", "PRP$", "JJ", "."], "174": ["DT", "NN", "WDT", "DT", "NN", "VBD", "IN", "PRP$", "NN", "IN", "NN", "CC", ",", "CC", "DT", "VBD", "DT", "NN", "WDT", "VBD", "PRP", "."], "175": ["CC", "DT", "VBZ", ",", "NN", ",", "IN", "PRP", "VBD", "DT", "."], "176": ["DT", ",", "WDT", "VBZ", "RB", "JJ", "JJR", "IN", "DT", "NN", "IN", "NN", "IN", "WDT", "PRP", "VBP", "PRP$", "JJ", ",", "VBZ", "IN", "CD", "SYM", "CD", "NN", "CC", "SYM", "CD", "SYM", ",", "VBG", "IN", "WRB", "."], "177": ["CD", "IN", "PRP", "VBZ", "DT", "NNS", "WDT", "NNP", "IN", "DT", "NN", "NNS", "NN", "IN", "DT", "NNP", "NNP", "MD", "VB", "TO", "VB", "DT", "NNP", "NNPS", "."], "178": ["RB", "DT", "JJ", "NN", "WDT", "VBP", "VBG", "TO", "VB", "PRP", "NNS", "VBZ", "DT", "VBN", "IN", "NNP", "NNP", "NNP", "CC", "NNP", "NNP", ",", "WDT", "VBZ", "VBN", "IN", "NN", "NN", "NN", "CC", "VBD", "."], "179": ["PRP", ",", "JJS", "NNS", "WDT", "PRP", "MD", "VB", "TO", "VB", "PRP$", "NN", "VB", "PRP", "PDT", "DT", "."], "180": ["PRP", "VBD", "PRP", ",", ",", "UH", "CD", "CC", "CD", ",", "UH", "NNP", "NNP", "VBD", "CD", "IN", "PRP", "WDT", "PRP", ",", "IN", "DT", "."], "181": ["IN", "PRP$", "JJ", "''", "VBZ", "NN", "WDT", "RB", "VB", "VBN", "IN", "CD", ",", "VB", "DT", "NN", "IN", "JJ", "NNS", "IN", "PRP", "WDT", "PRP", "MD", "VB", "."], "182": ["VBD", "JJ", "DT", ",", "NNS", "WDT", "NNS", "VBP", "VBP", "."], "183": ["IN", "RB", "PRP", "VBP", "IN", "NNS", "WDT", "PRP", "RB", "."], "184": ["WP", "VBZ", "DT", "RBS", "JJ", "NN", "IN", "PRP$", "NN", "WDT", "NNS", "MD", "VB", "."], "185": ["TO", "VB", ",", "NNP", "VBD", "IN", "VBG", "DT", "NN", "IN", "DT", "NN", "IN", "DT", "JJ", "JJ", "JJ", "NN", "CC", "VBD", "IN", "DT", "NN", "IN", "WDT", "DT", "NN", "VBD", "RP", "DT", "NN", "VBD", "JJ", "IN", "POS", "NN", "IN", "DT", "."], "186": ["CC", "WP", "VBD", "DT", "NN", "WDT", "PRP", "."], "187": ["RB", "IN", ",", "DT", "VBG", "NN", "VBZ", "CD", "NNS", "IN", "PRP$", "CC", "PRP$", ",", "IN", "DT", ",", "IN", "WDT", "DT", "NN", "VBZ", "JJ", "CD", "."], "188": ["PRP", "VBP", "VBN", ",", "WP", "PRP", ",", "PRP", "VBP", ":", "VBP", "JJ", ":", "RB", "IN", "DT", ",", "NNS", "CC", "NNS", "IN", "JJ", "."], "189": ["DT", "JJS", "IN", "DT", ",", "DT", "NN", "MD", "VB", "NNS", "TO", "RB", "VB", "IN", "DT", "NN", "CC", "VB", "DT", "IN", "NN", "WDT", "NNS", "."], "190": ["JJ", "JJ", "DT", ",", "NNS", "WDT", "NNS", "VBP", "VBN", "VBP", ",", "RB", "."], "191": ["CC", "VBZ", "NNS", "WDT", "PRP", "RB", "VB", "TO", ",", "RB", "IN", ",", "PRP", "RB", "VBP", "IN", "PRP", "RB", "VB", ",", "CC", "DT", "PRP", "VBP", "VBZ", ":"], "192": ["DT", "CD", "NN", "WP", "PRP", "RB", "VBD", "VBD", "DT", "NN", "IN", "PRP", "CC", "VBD", "PRP", "IN", "PRP", "IN", "DT", "."], "193": ["IN", "PRP", "VBD", "DT", "NN", "IN", "WDT", "PRP", "VBD", "TO", "VB", "PRP$", "NN", ",", "POS", "JJ", "NN", "."], "194": ["IN", "DT", "NN", "PRP", "VBD", "NN", "IN", "DT", "JJ", "NN", "IN", "VBG", "NN", "NN", "IN", "DT", "JJ", "JJ", "NN", "NNS", "IN", "NNP", ",", "IN", "WDT", "DT", "CD", "NNP", "NNS", "EX", "VBP", "RB", "RB", "CD", "NNP", ",", "DT", "JJ", ",", "VBZ", "DT", "NN", "IN", "NNP", "-RRB-", "VBP", "DT", "JJ", "NN", ",", "TO", "VB", "DT", "NNS", "IN", "WDT", "NNS", "VBP", "IN", "JJ", ",", "WRB", "JJ", "NN", "VBZ", "VBN", "CC", "IN", "NNS", "MD", "VB", "VBN", "TO", "VB", "NN", "IN", "JJ", "."], "195": ["CC", "DT", "NNP", "NNP", "NNP", "NNP", "CC", "DT", "NNP", "NNP", "NNP", "VBP", "VBN", "IN", "DT", "POS", "NN", "CC", "NN", "VBD", "RB", "DT", "NN", "IN", "DT", "NN", "IN", "WDT", "PRP", "VBD", "DT", "."], "196": ["DT", "IN", "DT", "NN", "VBD", "RB", "VBN", "NN", ",", "PRP", "VBD", "JJ", "NNS", "IN", "DT", "NN", "WDT", "PRP", "VBD", "TO", "."], "197": [",", "DT", "JJ", "NNS", "WDT", "NN", "NNS", "VBP", "RB", "DT", "NN", "IN", "JJ", "NN", "NNP", ",", "."], "198": ["DT", "NN", "VBZ", "DT", "NN", "IN", "DT", "NN", "IN", "WDT", "DT", "NN", "VBZ", "VBN", "VBN", ",", "IN", "JJS", ",", "MD", "VB", "IN", "DT", "NN", "JJ", "IN", "."], "199": ["DT", "NN", "IN", "DT", "NNP", "IN", "NNP", "MD", "VB", "TO", "RB", "VB", "PRP$", "NN", "IN", "DT", "JJ", "NN", "IN", "DT", "NNS", "VBN", "IN", "DT", "NNP", "NNP", "CC", "NNP", "IN", "NNP", ",", "RB", "RB", "IN", "DT", "JJ", "NNS", "IN", "JJ", ",", "JJ", "IN", "DT", "NNP", "IN", "NNP", "CC", "NNP", "IN", ",", "IN", "WDT", "PRP", "VBP", "VBG", "DT", "RB", "JJ", "."], "200": ["IN", "DT", "NNS", "WDT", "PRP", "VBP", ",", "DT", "NN", "VBD", "RB", "VBN", "IN", "DT", "."], "201": ["RB", "PRP", "MD", "RB", "VB", "RB", "IN", "DT", "NN", "CC", "VB", "PRP", "NNS", "RB", ",", "PRP", "MD", "VB", "PRP", "IN", "PRP$", "''", "WRB", "DT", "MD", "RB", "VB", "IN", "DT", "WDT", "VBP", "RB", "VBN", "IN", "PRP$", ",", "WDT", "VBZ", "NNS", "RB", "VBP", "WP", "VB", "PRP$", "VB", "''"], "202": ["WRB", "RB", "VB", "IN", "DT", "JJR", "NN", "WDT", "PRP", "MD", "VB", "RBR", "JJ", "TO", "VB", "CC", "NN", "."], "203": ["PRP", "RB", "VBD", "DT", "JJ", "NN", "IN", "DT", "RB", "VBN", "JJ", "NN", "NNP", "IN", "DT", ",", "IN", "NN", "NN", "NNP", ",", "IN", "WDT", "PRP", "VBD", "DT", "NN", "IN", "JJS", "NN", "IN", "DT", "NNP", "CC", "DT", "NNP", "NNP", "IN", "DT", "NNP", "."], "204": ["DT", "NN", "WDT", "PRP", "VBZ", "RP", "."], "205": [".", "DT", "NNPS", "WDT", "VBP", "IN", "PRP", "DT", "NNPS", "IN", ",", "VBP", "TO", "VB", "DT", "IN", "WDT", "EX", "VBZ", "NN", "IN", "''", "NNP", ",", "NN", "."], "206": ["DT", "NN", "CD", "NN", "WDT", "PRP", "VBD", "IN", "PRP$", "NN", "VBD", "PRP", "RB", "VBD", "DT", "NN", "IN", ",", ",", "CC", "PRP", "VBD", "RP", "IN", "IN", "DT", "NN", "IN", "NN", "CC", "VBD", "IN", "NNP", "."], "207": ["EX", "VBP", "RB", "RB", "JJ", "JJ", "JJ", "NNS", "CC", "RB", "JJ", "NNS", "IN", "WDT", "NN", "MD", "VB", "''", "PRP$", "JJ", "."], "208": ["CC", "RB", "CD", "IN", "DT", "JJS", "NNS", "WDT", "PRP", "MD", "VB", "RP", "IN", "VBP", "EX", "VBZ", "POS", "WDT", "VBZ", "DT", "."], "209": ["RB", "DT", "JJ", "NN", "WDT", "PRP", "VBP", "PRP", "VB", "IN", "NNP", "VBZ", "RB", "RB", "IN", "NNP", "IN", "."], "210": ["CC", "PRP", "MD", "VB", "DT", "NN", "DT", "JJ", "NN", "NN", "TO", "VB", "DT", ",", "VB", "DT", "NN", "CC", "NN", "TO", "VB", "DT", ",", "JJR", "NN", "IN", "NN", "NN", "CC", "NNS", "WDT", "PRP", "."], "211": ["IN", "DT", "JJ", "NN", "NNP", "NNP", "VBD", "DT", "NN", "WDT", "DT", "NN", "NN", "NNP", "NNP", "VBD", "NNP", "IN", "VBG", "IN", "DT", "NN", "JJ", "."], "212": ["DT", "JJ", "NN", "WDT", "PRP", "VBP", "RB", "MD", "VB", "DT", "NN", "IN", "NN", "IN", "DT", "JJ", "NN", "NNS", "VBZ", "RB", "TO", "VB", "."], "213": ["NNP", "NNP", "RB", "VBD", "DT", "JJ", "NNS", "IN", "POS", "NN", "NNP", "IN", "PRP$", "JJ", "NN", "NNP", "WDT", "PRP", "VBD", "IN", "IN", "."], "214": ["VBP", "VBN", "DT", "NN", ",", "DT", "IN", "PRP$", ",", ",", "NNS", "WDT", "PRP", "RB", "VB", "IN", ",", "NN", "WDT", "PRP", "VBP", "IN", "VBG", "DT", "NN", "IN", ",", ",", ",", "PDT", "DT", "NNS", "WDT", "PRP", "RB", "RB", "VB", "TO", "VB", "VBN", "RP", "IN", "PRP$", ",", "CC", "PRP", "RB", "VBP", "RB", "IN", "DT", "."], "215": ["IN", "DT", "NN", "VBZ", "WP", "VBD", "IN", "DT", "NNP", "IN", "RB", "CD", ",", "IN", "NN", "IN", "DT", "NN", "VBD", "JJ", "IN", "PRP$", ",", "PRP$", "NN", "VBD", "DT", "NN", "IN", "WDT", "DT", "NNP", "CC", "DT", "NNP", "."], "216": ["DT", "JJ", "NNS", "VBG", "DT", "JJ", "NN", "VBP", "JJ", "NNS", "VBG", ":", "-RRB-", "DT", "-RRB-", "NN", "IN", "VBN", "NN", ":", "-RRB-", "DT", "-RRB-", "NN", "IN", "NN", ",", "CC", "-RRB-", "DT", "NN", "-RRB-", ",", "WDT", "VBZ", "IN", "DT", "NN", "IN", "WDT", "NNS", "MD", "-RRB-", "VB", "VBN", "IN", "NN", "NNS", "WDT", "VBP", "VBN", "."], "217": ["RB", "RB", "IN", "DT", ",", "DT", "VBP", "NNS", "WDT", "PRP", "RB", "VBD", "RB", "IN", "CD", "IN", "PRP$", "JJ", "NN", "IN", "NN", "IN", ",", "CC", "PRP", "RB", "RB", "VBD", "PRP", "RB", "VBP", "VBN", "PRP", "."], "218": ["DT", "VBZ", "DT", "NN", "IN", ",", "JJ", "JJ", "NN", "WDT", "NNP", "NNP", "VBZ", "."], "219": ["PRP", "RB", "VBP", "DT", "NN", "PRP", "VBP", "RP", "IN", ",", "DT", "NN", "WDT", "PRP", ",", "IN", "IN", "PRP", "VBP", "DT", "NN", ",", "NNP", "CC", "PRP", "VBD", "PRP", "RP"], "220": ["IN", "RB", "VBP", "JJ", "VBP", "VBG", "IN", "DT", "JJ", "NNS", "WDT", "PRP", "VBP", "IN", "DT", "NN", ",", "CC", ",", "PRP", "MD", "VB", "TO", "VB", "IN", "PRP", "IN", "DT", "CD", "."]}