{"0": [[0], [1], [2], [3], [4], [5], [6], [7], [8], [9], [10], [11], [12], [13], [14], [15], [16], [17], [18], [19], [20]], "1": [[0], [1], [2], [3], [4], [5], [6, 7], [8], [9], [10], [11], [12], [13], [14], [15], [16], [17], [18], [19]], "2": [[0], [1], [2], [3], [4], [5], [6, 7], [8], [9], [10], [11], [12], [13], [14], [15], [16], [17], [18], [19], [20], [21], [22], [23], [24], [25], [26], [27]], "3": [[0], [1], [2], [3], [4], [5], [6], [7], [8], [9], [10], [11], [12], [13], [14], [15], [16], [17], [18], [19], [20], [21], [22], [23], [24], [25], [26], [27], [28], [29], [30], [31], [32], [33], [34], [35], [36], [37], [38], [39], [40], [41], [42], [43], [44], [45], [46], [47], [48], [49], [50], [51], [52], [53]], "4": [[0], [1], [2], [3], [4], [5], [6], [7], [8], [9], [10], [11], [12], [13]], "5": [[0], [1], [2], [3], [4], [5], [6], [7], [8], [9], [10], [11], [12], [13], [14], [15], [16], [17], [18], [19], [20], [21], [22]], "6": [[0], [1], [2], [3], [4], [5, 6, 7], [8], [9, 10, 11, 12, 13], [14], [15], [16, 17, 18, 19, 20], [21], [22], [23], [24], [25]], "7": [[0], [1], [2], [3], [4], [5], [6], [7, 8], [9], [10], [11], [12], [13], [14], [15], [16], [17], [18], [19], [20], [21]], "8": [[0], [1], [2], [3], [4], [5], [6], [7], [8], [9], [10], [11], [12], [13], [14], [15], [16], [17], [18], [19], [20], [21], [22], [23], [24], [25]], "9": [[0], [1], [2], [3], [4], [5], [6], [7], [8], [9], [10], [11], [12], [13], [14], [15], [16], [17], [18], [19], [20], [21], [22]], "10": [[0], [1], [2], [3], [4], [5], [6], [7], [8], [9], [10], [11, 12], [13], [14], [15], [16], [17], [18], [19], [20], [21], [22], [23], [24], [25], [26], [27], [28], [29], [30], [31], [32], [33], [34], [35], [36], [37]], "11": [[0], [1], [2], [3], [4, 5], [6], [7], [8], [9], [10], [11], [12], [13], [14], [15], [16], [17], [18], [19], [20], [21], [22], [23], [24], [25], [26], [27], [28], [29], [30], [31], [32], [33], [34], [35], [36], [37], [38], [39], [40], [41], [42], [43], [44], [45]], "12": [[0], [1], [2], [3], [4], [5], [6], [7], [8], [9], [10], [11], [12], [13], [14], [15], [16], [17], [18], [19], [20], [21], [22], [23], [24], [25], [26], [27], [28], [29], [30]], "13": [[0], [1], [2], [3], [4], [5], [6], [7], [8], [9], [10], [11], [12], [13], [14], [15], [16], [17], [18], [19], [20], [21], [22], [23], [24], [25], [26], [27], [28], [29], [30], [31], [32], [33], [34], [35], [36], [37], [38], [39], [40], [41], [42], [43], [44], [45], [46], [47], [48], [49], [50], [51]], "14": [[0, 1], [2], [3], [4], [5], [6], [7], [8], [9], [10], [11], [12], [13], [14], [15], [16], [17], [18], [19], [20], [21], [22], [23], [24], [25], [26], [27], [28], [29], [30], [31], [32], [33], [34], [35], [36], [37]], "15": [[0], [1], [2], [3], [4], [5], [6], [7], [8], [9], [10], [11], [12], [13], [14], [15], [16], [17], [18], [19], [20], [21], [22], [23], [24], [25], [26], [27], [28], [29], [30], [31]], "16": [[0], [1], [2], [3], [4], [5], [6], [7], [8], [9], [10], [11], [12], [13], [14]], "17": [[0], [1], [2], [3], [4], [5], [6], [7], [8], [9]], "18": [[0], [1], [2], [3], [4], [5], [6], [7], [8], [9], [10], [11, 12], [13], [14], [15], [16], [17], [18], [19], [20], [21], [22]], "19": [[0], [1], [2], [3], [4], [5], [6], [7], [8], [9], [10], [11], [12], [13], [14], [15], [16]], "20": [[0], [1], [2], [3], [4], [5], [6], [7], [8], [9], [10], [11], [12], [13], [14, 15], [16]], "21": [[0], [1], [2], [3], [4], [5], [6], [7], [8], [9], [10], [11], [12], [13], [14], [15], [16], [17], [18], [19], [20], [21], [22], [23], [24], [25], [26], [27]], "22": [[0], [1], [2], [3], [4], [5], [6], [7], [8], [9], [10], [11]], "23": [[0], [1], [2], [3], [4], [5], [6], [7], [8], [9], [10], [11], [12], [13], [14], [15], [16], [17], [18], [19], [20], [21], [22], [23], [24], [25], [26], [27], [28], [29], [30], [31], [32], [33], [34]], "24": [[0], [1], [2], [3], [4], [5], [6], [7], [8], [9], [10], [11], [12], [13], [14], [15], [16], [17], [18], [19], [20], [21]], "25": [[0], [1], [2], [3], [4], [5], [6], [7]], "26": [[0], [1], [2], [3], [4], [5], [6], [7], [8], [9], [10], [11], [12], [13], [14], [15], [16], [17], [18], [19], [20], [21], [22], [23], [24]], "27": [[0], [1], [2], [3], [4], [5], [6], [7], [8], [9], [10], [11], [12, 13], [14], [15], [16], [17], [18], [19], [20, 21], [22], [23], [24], [25], [26], [27], [28], [29]], "28": [[0], [1], [2], [3], [4], [5], [6], [7], [8], [9], [10], [11], [12], [13], [14], [15], [16, 17], [18], [19], [20], [21], [22], [23], [24]], "29": [[0], [1], [2], [3], [4], [5], [6], [7], [8], [9], [10], [11], [12], [13], [14], [15], [16], [17], [18], [19], [20], [21], [22], [23], [24], [25], [26], [27], [28], [29], [30], [31], [32], [33], [34], [35], [36], [37], [38], [39], [40], [41], [42], [43], [44], [45]], "30": [[0], [1], [2], [3], [4], [5], [6], [7], [8], [9], [10], [11], [12], [13], [14], [15], [16], [17], [18], [19], [20], [21], [22], [23], [24], [25], [26]], "31": [[0], [1], [2], [3], [4], [5], [6], [7], [8], [9], [10], [11], [12], [13, 14], [15], [16], [17], [18], [19], [20], [21], [22], [23], [24], [25], [26], [27, 28, 29], [30], [31], [32], [33], [34]], "32": [[0], [1], [2], [3], [4], [5], [6], [7], [8], [9], [10], [11]], "33": [[0, 1, 2], [3], [4], [5], [6], [7], [8], [9], [10], [11], [12], [13], [14], [15], [16], [17], [18], [19], [20], [21], [22], [23], [24], [25], [26]], "34": [[0], [1], [2], [3], [4], [5], [6], [7], [8], [9], [10], [11], [12], [13], [14], [15, 16, 17], [18], [19], [20], [21], [22], [23, 24, 25, 26], [27], [28], [29, 30], [31], [32], [33], [34], [35], [36], [37], [38], [39], [40], [41], [42], [43], [44], [45], [46], [47], [48], [49], [50], [51], [52], [53], [54], [55, 56]], "35": [[0], [1], [2], [3], [4], [5], [6], [7], [8], [9], [10], [11], [12], [13], [14], [15], [16], [17], [18], [19]], "36": [[0], [1], [2, 3], [4], [5, 6], [7], [8], [9], [10], [11], [12], [13], [14, 15], [16], [17], [18], [19], [20], [21], [22], [23], [24], [25], [26], [27], [28], [29], [30], [31], [32]], "37": [[0], [1], [2], [3], [4], [5], [6], [7], [8], [9], [10], [11], [12], [13], [14], [15], [16], [17], [18], [19], [20], [21], [22], [23], [24], [25], [26], [27], [28], [29], [30], [31], [32], [33], [34], [35], [36], [37], [38], [39], [40], [41]], "38": [[0], [1], [2], [3], [4], [5, 6, 7], [8], [9], [10], [11], [12], [13], [14], [15], [16], [17], [18], [19], [20], [21], [22], [23], [24], [25]], "39": [[0], [1], [2], [3], [4], [5], [6], [7, 8], [9], [10], [11], [12], [13, 14, 15, 16], [17], [18], [19], [20], [21], [22], [23], [24], [25], [26], [27], [28, 29], [30], [31], [32, 33], [34], [35], [36], [37], [38], [39], [40], [41], [42], [43], [44], [45], [46], [47, 48], [49]], "40": [[0], [1], [2], [3], [4, 5], [6], [7], [8], [9], [10], [11], [12], [13, 14], [15], [16], [17], [18], [19], [20], [21], [22], [23]], "41": [[0], [1], [2], [3], [4], [5], [6], [7], [8, 9], [10], [11], [12], [13], [14, 15], [16], [17], [18, 19], [20], [21, 22], [23], [24], [25]], "42": [[0], [1], [2], [3], [4], [5], [6], [7], [8], [9], [10], [11], [12], [13], [14], [15], [16], [17], [18], [19], [20], [21], [22], [23, 24, 25], [26], [27], [28], [29], [30, 31, 32]], "43": [[0], [1], [2], [3], [4], [5], [6], [7], [8], [9], [10], [11], [12], [13], [14], [15, 16], [17], [18], [19], [20], [21], [22], [23], [24], [25], [26], [27], [28], [29], [30], [31], [32], [33], [34], [35], [36], [37], [38], [39], [40], [41, 42], [43], [44], [45], [46], [47], [48, 49, 50], [51], [52], [53], [54], [55], [56], [57]], "44": [[0], [1], [2], [3], [4], [5], [6], [7], [8], [9], [10], [11], [12], [13], [14], [15], [16], [17], [18], [19], [20], [21], [22], [23], [24], [25], [26], [27], [28, 29, 30], [31], [32]], "45": [[0], [1], [2], [3], [4], [5], [6], [7, 8], [9], [10], [11], [12, 13], [14], [15], [16]], "46": [[0], [1], [2], [3], [4], [5], [6], [7], [8], [9], [10], [11], [12], [13], [14], [15], [16], [17], [18], [19], [20], [21], [22, 23, 24], [25], [26], [27], [28], [29]], "47": [[0], [1], [2], [3], [4], [5], [6], [7], [8], [9], [10], [11], [12], [13], [14], [15], [16], [17], [18], [19], [20], [21], [22], [23], [24], [25], [26], [27, 28]], "48": [[0], [1], [2], [3], [4], [5], [6], [7], [8], [9], [10], [11], [12], [13], [14], [15], [16], [17], [18]], "49": [[0], [1], [2], [3], [4], [5], [6], [7], [8], [9]], "50": [[0], [1], [2], [3], [4], [5], [6], [7], [8], [9], [10]], "51": [[0], [1], [2], [3], [4], [5, 6], [7], [8], [9], [10], [11], [12], [13], [14], [15], [16], [17], [18], [19], [20], [21], [22], [23], [24], [25], [26], [27], [28], [29], [30], [31], [32], [33], [34, 35], [36], [37], [38], [39], [40], [41], [42], [43], [44], [45], [46], [47], [48], [49], [50], [51], [52]], "52": [[0], [1], [2, 3, 4], [5], [6], [7], [8], [9], [10], [11], [12], [13], [14], [15], [16], [17], [18], [19], [20], [21], [22]], "53": [[0], [1, 2], [3], [4], [5], [6], [7, 8, 9], [10], [11], [12], [13], [14], [15], [16], [17], [18], [19], [20], [21], [22], [23], [24], [25], [26], [27], [28], [29], [30], [31], [32], [33], [34], [35], [36], [37], [38], [39], [40]], "54": [[0], [1], [2], [3], [4], [5], [6], [7], [8], [9], [10], [11], [12], [13], [14], [15], [16], [17], [18], [19], [20], [21], [22], [23], [24], [25], [26], [27], [28], [29], [30], [31], [32], [33], [34], [35], [36], [37], [38], [39], [40]], "55": [[0], [1], [2], [3], [4], [5], [6], [7], [8], [9], [10], [11], [12], [13], [14], [15], [16], [17], [18], [19], [20], [21], [22], [23], [24], [25], [26, 27, 28, 29], [30], [31, 32, 33, 34]], "56": [[0], [1, 2], [3], [4], [5], [6], [7], [8], [9], [10], [11], [12], [13], [14], [15], [16], [17]], "57": [[0], [1], [2], [3], [4, 5], [6], [7], [8], [9], [10], [11], [12], [13], [14], [15], [16], [17], [18], [19], [20], [21], [22], [23]], "58": [[0], [1], [2], [3], [4], [5], [6], [7], [8], [9], [10], [11], [12], [13], [14], [15], [16], [17], [18], [19], [20], [21], [22], [23], [24], [25]], "59": [[0], [1], [2], [3], [4], [5, 6], [7], [8], [9, 10], [11], [12], [13], [14], [15]], "60": [[0], [1], [2], [3], [4], [5], [6], [7], [8], [9], [10], [11], [12], [13], [14], [15], [16], [17, 18], [19]], "61": [[0], [1], [2], [3], [4], [5], [6], [7], [8], [9], [10], [11], [12], [13], [14], [15], [16], [17], [18], [19], [20], [21]], "62": [[0], [1], [2], [3], [4], [5], [6], [7], [8], [9], [10], [11], [12], [13], [14], [15]], "63": [[0], [1], [2], [3], [4], [5], [6], [7], [8], [9], [10], [11], [12], [13], [14], [15], [16], [17], [18], [19], [20], [21], [22]], "64": [[0], [1], [2], [3], [4, 5], [6], [7], [8], [9], [10], [11], [12], [13], [14], [15], [16], [17], [18], [19], [20], [21], [22], [23], [24], [25], [26], [27], [28], [29], [30], [31], [32], [33], [34], [35], [36], [37], [38]], "65": [[0], [1], [2], [3], [4], [5], [6], [7], [8, 9], [10], [11], [12], [13], [14], [15], [16], [17], [18], [19], [20], [21], [22], [23], [24], [25]], "66": [[0], [1], [2], [3], [4], [5], [6], [7], [8], [9], [10], [11], [12], [13], [14], [15], [16], [17], [18]], "67": [[0], [1], [2], [3], [4], [5], [6, 7, 8], [9], [10], [11], [12], [13], [14], [15], [16], [17], [18, 19, 20], [21], [22], [23], [24], [25], [26], [27], [28], [29], [30], [31], [32], [33], [34], [35], [36], [37], [38], [39], [40], [41], [42], [43], [44], [45], [46], [47], [48], [49], [50], [51], [52], [53], [54], [55]], "68": [[0], [1], [2], [3], [4], [5], [6], [7], [8], [9], [10], [11], [12], [13], [14], [15], [16], [17], [18], [19], [20, 21], [22], [23], [24], [25], [26], [27], [28], [29], [30], [31], [32], [33], [34], [35]], "69": [[0], [1], [2], [3], [4], [5], [6], [7], [8], [9], [10], [11], [12], [13]], "70": [[0], [1], [2], [3], [4], [5], [6], [7], [8], [9], [10], [11], [12], [13], [14], [15], [16], [17], [18], [19], [20], [21], [22], [23], [24], [25], [26], [27], [28], [29], [30], [31], [32], [33], [34], [35], [36], [37], [38], [39], [40], [41], [42]], "71": [[0], [1], [2, 3], [4], [5], [6], [7], [8], [9], [10], [11], [12], [13], [14], [15], [16], [17], [18], [19], [20], [21], [22], [23], [24], [25], [26], [27], [28], [29, 30, 31], [32], [33], [34], [35]], "72": [[0], [1], [2], [3], [4], [5], [6, 7], [8], [9], [10], [11], [12, 13], [14], [15], [16], [17, 18, 19]], "73": [[0], [1], [2], [3], [4], [5], [6], [7], [8], [9], [10], [11], [12], [13, 14], [15], [16], [17, 18, 19], [20], [21], [22]], "74": [[0], [1], [2], [3], [4], [5], [6], [7], [8], [9], [10], [11], [12], [13], [14], [15], [16], [17], [18], [19], [20], [21], [22], [23], [24], [25], [26], [27], [28], [29], [30], [31], [32], [33], [34], [35], [36], [37], [38]], "75": [[0], [1], [2], [3], [4], [5], [6], [7], [8], [9, 10], [11], [12], [13], [14], [15], [16], [17], [18], [19], [20], [21], [22], [23], [24], [25, 26], [27]], "76": [[0], [1], [2], [3], [4], [5], [6, 7, 8], [9], [10], [11], [12], [13], [14], [15], [16], [17], [18], [19], [20], [21], [22], [23], [24], [25], [26], [27], [28], [29], [30, 31], [32], [33], [34], [35], [36], [37], [38, 39], [40], [41], [42], [43], [44], [45], [46], [47]], "77": [[0], [1], [2], [3], [4], [5], [6], [7], [8], [9], [10], [11], [12], [13], [14], [15], [16], [17], [18], [19], [20]], "78": [[0], [1], [2], [3], [4], [5], [6], [7, 8], [9], [10], [11], [12], [13], [14], [15], [16], [17], [18], [19], [20], [21], [22], [23], [24]], "79": [[0], [1], [2], [3], [4], [5], [6], [7], [8], [9], [10], [11], [12], [13], [14], [15], [16], [17], [18], [19], [20], [21], [22], [23], [24], [25], [26], [27], [28], [29], [30], [31], [32], [33], [34], [35], [36], [37], [38], [39], [40], [41], [42], [43], [44], [45], [46], [47]], "80": [[0], [1], [2], [3], [4], [5], [6], [7], [8], [9], [10, 11], [12], [13], [14], [15], [16], [17], [18], [19], [20], [21], [22], [23], [24], [25], [26], [27], [28], [29], [30], [31], [32]], "81": [[0], [1], [2], [3], [4], [5, 6, 7, 8, 9], [10], [11], [12], [13], [14], [15], [16], [17], [18, 19], [20], [21], [22], [23], [24]], "82": [[0], [1], [2], [3], [4], [5], [6], [7], [8], [9], [10], [11], [12], [13], [14], [15, 16], [17], [18]], "83": [[0], [1], [2], [3], [4], [5], [6], [7], [8], [9], [10], [11], [12], [13], [14], [15], [16], [17], [18], [19], [20], [21], [22], [23], [24], [25], [26], [27], [28], [29], [30], [31], [32]], "84": [[0], [1], [2], [3], [4], [5], [6], [7, 8], [9], [10], [11], [12], [13], [14], [15], [16], [17], [18], [19], [20], [21], [22], [23], [24], [25], [26], [27], [28], [29], [30], [31], [32], [33], [34], [35], [36], [37], [38], [39], [40], [41], [42], [43], [44], [45], [46], [47], [48], [49], [50], [51], [52]], "85": [[0], [1], [2], [3], [4], [5], [6], [7], [8], [9, 10], [11], [12], [13], [14], [15], [16], [17], [18], [19], [20], [21], [22], [23], [24], [25], [26], [27], [28], [29]], "86": [[0], [1], [2], [3], [4], [5], [6], [7], [8], [9], [10], [11], [12], [13], [14], [15], [16], [17], [18], [19], [20], [21], [22], [23], [24], [25], [26], [27], [28], [29], [30], [31], [32], [33], [34], [35], [36], [37], [38]], "87": [[0], [1], [2], [3], [4], [5], [6], [7], [8], [9], [10], [11], [12], [13], [14], [15], [16], [17], [18], [19], [20], [21], [22], [23], [24], [25]], "88": [[0, 1, 2], [3], [4, 5], [6], [7], [8], [9], [10], [11], [12], [13], [14], [15], [16], [17], [18], [19], [20], [21], [22], [23], [24], [25], [26], [27], [28], [29], [30], [31], [32], [33], [34], [35], [36], [37], [38], [39], [40], [41], [42], [43], [44], [45], [46], [47], [48], [49]], "89": [[0], [1], [2], [3], [4], [5], [6], [7], [8], [9], [10], [11], [12], [13], [14], [15], [16], [17], [18], [19], [20], [21], [22], [23], [24], [25], [26], [27], [28], [29], [30], [31], [32]], "90": [[0], [1], [2], [3], [4], [5], [6], [7], [8], [9], [10], [11], [12], [13], [14], [15], [16], [17], [18], [19], [20], [21], [22], [23], [24, 25], [26], [27], [28], [29], [30], [31], [32], [33], [34], [35], [36], [37]], "91": [[0, 1], [2], [3], [4], [5], [6], [7], [8], [9], [10], [11], [12], [13], [14], [15], [16], [17], [18], [19], [20], [21]], "92": [[0], [1], [2], [3], [4], [5], [6], [7], [8]], "93": [[0], [1], [2], [3], [4], [5], [6], [7], [8], [9], [10], [11], [12], [13], [14], [15, 16], [17], [18], [19], [20], [21], [22, 23], [24]], "94": [[0], [1, 2], [3, 4], [5], [6, 7], [8], [9], [10], [11], [12], [13], [14]], "95": [[0], [1], [2], [3], [4], [5], [6], [7], [8], [9], [10, 11], [12], [13], [14], [15], [16], [17], [18], [19], [20], [21], [22]]}