{"0": ["I", "feel", "horrible", "do", "that", "on", "that", "eye", "dog", "that", "he", "have", "in", "here", "last", "week,", "under", "whatever", "night", "it", "be."], "1": ["but", "the", "arrogant", "person", "be", "usually", "more", "than", "happy", "to", "show", "they", "cruel", "side", "to", "that", "that", "they", "donot", "like."], "2": ["I", "also", "have", "a", "profile", "they", "fill", "out", "for", "I,", "a", "mini-MMPI", "that", "I", "develop,", "so", "that", "I", "have", "a", "idea", "--", "Rebecca", "and", "I", "put", "it", "together"], "3": ["a", "lot", "of", "the", "note", "that", "I", "have", "take", "from", "we", "last", "meeting", "and", "be", "more", "of", "a", "cause", "or", "like", "lead", "to", "memory's", "importance", "for", "each", "of", "the", "source,", "I", "\u2014", "I", "essentially", "change", "it", "to", "um", "\"itbe", "the", "one", "persistent", "element", "of", "we", "existence", "that", "give", "meaning", "to", "the", "inheritance", "of", "memory\"."], "4": ["and", "what", "do", "we", "call", "something", "that", "you", "\u2014", "that", "you", "can", "splish", "splash?"], "5": ["she", "would", "cry", "from", "frustration", "when", "the", "older", "child", "could", "do", "something", "that", "she", "couldnot", "\u2014", "like", "tie", "knot,", "or", "catch", "a", "chicken."], "6": ["his", "initiation", "take", "place", "on", "April", "17,", "1789,", "at", "Holland", "Lodge", "no.", "8,", "F&AM,", "which", "the", "Grand", "Lodge", "of", "New", "York", "F&AM", "have", "charter", "in", "1787."], "7": ["list", "everything,", "big", "and", "small,", "that", "you", "have", "to", "do", "for", "you", "entire", "day;", "break", "big", "activity", "into", "smaller", "bit", "if", "necessary."], "8": ["sociologist", "attempt", "to", "engage", "in", "cultural", "relativism,", "then,", "may", "struggle", "to", "reconcile", "aspect", "of", "they", "own", "culture", "with", "aspect", "of", "a", "culture", "that", "they", "be", "study."], "9": ["uh", "I", "do", "emphasize", "that", "Ibe", "read", "it,", "this", "be", "not", "evidence,", "this", "be", "only", "y-", "you", "story,", "that", "youhave", "tell", "Mr.", "Roberts."], "10": ["and", "also,", "Ibe", "very", "proud", "to", "say", "that", "I", "have", "actually", "go", "back", "to", "therapy,", "which", "be", "something", "that", "I", "havenot", "do", "since", "\u2014", "I", "mean", "the", "last", "time", "I", "be", "in", "therapy,", "almost", "I", "be", "like", "20."], "11": ["so", "I", "could", "not", "come", "out", "with", "a", "cream", "and", "tell", "you", "guy", "just", "-", "\"you", "can", "use", "it", "on", "you", "wash-n-go's\"", "when", "that", "would", "kinda", "go", "against", "all", "that", "Ihave", "always", "say", "on", "my", "channel,", "which", "be", "\"gel", "actually", "be", "what", "make", "you", "wash-n-go", "stay.\""], "12": ["and", "as", "I", "see", "therein", "the", "lote-face", "vanish,", "I", "long", "for", "net", "that", "I", "might", "capture", "they", "and", "learn", "from", "they", "the", "secret", "which", "the", "moon", "have", "bring", "upon", "the", "night."], "13": ["I", "have", "new", "product", "out,", "and", "Ibe", "gonna", "be", "show", "you", "guy", "today", "exactly", "how", "Ibe", "go", "to", "be", "use", "my", "product,", "and", "Ibe", "also", "go", "to", "be", "show", "you", "guy", "this", "extreme", "moisture", "bomb", "routine", "that", "you", "can", "do,", "um,", "for", "wintertime", "because", "it", "be", "get", "a", "little", "bit", "colder", "outside."], "14": ["accord", "to", "Wilkins,", "Warhol", "be", "able", "to", "reproduce", "the", "Polaroid", "photograph", "and", "create", "a", "enlargement", "of", "it,", "which", "he", "then", "could", "use", "to", "commit", "the", "image", "to", "the", "silk", "screen", "medium", "by", "apply", "paint", "or", "manipulate", "they", "further."], "15": ["so", "this", "first", "product", "that", "Ibe", "go", "to", "show", "you", "guy", "be", "the", "nourish", "by", "Shawnta", "Curl", "Defining", "and", "Soft", "hold", "Styler,", "which", "be", "enrich", "with", "sesame", "seed", "oil", "and", "rise", "essence."], "16": ["upon", "wake", "each", "morning,", "you", "begin", "think\u2014contemplate", "the", "task", "that", "you", "must", "complete", "that", "day."], "17": ["acquire", "human", "behavior\u2014that", "be,", "behavior", "that", "people", "be", "teach\u2014be", "cultural."], "18": ["it", "require", "we", "to,", "employ,", "oh", "five", "or", "six", "crew,", "uh", "Mitchell", "Roberts", "be", "one", "of", "they", "that", "we", "use,", "on", "the", "job."], "19": ["consider", "the", "life", "that", "we", "can", "save", "by", "strengthen", "we", "investment", "to", "sustain", "peace", "around", "the", "world."], "20": ["second,", "the", "stylistic", "effect", "that", "enjambment", "permit", "be", "also", "a", "object", "of", "current", "research", "(Mart\u00ednez", "Fern\u00e1ndez,", "2010)."], "21": ["the", "hardest", "thing", "in", "run", "this", "business,", "which", "be", "why", "people", "cannot", "do", "it,", "be", "the", "relationship", "that", "my", "wife", "have", "with", "the", "gal", "and", "with", "the", "customer."], "22": ["so", "Erasmus", "lay", "the", "the", "\u2014", "lay", "the", "egg,", "which", "Luther", "hatch."], "23": ["in", "the", "field", "of", "L2", "research,", "give", "the", "importance", "of", "replication", "and", "the", "50", "call", "for", "replication", "in", "L2", "research", "that", "we", "identify,", "one", "might", "expect", "a", "substantial", "number", "of", "publish", "replication", "study", "by", "now."], "24": ["the", "sand", "do", "distort", "the", "sheet", "a", "tiny", "bit,", "but", "this", "be", "not", "a", "distortion", "that", "we", "or", "the", "ant", "can", "measure."], "25": ["the", "baseline", "data", "that", "I", "use", "to", "--"], "26": ["so", "I", "think", "webe", "gonna", "start", "here", "at", "the", "loop", "trailhead", "which", "be", "the", "same", "highline", "-", "um,", "trail", "that", "we", "do", "the", "other", "day."], "27": ["by", "now", "Ibe", "sure", "yoube", "wonder", "about", "the", "different", "thing", "that", "I", "have", "on", "the", "table", "here,", "but", "first,", "I", "would", "like", "to", "talk", "to", "you", "about", "this", "three", "item."], "28": ["from", "the", "first", "day,", "I", "have", "emphasize", "prevention,", "mediation", "and", "a", "surge", "in", "diplomacy", "for", "peace", "in", "order", "to", "address", "the", "crise", "that", "we", "face."], "29": ["and", "in", "19", "\u2014", "and", "I", "will", "tell", "you", "this,", "and", "I", "say", "it", "very", "strongly,", "year", "ago,", "I", "say", "\u2014", "and", "I", "love", "the", "military,", "and", "I", "want", "to", "have", "the", "strongest", "military", "that", "wehave", "ever", "have,", "and", "we", "need", "it", "more", "now", "than", "ever."], "30": ["it", "be", "the", "same", "rich", "green", "that", "one", "see", "on", "forest", "moss", "or", "on", "the", "lichen", "in", "cave:", "plant", "which", "like", "this", "grow", "in", "a", "perpetual", "twilight."], "31": ["and", "it", "show", "what", "we", "can", "achieve,", "what", "more", "we", "can", "discover,", "not", "just", "about", "distant", "place,", "but", "about", "we", "very", "own", "planet", "and", "climate,", "like", "NASA's", "Earth", "System", "Observatory", "that", "we", "launch", "last", "year."], "32": ["so,", "you", "say", "that", "you", "have", "a", "outro", "that", "youhave", "be", "practice?"], "33": ["as", "far", "as", "I", "can", "tell,", "podiobook.com", "feature", "\"free", "as", "in", "beer\"", "content", "\u2014", "material", "which", "you", "can", "download,", "but", "which", "benot", "under", "a", "free", "content", "license."], "34": ["and", "if", "we", "can", "obtain", "the", "early", "passage", "of", "a", "effective", "tax", "cut", "which", "the", "House", "of", "Representatives", "have", "already", "pass--and", "which", "the", "Ways", "and", "means", "Committee,", "on", "which", "Bill", "Green", "serve,", "write--we", "shall", "be", "sailing", "this", "country", "next", "year", "on", "the", "longest", "and", "strongest", "peacetime", "expansion", "of", "we", "economy", "in", "the", "history", "of", "the", "United", "States."], "35": ["this", "one", "person", "who", "I", "never", "meet", "take", "a", "picture", "of", "I", "and", "send", "it", "to", "I", "in", "a", "e-mail."], "36": ["I", "still", "believe", "in", "the", "kind", "of", "America", "which", "I", "describe", "in", "this", "hall", "3", "year", "ago,", "and", "I", "be", "still", "determined", "that", "this", "Nation", "shall", "continue", "to", "strive", "to", "meet", "that", "goal."], "37": ["yet", "when", "I", "see", "afar", "out", "in", "the", "sea", "a", "black", "condor", "descend", "from", "the", "sky", "to", "seek", "rest", "on", "a", "vast", "reef,", "I", "would", "fain", "have", "question", "he,", "and", "ask", "he", "of", "that", "whom", "I", "have", "know", "when", "they", "be", "alive."], "38": ["she", "be", "eventually", "send", "to", "Rehabilitation", "Project", "Force", "in", "Sydney,", "which", "the", "Church", "describe", "as", "a", "religious", "retreat,", "but", "critic", "charge", "be", "a", "force", "work", "camp."], "39": ["Padalecki", "have", "a", "uncredited", "role", "as", "a", "high", "school", "bully", "in", "2003's", "comedy", "Cheaper", "by", "the", "Dozen,", "which", "he", "play", "after", "be", "ask", "by", "fellow", "actor", "and", "friend", "Tom", "Welling,", "who", "play", "Charlie", "Baker,", "and", "the", "director", "of", "the", "movie,", "who", "want", "someone", "larger", "than", "Charlie", "to", "pick", "on", "he."], "40": ["in", "the", "62nd", "minute", "Kim", "Min-Woo", "concede", "a", "penalty", "which", "the", "match", "referee", "Joel", "Aguilar", "award", "Sweden", "after", "confirm", "with", "the", "video", "assistant", "referee."], "41": ["Malaysia", "and", "Indonesia", "have", "maintain", "a", "policy", "of", "turn", "away", "boat", "of", "migrant", "which,", "accord", "to", "AFP,", "the", "United", "Nations", "and", "United", "States", "have", "both", "criticise."], "42": ["webe", "right", "now", "use", "a", "automated", "microscope", "that", "we", "develop", "several", "year", "ago", "for", "nuclear", "astrophysics", "work", "to", "scan", "the", "collector", "in", "the", "cosmic", "Dust", "Lab", "in", "Building", "31", "at", "Johnson", "Space", "Center."], "43": ["from", "the", "discussion", "I", "have", "have", "with", "congressional", "and", "other", "leader,", "I", "have", "conclude", "that", "because", "of", "the", "Watergate", "matter,", "I", "might", "not", "have", "the", "support", "of", "the", "Congress", "that", "I", "would", "consider", "necessary", "to", "back", "the", "very", "difficult", "decision", "and", "carry", "out", "the", "duty", "of", "this", "office", "in", "the", "way", "the", "interest", "of", "the", "Nation", "will", "require."], "44": ["when", "people", "be", "search", "use", "the", "virtual", "microscope,", "they", "will", "be", "look", "not", "for", "the", "particle,", "but", "for", "the", "track", "that", "the", "particle", "make,", "which", "be", "much", "larger", "\u2014", "several", "micron", "in", "diameter."], "45": ["you", "know,", "most", "people", "that", "you", "would", "get", "to", "trim", "you", "horse", "do", "it", "all", "the", "time."], "46": ["so", "this", "be", "the", "type", "of", "wine", "that", "you", "can", "enjoy", "on", "they", "own", "and", "also", "with", "you", "light", "meal,", "because", "they", "be", "make", "to", "open", "now,", "drink", "now", "wine."], "47": ["[the", "santorum", "neologism", "be]", "offensive", "beyond,", "you", "know,", "anything", "that", "any", "public", "figure", "or", "anybody", "in", "America", "should", "tolerate,", "and", "the", "mainstream", "media", "laugh", "about", "it.", "\u2014", "Rick", "Santorum"], "48": ["in", "this", "sense,", "fan", "of", "the", "series", "represent", "a", "emerge", "model", "for", "cultural", "consumption", "that", "should", "be", "carefully", "explore."], "49": ["because", "then", "you", "run", "into", "thing", "that", "we", "already", "know."], "50": ["and", "this", "be", "a,", "eight-thousand-yard", "job,", "that", "we", "do", "this", "summer."], "51": ["I", "talk", "instead", "about", "the", "kind", "of", "America", "that", "I", "want", "for", "my", "family", "and", "for", "you", "family", "and", "all", "that", "who", "be", "citizen", "of", "this", "country", "in", "this", "difficult", "and", "change", "year,", "the", "kind", "of", "America", "in", "which", "I", "believe,", "not", "as", "a", "Democrat", "or", "as", "a", "candidate,", "but", "as", "a", "citizen."], "52": ["I", "congratulate", "School", "of", "Open", "team", "across", "Africa", "for", "the", "innovative", "and", "transformative", "mode", "of", "teaching", "and", "learn", "that", "we", "be", "launch", "today."], "53": ["the", "kind", "of", "moral", "realism", "that", "Street", "have", "in", "mind", "be", "the", "view", "that", "moral", "property", "exist", "as", "objective", "feature", "of", "the", "world", "(to", "wit,", "whether", "steal", "be", "wrong", "be", "independent", "of", "whether", "anyone", "think", "or", "feel", "that", "steal", "be", "wrong)."], "54": ["I", "want", "to", "get", "this", "out", "to", "you", "guy", "because", "you", "guy", "have", "be", "ask", "for", "styling", "product", "since", "the", "beginning,", "so", "Ibe", "so", "glad", "to", "finally", "have", "actual", "styling", "product", "that", "I", "can,", "um,", "you", "know,", "present", "to", "you", "guy."], "55": ["the", "magician", "behind", "the", "counter", "be", "wise", "enough", "not", "to", "sell", "it", "to", "I,", "but", "instead", "sell", "I", "two", "book", "which", "I", "still", "own", "today", "-", "\"Scarne", "on", "Card", "trick\"", "and", "\"Scarne", "on", "Magic", "trick\"."], "56": ["then,", "base", "on", "that,", "we", "make", "open", "innovation", "that", "we,", "then,", "export,", "not", "as", "colonizer", "but,", "really,", "co-creator."], "57": ["we", "\u2014", "that", "be", "kind", "of", "a", "double", "thing", "that,", "we", "have", "in", "\u2014", "in", "another", "class,", "so", "it", "be", "kinda", "review", "for", "we."], "58": ["yet", "the", "turn", "-", "point", "be", "past,", "and", "history", "begin", "anew", "for", "we,", "the", "history", "which", "we", "shall", "live", "and", "act", "and", "other", "will", "write", "about."], "59": ["anything", "that", "you", "want", "to", "put", "off", "but", "take", "two", "minute", "to", "do", "-", "do", "it."], "60": ["therebe", "supplies,", "and", "therebe", "wear", "and", "tear", "and", "maintenance,", "and", "bookkeeping", "and", "thing", "like", "that", "that", "you", "have", "to", "do."], "61": ["one", "thing", "that", "I", "should", "say", "...", "be", "that", "like", "all", "research,", "the", "outcome", "of", "what", "we", "be", "do", "be", "highly", "uncertain."], "62": ["aka", "every", "vegetarian", "thing", "that", "Ash", "have", "in", "she", "fridge", "that", "will", "remotely", "go", "well", "together."], "63": ["if", "you", "have", "a", "spare", "bedroom", "that", "you", "benot", "use,", "why", "not", "sell", "that", "space", "to", "someone", "who", "want", "and", "need", "the", "space?"], "64": ["but", "when", "that", "moon", "go", "over", "to", "the", "west", "and", "the", "still", "tide", "ebb", "from", "the", "sullen", "shore,", "I", "see", "in", "that", "light", "old", "spire", "that", "the", "wave", "almost", "uncover,", "and", "white", "column", "gay", "with", "festoon", "of", "green", "seaweed."], "65": ["if", "you", "''big", "project''", "be", "something", "that", "cannot", "be", "do", "in", "one", "sitting,", "make", "a", "list", "of", "small", "part", "of", "it", "that", "you", "can", "accomplish", "today."], "66": ["for", "the", "most", "part,", "arrogant", "people", "see", "people", "that", "they", "donot", "like", "as", "threat", "to", "they", "perfect", "little", "world."], "67": ["he", "be", "not", "baptize", "until", "about", "360", "-", "366,", "when", "he", "have", "go", "to", "Rome", "with", "he", "friend", "Bonosus", "of", "Sardica", "(who", "may", "or", "may", "not", "have", "be", "the", "same", "Bonosus", "whom", "Jerome", "identify", "as", "he", "friend", "who", "go", "to", "live", "as", "a", "hermit", "on", "a", "island", "in", "the", "Adriatic)", "to", "pursue", "rhetorical", "and", "philosophical", "study."], "68": ["the", "rock", "about", "I", "be", "of", "a", "harsh", "reddish", "colour,", "and", "all", "the", "trace", "of", "life", "that", "I", "could", "see", "at", "first", "be", "the", "intensely", "green", "vegetation", "that", "cover", "every", "project", "point", "on", "they", "south-eastern", "face."], "69": ["that", "be", "the", "tradition", "of", "honest,", "progressive", "democratic", "government", "that", "Mayor", "Tate", "carry", "on."], "70": ["the", "President", "have", "draw", "both", "praise", "for", "help", "the", "girl", "enter", "the", "U.S.", "and", "criticism", "for", "he", "travel", "ban,", "which", "do", "not", "cover", "Afghanistan,", "and", "for", "the", "atmosphere", "of", "hostility", "toward", "Muslims", "that", "critic", "blame", "for", "deny", "they", "entry", "in", "the", "first", "place."], "71": ["once", "we", "figure", "out", "what", "it", "be,", "we", "play", "a", "lot", "of", "manuscript", "email", "tag,", "which", "can", "be", "challenging", "and", "time", "consume", "give", "the", "differ", "schedule", "that", "folk", "keep", "in", "term", "of", "travel,", "field", "work,", "etc."], "72": ["the", "reaction", "that", "the", "luminol", "and", "hydrogen", "peroxide", "create", "donot", "last", "long", "at", "all", "--", "maybe", "a", "couple", "of", "minute."], "73": ["we", "have", "wound", "soldier,", "who", "I", "love,", "I", "love", "\u2014", "theybe", "great", "\u2014", "all", "over", "the", "place,", "thousand", "and", "thousand", "of", "wounded", "soldier."], "74": ["Santorum", "criticize", "the", "response", "of", "the", "press", "to", "the", "phenomenon", "in", "a", "2011", "radio", "interview,", "say,", "\"itbe", "offensive", "beyond,", "you", "know,", "anything", "that", "any", "public", "figure", "or", "anybody", "in", "America", "should", "tolerate,", "and", "the", "mainstream", "media", "laugh", "about", "it.\""], "75": ["you", "get", "the", "two,", "and", "you", "take", "the", "square", "root", "of", "two,", "and", "you", "get", "the", "negative", "two,", "which", "you", "take", "the", "square,", "and", "it", "come", "to", "two."], "76": ["he", "characterize", "the", "conflict", "between", "the", "Church", "of", "Scientology", "and", "anonymous", "poster", "of", "the", "Cruise", "video", "as", "\"another", "small", "skirmish", "in", "a", "war", "that", "Scientology", "have", "be", "wage", "for", "almost", "15", "year,", "since", "the", "early", "day", "of", "newsgroups", "such", "as", "alt.religion.scientology,", "which", "post", "internal", "church", "document", "in", "1994."], "77": ["one", "small", "container", "of", "pure", "fruit", "be", "sufficient", "for", "flavoring", "(the", "little", "container", "that", "child", "take", "to", "school", "in", "they", "lunchbox.)"], "78": ["moreover,", "see", "someone", "perform", "on", "the", "internet", "take", "away", "the", "use", "of", "we", "sense,", "originality", "and", "imagination", "that", "read", "and", "think", "about", "magic", "can", "produce."], "79": ["and", "\u2014", "and", "uh,", "you", "know,", "I", "think,", "I", "think", "that,", "one", "of", "the", "reason", "that", "therebe", "be", "no", "focus", "be", "because,", "oh,", "everybody", "accept", "the", "scientific", "method", "as", "the", "best", "tool", "that", "we", "have,", "and", "be", "kinda", "let", "the", "scientific", "method", "be", "the", "\u2014", "be", "the", "leader."], "80": ["the", "Galileo", "and", "Ulysses", "spacecraft", "carry", "dust", "detector", "onboard", "that", "Eberhard", "Gruen", "and", "he", "colleague", "use", "to", "first", "detect", "and", "they", "measure", "the", "flux", "of", "interstellar", "dust", "particle", "stream", "into", "the", "solar", "system."], "81": ["some", "scholar", "believe", "that", "between", "nine", "and", "fifteen", "thousand", "year", "ago,", "a", "land", "bridge", "exist", "between", "Asia", "and", "North", "America", "that", "we", "now", "call", "Beringia."], "82": ["the", "effect", "get", "more", "noticeable", "as", "we", "increase", "the", "mass", "of", "the", "object", "that", "we", "put", "on", "the", "sheet."], "83": ["if", "the", "environmental", "agency", "group", "report", "one", "number", "and", "you", "neighbor", "report", "another", "number,", "of", "course,", "yoube", "go", "to", "trust", "the", "one", "that", "you", "participate", "yourself,", "even", "though", "itbe", "a", "lower", "quality", "sensor."], "84": ["I", "say,", "first", "of", "all,", "that", "I", "believe", "in", "America", "where", "work", "be", "available", "to", "that", "who", "be", "willing", "and", "able", "to", "work,", "where", "the", "waste", "of", "idle", "man", "and", "machine", "could", "be", "avoid,", "and", "where", "great", "economic", "growth", "could", "provide", "the", "new", "job", "and", "the", "new", "market", "that", "we", "grow", "Nation", "need."], "85": ["I", "remember", "one", "of", "we", "ad", "that", "I", "have", "put", "in", "say,", "\"if", "you", "think", "nice", "girl", "donot", "do", "S&M,\"", "--", "I", "forget", "what", "the", "rest", "of", "it", "say", "--"], "86": ["the", "technology", "that", "Frank", "and", "he", "colleague", "be", "use", "to", "explore", "the", "ice", "be", "so", "important", "because,", "give", "we", "lack", "of", "data,", "we", "have", "no", "reasonable", "expectation", "of", "what", "it", "should", "be", "like,", "or", "what", "it", "shouldnot", "be", "like."], "87": ["uh,", "I", "go", "to", "receive", "my", "check,", "of", "which,", "we", "have", "agree", "that", "he", "would", "deduct", "the", "amount", "of", "the", "hourly", "wage,", "that", "he", "be", "\u2014"], "88": ["as", "soon", "as", "I", "come", "off", "the", "pill", "my", "period", "come", "back", "pretty", "regularly", "and", "I", "start", "track", "my", "period", "just", "because", "I", "know", "the", "pregnancy", "be", "something", "that", "eventually", "we", "would", "want,", "and", "I", "know", "that", "it", "help", "if", "youhave", "be", "track", "you", "period", "so", "you", "know", "you", "cycle."], "89": ["but", "it", "will", "make", "a", "tremendous\u2013take", "a", "tremendous", "step", "toward\u2013or", "to", "stop", "the", "violence,", "stem", "the", "suffering", "and", "start", "to", "build", "a", "healthier,", "better", "relationship", "between", "law", "enforcement", "and", "community", "that", "they", "respect."], "90": ["scientist", "who", "study", "cognition", "be", "search", "for", "way", "to", "understand", "how", "we", "integrate,", "organize,", "and", "utilize", "we", "conscious", "cognitive", "experience", "without", "be", "aware", "of", "all", "of", "the", "unconscious", "work", "that", "we", "brain", "be", "do", "(for", "example,", "Kahneman,", "2011)."], "91": ["Johann", "Bernoulli", "also", "plagiarize", "some", "key", "idea", "from", "Daniel's", "book", "Hydrodynamica", "in", "he", "own", "book", "Hydraulica", "which", "he", "backdate", "to", "before", "Hydrodynamica."], "92": ["itbe", "very", "soft", "stone", "that", "you", "can", "easily", "carve."], "93": ["one", "of", "they", "be", "the", "channel", "that", "NBC", "as", "the", "broadcasting", "rights", "owner", "for", "the", "United", "States", "will", "use", "to", "air", "the", "Paralympic", "Games", "on."], "94": ["I", "feel", "like", "two", "year", "be", "kind", "of", "the", "limit", "that", "Ihave", "see", "so", "far."], "95": ["the", "first", "challenge", "that", "we", "have", "before", "can", "do", "any", "kind", "of", "analysis", "of", "this", "interstellar", "dust", "particle", "be", "simply", "to", "find", "they."]}