{"0": ["Hugh", "McGuire", "with", "some", "book", "that", "have", "not", "yet", "be", "acoustically", "liberated."], "1": ["the", "original", "people", "of", "the", "island", "be", "the", "Moriori,", "who", "be", "descend", "from", "the", "Maori", "of", "mainland", "New", "Zealand,", "but", "who", "develop", "they", "own", "culture", "and", "variant", "of", "the", "language."], "2": ["Afghanistan", "be", "not", "one", "of", "the", "nation", "cover", "by", "President", "Trump's", "travel", "ban,", "but", "team", "from", "Sudan,", "Iran,", "Libya,", "and", "Yemen,", "which", "be", "cover,", "be", "among", "the", "163", "team", "in", "the", "competition."], "3": ["by", "take", "this", "action,", "I", "hope", "that", "I", "will", "have", "hasten", "the", "start", "of", "that", "process", "of", "healing", "which", "be", "so", "desperately", "need", "in", "America."], "4": ["for", "the", "remainder", "of", "the", "year,", "short", "stay", "be", "permit,", "which", "be", "interprete", "by", "the", "authority", "as", "a", "day", "or", "a", "night."], "5": ["use", "a", "room", "that", "benot", "use", "every", "day", "such", "as", "the", "formal", "dining", "or", "living", "room."], "6": ["stardust", "be", "a", "NASA", "Discovery", "mission", "that", "be", "launch", "in", "1999."], "7": ["it", "be", "one,", "single", "message", "that", "be", "collaboratively", "curate", "by", "everybody."], "8": ["the", "amount", "of", "distortion", "in", "spacetime", "depend", "on", "the", "mass", "of", "material", "that", "be", "involved", "and", "on", "how", "concentrate", "and", "compact", "it", "be."], "9": ["Socotra", "take", "pride", "in", "they", "eco-tourism", "and", "value", "they", "spectacular", "plant", "and", "wildlife", "that", "may", "sometimes", "be", "only", "find", "on", "this", "island."], "10": ["Civil", "Defense", "Authority", "director", "General", "Suleiman", "al-Amr,", "in", "remark", "to", "al-Ikhbariya", "television,", "say", "\"all", "that", "who", "be", "wound", "and", "the", "dead", "have", "be", "take", "to", "hospital.", "there", "be", "no", "casualty", "leave", "at", "the", "location.\""], "11": ["pack", "one", "room", "at", "a", "time", "if", "possible,", "and", "start", "with", "item", "that", "be", "least", "often", "use."], "12": ["Jerome", "initially", "use", "classical", "author", "to", "describe", "Christian", "concept", "such", "as", "hell", "that", "indicate", "both", "he", "classical", "education", "and", "he", "deep", "shame", "of", "they", "associated", "practice,", "such", "as", "pederasty", "which", "be", "find", "in", "Rome.", "[citation", "need]"], "13": ["suppose", "we", "have", "a", "extremely", "intelligent", "ant\u2014a", "friend", "of", "the", "comic", "book", "superhero", "Ant-man,", "perhaps\u2014that", "have", "be", "train", "to", "walk", "in", "a", "straight", "line."], "14": ["I", "regret", "deeply", "any", "injury", "that", "may", "have", "be", "do", "in", "the", "course", "of", "the", "event", "that", "lead", "to", "this", "decision."], "15": ["there", "be", "three", "general", "type", "of", "lighting", "that", "be", "widely", "use", "in", "the", "household", "nowadays:", "the", "(light-emitting", "diode)", "LED", "bulb,", "(compact", "fluorescent", "light)", "CFL", "bulb", "and", "the", "incandescent", "bulb."], "16": ["so", "this", "first", "product", "that", "Ibe", "go", "to", "show", "you", "guy", "be", "the", "nourish", "by", "Shawnta", "Curl", "Defining", "and", "Soft", "hold", "Styler,", "which", "be", "enrich", "with", "sesame", "seed", "oil", "and", "rise", "essence."], "17": ["the", "whore", "reason", "prefer", "to", "submit", "to", "the", "Devil,", "adjust", "to", "all", "situation,", "and", "prove", "everything,", "that", "be", "demand", "of", "she."], "18": ["you", "know,", "I", "mean,", "he", "be", "like,", "really", "off", "into", "wonderful", "abstract", "notion,", "that", "be", "all", "base", "in", "a", "peaceful", "world."], "19": ["Padalecki", "originally", "audition", "for", "Welling's", "role,", "but", "give", "it", "up", "in", "order", "to", "film", "a", "pilot", "title", "Young", "MacGyver", "which", "be", "never", "pick", "up.", "[8]"], "20": ["base", "on", "many", "experiment,", "the", "L-band", "be", "evidence", "as", "the", "optimal", "frequency", "for", "remote", "sense", "of", "SSS,", "which", "have", "be", "adopt", "by", "SMOS,", "Aquarius/SAC-D", "and", "SMAP."], "21": ["it", "be", "society", "that", "establish,", "through", "political", "process,", "the", "type", "of", "economic", "institution", "that", "be", "adopt."], "22": ["for", "example,", "the", "Instruments", "for", "Research", "into", "Second", "Languages", "(Iris)", "repository", "(http://www.irisdatabase.org)", "be", "establish", "in", "2011", "and", "hold,", "at", "the", "time", "of", "writing,", "over", "3800", "material", "that", "can", "be", "use", "for", "replication,", "among", "other", "purpose,", "in", "L2", "research", "(Marsden", "&", "Mackey,", "2014;", "Marsden,", "Mackey,", "&", "Plonsky,", "2016)."], "23": ["this", "be", "a", "pretty", "cool", "little", "thing", "that", "be", "post", "here", "at", "the", "loop", "so", "this", "go-To-the-Sun", "Road", "be", "actually", "consider", "a", "national", "landmark", "now,", "how", "cool."], "24": ["also,", "there", "be", "other", "site,", "notably", "podiobooks.com,", "which", "be", "better", "suite", "to", "CC", "work", "than", "LibriVox."], "25": ["somehow", "wehave", "weathered", "and", "witness", "a", "nation", "that", "benot", "break", "but", "simply", "unfinished"], "26": ["the", "severe", "concern", "underpin", "the", "alleged", "crisis", "have", "several", "dimension", "relate", "to:", "(a)", "the", "(small)", "amount", "of", "publish", "replication", "research;", "(b)", "the", "(poor)", "quality", "of", "replication", "research;", "and", "(c)", "the", "(lack", "of)", "reproducibility,", "which", "refer", "to", "the", "extent", "to", "which", "finding", "can", "(not)", "be", "reproduce", "in", "replication", "attempt", "that", "have", "be", "undertake."], "27": ["in", "2007,", "Jared", "serve", "as", "the", "host", "of", "MTV's", "horror", "reality", "series,", "Room", "401,", "which", "be", "discontinue", "after", "only", "eight", "episode", "due", "to", "poor", "rating.", "[11]"], "28": ["there", "be", "three", "main", "motivation", "concept", "that", "have", "be", "find", "to", "directly", "relate", "to", "learning."], "29": ["stardust", "@", "home", "be", "a", "highly", "distribute", "project", "use", "a", "\"virtual", "microscope\"", "that", "be", "write", "in", "html", "and", "javascript", "and", "run", "on", "most", "browser", "\u2014", "no", "download", "be", "require."], "30": ["could", "I", "have", "a", "sample,", "not", "necessarily", "one", "thatbe", "fill", "out,", "but", "just", "one", "that", "you", "--"], "31": ["it", "be", "often", "group", "depend", "on", "its", "use", "that", "be", "distribute", "for", "heating", "and", "cool,", "lighting,", "operate", "appliance", "etc", "[1]"], "32": ["the", "data", "set", "have", "a", "even", "number", "of", "value", "(14", "data", "value),", "so", "the", "median", "will", "be", "the", "average", "of", "the", "two", "middle", "value", "(the", "average", "of", "6.8", "and", "7.2),", "which", "be", "calculate", "as", "(6.8+7.2)/2", "and", "equal", "7."], "33": ["there", "be", "many", "different", "way", "of", "play", "Quidditch,", "but", "the", "most", "commonly", "use", "set", "of", "rule", "be", "that", "give", "by", "the", "International", "Quidditch", "Association", "(which", "can", "be", "find", "here)."], "34": ["she", "smell", "like", "honey", "that", "have", "be", "keep", "a", "while", "in", "a", "dark", "room,", "a", "little", "ferment."], "35": ["later,", "we", "capture", "information", "about", "the", "method", "of", "the", "SUT", "to", "be", "mutate,", "together", "with", "the", "information", "of", "the", "mutation", "operator", "that", "be", "already", "define."], "36": ["this", "be", "a", "battle", "that", "could", "not", "be", "win;", "not", "now,", "not", "ever."], "37": ["the", "sense", "serve", "as", "the", "interface", "between", "the", "mind", "and", "the", "external", "environment,", "receive", "stimulus", "and", "translate", "it", "into", "nervous", "impulse", "that", "be", "transmit", "to", "the", "brain."], "38": ["Socotra", "Island", "be", "very", "rich", "and", "be", "home", "to", "many", "rare", "spectacular", "species", "of", "reef,", "fish,", "bird,", "plant,", "and", "tree", "which", "be", "not", "find", "anywhere", "else", "in", "the", "world."], "39": ["Albania,", "as", "one", "of", "the", "191", "signatory", "country", "of", "the", "Millennium", "Declaration,", "remain", "fully", "commit", "to", "implementation", "of", "the", "Millennium", "Development", "Goals,", "which", "have", "be", "properly", "reflect", "in", "a", "national", "strategy", "for", "social", "and", "economic", "development."], "40": ["however,", "a", "systematic", "metascience", "on", "replication", "research", "have", "not", "yet", "be", "establish", "in", "the", "field", "of", "L2", "research,", "leave", "a", "poor", "understanding", "of", "the", "actual", "number", "and", "nature", "of", "replication", "study", "that", "have", "be", "publish."], "41": ["Markus", "Landgraf", "have", "estimate", "the", "number", "of", "interstellar", "dust", "particle", "that", "should", "have", "be", "capture", "by", "stardust", "during", "two", "period", "of", "the", "\"cruise\"", "phase", "of", "the", "interplanetary", "orbit", "in", "which", "the", "spacecraft", "be", "move", "with", "this", "wind."], "42": ["so", "you", "donot", "have", "writer", "come", "up", "with", "a", "story", "and", "headline,", "but", "you", "will", "instead", "have", "a", "team", "of", "writer", "choose", "the", "best", "headline", "and", "then", "assign", "it", "to", "a", "particular", "writer", "who", "be", "not", "necessarily", "involved?"], "43": ["we", "all", "laugh", "at", "the", "idea,", "except", "for", "a", "chemist", "with", "a", "crooked", "nose", "and", "rouge", "cake", "in", "the", "crease", "of", "she", "face,", "who", "be", "incense."], "44": ["weapon", "make", "of", "obsidian,", "jewelry", "craft", "from", "jade,", "feather", "wove", "into", "clothing", "and", "ornament,", "and", "cacao", "bean", "that", "be", "whip", "into", "a", "chocolate", "drink", "form", "the", "basis", "of", "commerce."], "45": ["Paralympic", "sport", "bring", "attention", "to", "athlete", "who", "be", "typically", "overlook", "in", "american", "society", "because", "the", "majority", "of", "the", "population", "do", "not", "want", "to", "identify", "with", "people", "who", "be", "disabled."], "46": ["this", "cultural", "diversity", "be", "represent", "through", "the", "vast", "variety", "of", "international", "restaurant", "and", "small", "business,", "and", "in", "particular,", "there", "be", "a", "strong", "Korean", "presence", "that", "can", "be", "see", "in", "retail", "and", "dining", "storefront."], "47": ["in", "support", "of", "the", "second", "claim,", "we", "show", "that", "huh?", "meet", "the", "criterion", "of", "a", "word", "in", "the", "sense", "of", "be", "a", "conventional", "lexical", "sign", "which", "must", "be", "learn."], "48": ["the", "sample", "consist", "of", "71", "student", "of", "the", "Application", "School", "of", "Basic", "Education,", "Federal", "University", "of", "Santa", "Catarina,", "age", "7", "and", "9", "year", "old", "(m", "=", "7.64", "\u00b1", "1.12),", "which", "be", "divide", "into", "two", "group:", "participant", "and", "control."], "49": ["USI's", "exhibit,", "which", "be", "locate", "in", "Evansville,", "Indiana,", "be", "to", "run", "from", "January", "23", "through", "March", "9."], "50": ["we", "be", "commit", "to", "do", "all", "that", "be", "require", "to", "ensure", "that", "the", "election", "process", "be", "fully", "compatible", "with", "international", "standard", "for", "free", "and", "fair", "election."], "51": ["so", "itbe", "a", "high", "grade", "grape", "that", "be", "make", "from", "Pinot", "Noir", "and", "the", "Hermitage."], "52": ["if", "you", "''big", "project''", "be", "something", "that", "cannot", "be", "do", "in", "one", "sitting,", "make", "a", "list", "of", "small", "part", "of", "it", "that", "you", "can", "accomplish", "today."], "53": ["the", "few", "woman", "and", "child", "inside", "the", "mission", "be", "allow", "to", "leave", "with", "the", "only", "adult", "male", "survivor,", "a", "slave", "own", "by", "Travis", "who", "be", "then", "freed", "by", "the", "mexican", "Army."], "54": ["this", "be", "exploit", "by", "the", "wing", "of", "a", "aeroplane", "which", "be", "design", "to", "create", "a", "area", "above", "its", "surface", "where", "the", "air", "velocity", "increase."], "55": ["we", "just", "put", "the", "shoe", "that", "be", "already", "make,", "on", "a", "horse."], "56": ["it", "exchange", "the", "coordinate", "system", "of", "a", "geometry,", "so", "it", "do", "not", "match", "the", "coordinate", "system", "that", "be", "be", "use", "in", "the", "user", "interface."], "57": ["the", "track", "in", "the", "demo", "be", "from", "submicron", "carbonyl", "iron", "particle", "that", "be", "shoot", "into", "aerogel", "use", "a", "particle", "accelerator", "modify", "to", "accelerate", "dust", "particle", "to", "very", "high", "speed,", "to", "simulate", "the", "interstellar", "dust", "impact", "that", "webe", "look", "for."], "58": ["alternatively", "the", "snitch", "can", "be", "a", "small", "yellow", "ball", "(tennis", "ball", "work", "great)", "that", "be", "hide", "before", "the", "game", "start", "by", "a", "bystander", "or", "referee."], "59": ["we", "think", "also", "of", "we", "brother", "and", "sister", "who", "have", "be", "cut", "off", "from", "we", "by", "political", "boundary", "and", "who", "unhappily", "can", "not", "share", "at", "present", "in", "the", "freedom", "that", "have", "come."], "60": ["this", "error", "cause", "the", "incorrect", "display", "of", "the", "result", "geometry", "that", "should", "be", "draw", "in", "the", "user", "interface", "after", "the", "operation", "apply", "to", "the", "two", "initial", "geometry", "(figure", "2)."], "61": ["often,", "the", "entrepreneurial", "mindset", "include", "futuristic", "idea", "that", "shake", "up", "the", "normal,", "conventional", "process", "that", "be", "ground", "in", "experience", "over", "time."], "62": ["peace", "be", "say", "to", "be", "indivisible,", "so", "be", "freedom,", "so", "be", "prosperity", "now,", "and", "also", "be", "disaster", "in", "this", "one", "world", "that", "can", "no", "longer", "be", "split", "into", "isolate", "fragment."], "63": ["concept", "be,", "in", "many", "way,", "big", "idea", "that", "be", "generate", "by", "observe", "detail,", "and", "categorize", "and", "combine", "this", "detail", "into", "cognitive", "structure."], "64": ["as", "the", "foam", "effect", "be", "significant", "at", "high", "wind", "speed", "condition", "(above", "a", "threshold", "of", "12", "m/s)", "due", "to", "strong", "wave", "breaking,", "it", "have", "be", "correct", "by", "numerous", "model;", "for", "example,", "the", "semi-empirical", "model", "[27,28]", "and", "radiative", "transfer", "equation", "(RTE)", "base", "model", "[29,30],", "which", "be", "develop", "to", "estimate", "the", "foam", "cover", "sea", "surface", "emissivity."], "65": ["and", "there", "be", "another", "topic", "which", "be", "very", "important", "in", "mathematics", "which", "be", "call", "representation", "theory."], "66": ["the", "main", "entry", "point", "be", "Svendborg", "which", "be", "easily", "reach", "both", "by", "highway,", "bus", "and", "train", "-", "and", "Faaborg,", "which", "be", "best", "reach", "by", "bus", "from", "Odense."], "67": ["the", "main", "entry", "point", "be", "Svendborg", "which", "be", "easily", "reach", "both", "by", "highway,", "bus", "and", "train", "-", "and", "Faaborg,", "which", "be", "best", "reach", "by", "bus", "from", "Odense."], "68": ["on", "the", "other", "hand,", "extant", "newspaper", "clipping", "from", "only", "a", "few", "day", "after", "the", "duel", "give", "a", "description", "of", "he", "opponent", "(identify", "by", "the", "initial", "\"L.", "D.\")", "that", "appear", "to", "more", "accurately", "apply", "to", "one", "of", "Galois's", "republican", "friend,", "most", "probably", "Ernest", "Duchatelet,", "who", "be", "imprison", "with", "Galois", "on", "the", "same", "charge.", "[21]"], "69": ["one", "instance", "in", "which", "college", "and", "university", "use", "percentile", "be", "when", "sit", "result", "be", "use", "to", "determine", "a", "minimum", "testing", "score", "that", "will", "be", "use", "as", "a", "acceptance", "factor."], "70": ["and", "olive", "oil", "work", "fine", "if", "itbe", "all", "thatbe", "leave", "in", "the", "pantry."], "71": ["water", "burst", "over", "the", "barrel", "and", "can", "stand", "under", "the", "eave", "and", "gutter,", "flood", "the", "pathway,", "carry", "away", "all", "that", "benot", "fix", "solid", "and", "lick", "at", "the", "stair", "to", "the", "back", "porch", "before", "climb", "each", "step", "and", "lap", "against", "the", "plank", "we", "be", "sit", "on,", "a", "wooden", "raft", "surround", "by", "angry", "water", "and", "martial", "beat", "drum,", "drum,", "drum", "on", "the", "roof", "above."], "72": ["the", "hope", "she", "speak", "about\u2014the", "strong", "and", "happy", "hope\u2014", "the", "hope", "we", "feel", "today,", "be", "a", "hope,", "of", "course,", "that", "be", "temper", "by", "reality."], "73": ["this", "be", "follow", "by", "a", "memoir", "on", "the", "theory", "of", "the", "tide,", "to", "which,", "conjointly", "with", "the", "memoir", "by", "Euler", "and", "Colin", "Maclaurin,", "a", "prize", "be", "award", "by", "the", "French", "Academy:", "this", "three", "memoir", "contain", "all", "that", "be", "do", "on", "this", "subject", "between", "the", "publication", "of", "Isaac", "Newton's", "Philosophiae", "Naturalis", "Principia", "Mathematica", "and", "the", "investigation", "of", "Pierre-Simon", "Laplace."], "74": ["there", "be", "a", "whole", "topic", "which", "be", "call", "asymptotic", "group", "theory."], "75": ["Chao", "possess", "a", "natural", "gift", "for", "hear", "fine", "distinction", "in", "pronunciation", "that", "be", "say", "to", "be", "\"legendary", "for", "its", "acuity\",", "enable", "he", "to", "record", "the", "sound", "of", "various", "dialect", "with", "a", "high", "degree", "of", "accuracy."], "76": ["the", "brain", "then", "process", "this", "information", "and", "use", "the", "relevant", "piece", "to", "create", "thought,", "which", "can", "then", "be", "express", "through", "language", "or", "store", "in", "memory", "for", "future", "use."], "77": ["Einstein", "prefer", "to", "think", "that", "it", "be", "space", "and", "time", "that", "be", "affect", "by", "the", "presence", "of", "a", "large", "mass;", "light", "beam,", "and", "everything", "else", "that", "travel", "through", "space", "and", "time,", "then", "find", "they", "path", "affect."], "78": ["that", "who", "be", "trip", "be", "then", "crush", "by", "the", "wave", "of", "people", "behind", "they."], "79": ["we", "live", "in", "a", "epistemic", "environment", "that", "be", "heavily", "and", "deliberately", "pollute", "by", "agent", "who", "use", "mimicry", "and", "other", "method", "as", "a", "means", "of", "inflate", "they", "pretense", "to", "expertise."], "80": ["therebe", "a", "lot", "of", "unfunny", "joke", "that", "be", "tell", "in", "a", "back", "room,", "thatbe", "why", "they", "stay", "and", "die", "in", "that", "back", "room", "and", "donot", "go", "out", "in", "the", "onion."], "81": ["I", "be", "back", "in", "Philadelphia", "to", "express", "my", "thanks", "for", "that", "support", "and", "also", "to", "express", "appreciation", "for", "the", "help", "we", "receive", "from", "that", "Democrats", "in", "this", "city", "and", "State,", "and", "to", "report", "to", "you", "on", "the", "progress", "that", "this", "country", "have", "make", "on", "the", "goal", "that", "be", "outline", "3", "year", "ago."], "82": ["the", "many", "light", "toy", "such", "a", "sword,", "devil", "ear,", "and", "lantern", "turn", "the", "milling", "crowd", "into", "a", "unique", "light", "show", "that", "can", "be", "observe", "by", "climb", "the", "step", "of", "the", "70", "meter", "memorial", "hall", "on", "the", "grounds."], "83": ["moment", "like", "that", "must", "make", "you", "realize", "you", "have", "touch", "people", "who", "benot", "normally", "touch", "by", "poetry."]}