{"0": [], "1": [[[2, 3], [10]], [[24], [37]]], "2": [[[13], [16]]], "3": [[[9], [15]]], "4": [], "5": [], "6": [[[9], [11]]], "7": [[[1], [7]], [[4], [10], [15], [20]]], "8": [[[3], [11]]], "9": [], "10": [], "11": [], "12": [[[21], [23]]], "13": [], "14": [], "15": [], "16": [[[19, 20], [24], [26]]], "17": [], "18": [], "19": [], "20": [], "21": [[[10], [44]]], "22": [], "23": [], "24": [[[49], [54]]], "25": [], "26": [], "27": [], "28": [], "29": [[[4, 5], [7]]], "30": [[[0, 1, 2, 3, 4, 5, 6, 7], [20]]], "31": [], "32": [], "33": [[[2], [20], [28]]], "34": [[[2], [20], [28]]], "35": [[[2], [20], [28]]], "36": [], "37": [], "38": [], "39": [], "40": [], "41": [], "42": [], "43": [[[32], [35]]], "44": [[[4, 5], [9], [20]]], "45": [], "46": [], "47": [], "48": [], "49": [], "50": [[[8], [10]]], "51": [], "52": [], "53": [], "54": [], "55": [[[0, 1, 2, 3, 4, 5, 6, 7, 8, 9, 10, 11, 12], [17]]], "56": [], "57": [], "58": [], "59": [], "60": [], "61": [[[0], [11]]], "62": [[[2, 3, 4], [14]]], "63": [], "64": [], "65": [], "66": [], "67": [[[28], [38]]], "68": [[[1], [5], [8], [16], [39]], [[5, 6], [32]]], "69": [[[7, 8], [18]]], "70": [], "71": [], "72": [], "73": [], "74": [], "75": [], "76": [], "77": [], "78": [], "79": [], "80": [], "81": [], "82": [], "83": [[[0], [15], [19]]], "84": [], "85": [], "86": [[[3, 4, 5, 6, 7, 8, 9, 10, 11, 12, 13, 14, 15, 16, 17, 18, 19, 20, 21, 22, 23, 24, 25, 26, 27, 28, 29, 30, 31, 32, 33, 34, 35, 36, 37, 38, 39, 40, 41, 42, 43, 44, 45, 46, 47, 48, 49, 50, 51, 52, 53, 54, 55, 56, 57, 58, 59, 60, 61, 62, 63, 64], [10]], [[29, 30, 31, 32, 33, 34, 35, 36], [40], [59]]], "87": [], "88": [], "89": [], "90": [[[0], [25], [28]]], "91": [], "92": [[[0], [1], [7], [18], [22], [25]]], "93": [], "94": [], "95": [], "96": [], "97": [], "98": [], "99": [], "100": [], "101": [], "102": [], "103": [], "104": [], "105": [], "106": [[[0, 1], [26]]], "107": [[[0, 1], [26]]], "108": [], "109": [], "110": [], "111": [[[4, 5, 6, 7], [19]]], "112": [[[26], [31]]], "113": [[[26], [31]]], "114": [], "115": [], "116": [], "117": [[[0, 1, 2], [7]]], "118": [], "119": [], "120": [[[0, 1, 2, 3, 4, 5, 6, 7, 8, 9], [13], [22]]], "121": [[[6, 7], [25]], [[34], [37]]], "122": [], "123": [[[5, 6], [17, 18]]], "124": [], "125": [], "126": [[[3], [6]], [[9], [26]]], "127": [], "128": [], "129": [[[11], [14]]], "130": [], "131": [], "132": [], "133": [[[0, 1, 2, 3, 4], [17]]], "134": [], "135": [], "136": [[[1], [15], [22]]], "137": [], "138": [], "139": [], "140": [[[2], [4], [10], [16]]], "141": [], "142": [], "143": [], "144": [], "145": [], "146": [[[0], [16]]], "147": [[[4], [12]]], "148": [[[17], [20]]], "149": [], "150": [], "151": [], "152": [], "153": [], "154": [[[0, 1, 2, 3], [16]]], "155": [[[0], [4], [15], [20]]], "156": [[[5], [24]]], "157": [[[0], [8]]], "158": [], "159": [], "160": [], "161": [[[4], [15], [21]]], "162": [], "163": [], "164": [[[0], [29]]], "165": [[[0], [29]]], "166": [[[12, 13], [21]]], "167": [], "168": [], "169": [], "170": [], "171": [], "172": [], "173": [], "174": [[[0], [8]]], "175": [], "176": [[[6, 7, 8], [17]]], "177": [], "178": [], "179": [], "180": [], "181": [], "182": [[[7], [9], [15]]], "183": [[[3, 4, 5], [18]]], "184": [], "185": [], "186": [[[2], [9]]], "187": [], "188": [], "189": [[[22], [25]]], "190": [[[8], [10]]], "191": [], "192": [[[0], [1]]], "193": [], "194": [], "195": [], "196": [], "197": [], "198": [], "199": [[[6], [22]]], "200": [], "201": [], "202": [], "203": [], "204": [], "205": [], "206": [], "207": [], "208": [[[0], [18]]], "209": [[[0], [18]]], "210": [], "211": [], "212": [[[8], [15]]], "213": [[[18], [21]]], "214": [], "215": [[[29], [42]]], "216": [], "217": [], "218": [], "219": [], "220": [[[0], [18]]], "221": [], "222": [], "223": [], "224": [], "225": [], "226": [], "227": [], "228": [[[17], [21]]], "229": [], "230": [[[1, 2, 3, 4, 5, 6, 7, 8, 9], [24]]], "231": [], "232": [[[1], [8]]], "233": [[[0, 1], [9]]], "234": [], "235": [], "236": [[[10, 11], [18]]], "237": [[[3], [6], [18]]], "238": [], "239": [], "240": [], "241": [], "242": [], "243": [], "244": [], "245": [], "246": [], "247": [], "248": [], "249": [], "250": [], "251": [], "252": [], "253": [], "254": [[[7], [25, 26], [36]]], "255": [], "256": [[[21], [26]]], "257": [[[0], [10]]], "258": [[[7], [40], [55]]], "259": [], "260": [[[5, 6], [8]]], "261": [], "262": [[[0, 1, 2, 3, 4, 5, 6, 7, 8, 9, 10, 11, 12, 13, 14, 15, 16], [18]]], "263": [], "264": [], "265": [[[1], [8], [29]]], "266": [[[0], [3]]], "267": [], "268": [], "269": [], "270": [[[0, 1, 2], [16, 17, 18]], [[34, 35], [48, 49]]], "271": [], "272": [], "273": [], "274": [], "275": [], "276": [[[3, 4], [28]]], "277": [[[4], [13]]], "278": [], "279": [[[3], [16]]], "280": [[[3], [16]]], "281": [[[21, 22, 23], [31]]], "282": [[[21, 22, 23], [31]]], "283": [], "284": [], "285": [], "286": [], "287": [[[1], [5]]], "288": [], "289": [], "290": [], "291": [[[13], [21], [23]]], "292": [], "293": [[[23, 24, 25, 26, 27, 28, 29, 30, 31, 32, 33, 34, 35, 36, 37, 38, 39, 40, 41, 42], [33], [41]]], "294": [], "295": [], "296": [], "297": [], "298": [], "299": [], "300": [], "301": [], "302": [[[1], [3]]], "303": [[[3], [7]], [[24, 25, 26, 27, 28, 29], [31]]], "304": [], "305": [], "306": [[[58, 59], [61]]], "307": [], "308": [], "309": [], "310": [], "311": [[[2, 3, 4, 5, 6], [20]]], "312": [], "313": [], "314": [], "315": [], "316": [], "317": [], "318": [[[13], [30]]], "319": [], "320": [], "321": [[[7, 8], [10]]], "322": [], "323": [], "324": [[[3, 4, 5, 6, 7, 8], [17]]], "325": [], "326": [[[14], [18]]], "327": [], "328": [[[21, 22], [31]]], "329": [], "330": [], "331": [], "332": [], "333": [], "334": [], "335": [[[14], [26]]], "336": [[[14], [26]]], "337": [[[10, 11], [23, 24]]], "338": [[[19], [23], [26]]], "339": [[[6], [19]]], "340": [], "341": [], "342": [], "343": [], "344": [], "345": [], "346": [], "347": [], "348": [[[55, 56], [62], [72]]], "349": [], "350": [[[11], [15]], [[54, 55], [62]]], "351": [[[3, 4], [5]]], "352": [], "353": [], "354": [], "355": [], "356": [], "357": [], "358": [], "359": [[[0], [11]]], "360": [], "361": [], "362": [[[0], [10], [16]], [[32], [35]]], "363": [[[0], [10], [16]], [[32], [35]]], "364": [], "365": [], "366": [], "367": [], "368": [], "369": [], "370": [], "371": [[[0], [12], [15]]], "372": [[[5], [11]]], "373": [[[1, 2, 3], [13]]], "374": [], "375": [[[0, 1], [16]]], "376": [], "377": [], "378": [], "379": [], "380": [], "381": [], "382": [[[1], [7]]], "383": [], "384": [[[4], [14], [18], [20], [24], [28]]], "385": [[[1], [2], [4]]], "386": [], "387": [], "388": [], "389": [], "390": [], "391": [], "392": [], "393": [], "394": [[[10, 11], [19], [25], [27]]], "395": [[[10, 11], [19], [25], [27]]], "396": [], "397": [], "398": [], "399": [], "400": [], "401": [], "402": [], "403": [], "404": [[[9], [13]]], "405": [], "406": [[[9, 10], [14]]], "407": [[[0, 1, 2, 3, 4, 5, 6, 7, 8, 9, 10, 11, 12, 13, 14, 15, 16, 17], [28], [35]]], "408": [[[0, 1, 2, 3, 4, 5, 6, 7, 8, 9, 10, 11, 12, 13, 14, 15, 16, 17], [28], [35]]], "409": [], "410": [[[0], [9]]], "411": [], "412": [[[8], [24]]], "413": [], "414": [], "415": [], "416": [], "417": [[[0], [4], [14]]], "418": [], "419": [], "420": [[[10, 11, 12, 13, 14], [25]], [[16], [22]]], "421": [[[2, 3, 4, 5], [7]]], "422": [[[2], [4]]], "423": [[[21], [30]]], "424": [], "425": [], "426": [], "427": [], "428": [[[9, 10, 11], [27], [34]]], "429": [[[9, 10, 11], [27], [34]]], "430": [[[1], [10], [13]]], "431": [], "432": [], "433": [[[0], [17]]], "434": [], "435": [], "436": [], "437": [[[0, 1, 2, 3, 4, 5, 6], [10]]], "438": [], "439": [], "440": [], "441": [[[6], [16]]], "442": [], "443": [], "444": [], "445": [], "446": [], "447": [], "448": [], "449": [], "450": [[[8], [18]]], "451": [[[15], [17]]], "452": [], "453": [], "454": [], "455": [[[11, 12], [17], [20]]], "456": [], "457": [[[1, 2, 3], [11], [15]], [[21, 22], [24]]], "458": [], "459": [[[8], [15]]], "460": [], "461": [], "462": [], "463": [], "464": [[[0, 1, 2], [6]]], "465": [], "466": [], "467": [], "468": [], "469": [[[12], [18], [22], [27]]], "470": [], "471": [], "472": [], "473": [], "474": [], "475": [], "476": [[[0], [11]]], "477": [[[0], [11]]], "478": [], "479": [], "480": [], "481": [], "482": [], "483": [], "484": [], "485": [[[0, 1, 2, 3], [8]]], "486": [], "487": [], "488": [[[0], [27]]], "489": [[[0], [27]]], "490": [], "491": [], "492": [], "493": [], "494": [], "495": [], "496": [[[0], [3], [6]]], "497": [], "498": [], "499": [[[3], [9], [19]]], "500": [], "501": [], "502": [], "503": [], "504": [[[11], [16]]], "505": [], "506": [], "507": [], "508": [[[21], [34], [42]]], "509": [[[21], [34], [42]]], "510": [[[0, 1, 2, 3, 4, 5, 6, 7, 8, 9, 10, 11, 12], [16]]], "511": [], "512": [], "513": [], "514": [], "515": [[[14], [20]]], "516": [[[0], [13], [26]]], "517": [[[0, 1, 2, 3, 4, 5, 6, 7], [9]]], "518": [[[0], [23]], [[3, 4, 5, 6], [13], [21]]], "519": [[[27], [30]]], "520": [], "521": [], "522": [], "523": [], "524": [], "525": [], "526": [], "527": [], "528": [], "529": [], "530": [], "531": [[[0], [10]]], "532": [], "533": [], "534": [], "535": [], "536": [], "537": [], "538": [], "539": [], "540": [], "541": [], "542": [[[0], [5], [23]]], "543": [[[8, 9, 10, 11, 12, 13, 14, 15], [12]]], "544": [], "545": [], "546": [], "547": [[[0, 1, 2, 3], [11]]], "548": [], "549": [], "550": [[[27, 28, 29, 30], [33]], [[49], [54]]], "551": [], "552": [], "553": [], "554": [], "555": [], "556": []}