{"0": [], "1": [[[0, 1, 2, 3, 4, 5], [22]]], "2": [], "3": [], "4": [], "5": [], "6": [], "7": [], "8": [], "9": [[[4], [8]]], "10": [], "11": [], "12": [[[0], [15], [19]]], "13": [], "14": [], "15": [], "16": [], "17": [], "18": [], "19": [[[4, 5], [8]]], "20": [], "21": [], "22": [], "23": [], "24": [], "25": [], "26": [], "27": [], "28": [], "29": [], "30": [], "31": [[[0], [6]]], "32": [], "33": [], "34": [], "35": [], "36": [], "37": [[[0, 1], [17]]], "38": [], "39": [], "40": [], "41": [], "42": [[[23, 24], [28]]], "43": [], "44": [], "45": [], "46": [], "47": [], "48": [], "49": [], "50": [], "51": [], "52": [], "53": [], "54": [], "55": [], "56": [[[0], [9]]], "57": [], "58": [], "59": [[[0], [4], [14]]], "60": [], "61": [], "62": [], "63": [], "64": [], "65": [], "66": [], "67": [], "68": [], "69": [], "70": [], "71": [], "72": [], "73": [], "74": [], "75": [[[0], [21]]], "76": [], "77": [], "78": [], "79": [], "80": [], "81": [[[4], [26, 27]]], "82": [], "83": []}