{"0": ["IN", "DT", "NN", "PRP", "VBD", "NN", "IN", "DT", "JJ", "NN", "IN", "VBG", "NN", "NN", "IN", "DT", "JJ", "JJ", "NN", "NNS", "IN", "NNP", ",", "IN", "WDT", "DT", "CD", "NNP", "NNS", "EX", "VBP", "RB", "RB", "CD", "NNP", ",", "DT", "JJ", ",", "VBZ", "DT", "NN", "IN", "NNP", "-RRB-", "VBP", "DT", "JJ", "NN", ",", "TO", "VB", "DT", "NNS", "IN", "WDT", "NNS", "VBP", "IN", "JJ", ",", "WRB", "JJ", "NN", "VBZ", "VBN", "CC", "IN", "NNS", "MD", "VB", "VBN", "TO", "VB", "NN", "IN", "JJ", "."], "1": ["PRP", "VBP", "IN", "DT", "RB", "VBN", "NN", "IN", "VBG", "DT", "NN", "IN", "NNS", "MD", "VB", "DT", "JJ", "NN", "IN", "DT", "NN", "CC", "NN", "IN", ",", "RB", "JJS", "IN", "NN", "NNS", "WDT", "VBP", "TO", "VB", "NN", "CC", "IN", "JJ", "NNS", "IN", "WDT", "NNS", "VBP", "VBN", "TO", "VB", "JJ", "CC", "."], "2": ["RB", ",", "DT", "JJ", "CC", "JJ", ",", "VBN", "IN", "CD", ",", "CC", "CD", ",", "CC", "RB", "IN", ",", "IN", "NNP", "IN", "CD", ",", "IN", "WDT", "NNP", "VBD", "VBN", "DT", "NN", "IN", "JJ", ",", "VBD", "."], "3": ["DT", "VBZ", "RB", "DT", "JJ", "NN", "JJ", "NNS", "VBP", "VBN", "NN", "IN", "DT", ",", "IN", "DT", "JJS", "NN", "IN", "DT", "CD", ",", "IN", "WDT", "CD", "NNS", "VBD", "."], "4": ["VBG", "DT", "RB", "RB", "MD", "RB", "VB", "DT", "RB", "JJ", "NN", "IN", "CD", "IN", "WDT", "PRP", "VBP", "JJ", "CC", "."], "5": ["TO", "VB", ",", "NNP", "VBD", "IN", "VBG", "DT", "NN", "IN", "DT", "NN", "IN", "DT", "JJ", "JJ", "JJ", "NN", "CC", "VBD", "IN", "DT", "NN", "IN", "WDT", "DT", "NN", "VBD", "RP", "DT", "NN", "VBD", "JJ", "IN", "POS", "NN", "IN", "DT", "."], "6": ["DT", ",", "WDT", "VBZ", "RB", "JJ", "JJR", "IN", "DT", "NN", "IN", "NN", "IN", "WDT", "PRP", "VBP", "PRP$", "JJ", ",", "VBZ", "IN", "CD", "SYM", "CD", "NN", "CC", "SYM", "CD", "SYM", ",", "VBG", "IN", "WRB", "."], "7": ["CD", "IN", "POS", "JJS", "NNS", "VBD", "VBG", "NN", "IN", "DT", "NNPS", "TO", "VB", "DT", "JJ", "JJ", "JJ", "NN", "CC", "NN", "IN", ",", "IN", "WDT", "PRP", "VBD", "DT", "JJ", ",", "CC", "VBD", "DT", "JJ", "NN", "IN", "NNP", "IN", "PRP$", "."], "8": ["DT", "NN", "WDT", "PRP", "VBZ", "RP", "."], "9": ["DT", "VBZ", "DT", "RB", "JJ", "NN", "TO", "VB", "PRP", "IN", "DT", "NN", "IN", "DT", "NN", "WDT", "PRP", "VBP", "VBN", "VBG", "IN", "IN", "."], "10": ["PRP", "VBD", "RP", "DT", "NNS", "IN", "WDT", "VBD", "VBN", "DT", "NNS", "CC", "NN", "."], "11": ["DT", "NN", "IN", "DT", "NNP", "IN", "NNP", "MD", "VB", "TO", "RB", "VB", "PRP$", "NN", "IN", "DT", "JJ", "NN", "IN", "DT", "NNS", "VBN", "IN", "DT", "NNP", "NNP", "CC", "NNP", "IN", "NNP", ",", "RB", "RB", "IN", "DT", "JJ", "NNS", "IN", "JJ", ",", "JJ", "IN", "DT", "NNP", "IN", "NNP", "CC", "NNP", "IN", ",", "IN", "WDT", "PRP", "VBP", "VBG", "DT", "RB", "JJ", "."], "12": ["PRP", "RB", "VBD", "DT", "JJ", "NN", "IN", "DT", "RB", "VBN", "JJ", "NN", "NNP", "IN", "DT", ",", "IN", "NN", "NN", "NNP", ",", "IN", "WDT", "PRP", "VBD", "DT", "NN", "IN", "JJS", "NN", "IN", "DT", "NNP", "CC", "DT", "NNP", "NNP", "IN", "DT", "NNP", "."], "13": [",", "RB", "DT", "VBD", "DT", "NN", "IN", "WDT", "RB", "RB", "IN", "DT", "NNP", "NNP", "."], "14": ["VBG", "PRP$", "NN", "IN", "DT", "JJ", ",", "POS", "NNP", ",", "NNP", "NNP", ",", "PRP", "VBP", "IN", "NN", "IN", "DT", "JJ", ",", "IN", "WP", "PRP", "VBP", "DT", "NN", "TO", "VB", "DT", "NN", "IN", "DT", "."], "15": ["IN", "PRP", "VBP", "JJ", "IN", "VBG", "EX", "MD", "VB", "PRP$", "NN", "IN", "DT", "NNS", "CC", "DT", "NN", "IN", "WDT", "PRP", ",", "CC", "MD", "VB", "PRP", "VB", "JJR", "CC", "JJR", "NNS", "IN", "DT", ",", "NN", "NN", "VBZ", ",", "RB", "IN", ",", "CC", "IN", "EX", "VBP", "NNS", "WP$", "NN", "VBZ", "VBN", "IN", "VBG", ",", "PRP", "MD", "VB", "NN", "TO", "VB", "."], "16": ["DT", "NN", "IN", "NNP", "VBZ", "DT", "NN", "IN", "WDT", "DT", "NNP", "NNP", "VBZ", "JJ", ",", "VBN", "IN", "DT", "JJ", "JJ", "."], "17": ["DT", "NN", "VBZ", "DT", "NN", "IN", "DT", "NN", "IN", "WDT", "DT", "NN", "VBZ", "VBN", "VBN", ",", "IN", "JJS", ",", "MD", "VB", "IN", "DT", "NN", "JJ", "IN", "."], "18": ["VBZ", "DT", "JJ", "NN", "WDT", "VBP", "VBN", "RB", "JJ", "TO", "VB", "DT", "``", "VBP", "''", "CC", "VBP", "PRP", "RB", "VB", "RB", "."], "19": [",", "PRP$", "JJ", "NNS", "IN", "VBG", "NN", "VBD", "IN", "DT", "NN", "IN", "DT", "JJ", ",", "DT", "NN", "IN", "WDT", "PRP", "MD", "VB", "."], "20": ["IN", ",", "PRP", "VBD", "IN", "DT", "NNP", "CC", "NNP", "NNP", "NN", "NNP", "NNP", "NNP", "IN", "NNP", ",", "DT", "JJ", "NN", "IN", "WP", "DT", "POS", "NNS", "VBP", "."], "21": ["DT", "NN", "IN", "WDT", "DT", "NNP", "VBZ", "VBN", "VBD", "IN", "DT", "JJ", "NNS", "NNP", "NNP", "CC", "NNP", "IN", ",", ",", "TO", "VB", "RB", "CD", "NNS", "IN", "NNS", "IN", "DT", "NN", "IN", "CD", "IN", "."], "22": ["JJ", "JJ", "DT", ",", "NNS", "WDT", "NNS", "VBP", "VBN", "VBP", ",", "RB", "."], "23": ["DT", "JJ", "NNS", "VBG", "DT", "JJ", "NN", "VBP", "JJ", "NNS", "VBG", ":", "-RRB-", "DT", "-RRB-", "NN", "IN", "VBN", "NN", ":", "-RRB-", "DT", "-RRB-", "NN", "IN", "NN", ",", "CC", "-RRB-", "DT", "NN", "-RRB-", ",", "WDT", "VBZ", "IN", "DT", "NN", "IN", "WDT", "NNS", "MD", "-RRB-", "VB", "VBN", "IN", "NN", "NNS", "WDT", "VBP", "VBN", "."], "24": ["IN", "JJ", ",", "PRP", "VBD", "DT", "JJ", "JJ", "JJ", "NN", "IN", ":", "DT", "IN", "JJ", "NN", ",", "IN", "WDT", "CD", "NN", "VBZ", "DT", "NN", "IN", ",", "DT", "JJ", "RB", "VBZ", "DT", "NN", "IN", "DT", ",", "CC", "RB", "DT", "JJ", "VBZ", "DT", "JJ", "NN", "WDT", "VBZ", "TO", "VB", "DT", ",", "RB", "IN", "NNS", "IN", "NN", "CC", "."], "25": ["CC", "IN", "PRP", "MD", "VB", "DT", "JJ", "NN", "IN", "DT", "JJ", "NN", "NN", "WDT", "DT", "NNP", "IN", "NNPS", "VBZ", "RB", "CC", "WDT", "DT", "NNPS", "CC", "NNS", ",", "IN", "WDT", "NNP", "NNP", ",", "PRP", "MD", "VB", "VBG", "DT", "NN", "JJ", "NN", "IN", "DT", "JJS", "CC", "JJS", "JJ", "NN", "IN", "PRP$", "NN", "IN", "DT", "NN", "IN", "DT", "NNP", "."], "26": ["PRP$", "NN", "NN", "VBD", "IN", "DT", "JJ", ",", "NNP", "NNP", ",", "IN", "WDT", "PRP", "VBD", "DT", "NN", "IN", "NNP", "NNP", "NNPS", "IN", "NNP", "NNP", "NNP", "NNP", "HYPH", "."], "27": [",", "NNS", "RB", "VB", "DT", "NN", "IN", "NN", "IN", "WDT", "NNS", "VBP", ",", "JJ", "CC", "JJ", "."], "28": ["IN", "DT", "JJ", "CC", "JJ", "NN", "IN", ",", "PRP", "VBP", "VBN", "PRP", "VBD", "PRP$", "NN", "TO", ",", "TO", "VB", "DT", "JJ", "NN", "TO", "VB", "DT", "NN", "IN", "NN", "IN", "WDT", "PRP", "VBD", "."], "29": ["DT", "JJ", "NNP", ",", "DT", "JJ", "NN", "IN", "VBG", "NNS", "IN", "NN", "IN", "DT", "NNPS", "IN", "WDT", "EX", "VBZ", "NN", "IN", "''", "NNP", ",", "."], "30": [".", "DT", "NNPS", "WDT", "VBP", "IN", "PRP", "DT", "NNPS", "IN", ",", "VBP", "TO", "VB", "DT", "IN", "WDT", "EX", "VBZ", "NN", "IN", "''", "NNP", ",", "NN", "."], "31": ["PRP", "VBP", "NNP", ",", "PRP", "VBD", "PRP", "RP", "CC", "VBD", "PRP", "RP", "CC", "VBP", "DT", "JJ", "JJ", "NN", "WDT", ",", "RB", "VBD", "RB", "IN", "IN", "WP", "VBD", "."], "32": ["IN", "DT", "NN", "VBZ", "WP", "VBD", "IN", "DT", "NNP", "IN", "RB", "CD", ",", "IN", "NN", "IN", "DT", "NN", "VBD", "JJ", "IN", "PRP$", ",", "PRP$", "NN", "VBD", "DT", "NN", "IN", "WDT", "DT", "NNP", "CC", "DT", "NNP", "."], "33": ["PRP", "VBD", "RB", "IN", "DT", "NN", "IN", "NNP", "WDT", "PRP", "VBD", "IN", "PRP$", "NN", "CC", "IN", "PRP$", "NN", "CC", "PDT", "DT", "WP", "VBP", "NNS", "IN", "DT", "NN", "IN", "DT", "JJ", "CC", "VBG", ",", "DT", "NN", "IN", "NNP", "IN", "WDT", "PRP", ",", "RB", "IN", "DT", "NNP", "CC", "IN", "DT", ",", "CC", "IN", "DT", "."], "34": [",", "CC", "PRP", ",", "VBP", "VBN", "DT", "IN", "WDT", "DT", "JJ", "."], "35": ["NNP", "NNP", "VBZ", "VBN", "DT", "NN", "IN", "JJ", "NN", "NNS", "WDT", "MD", "VB", "VBN", "VBN", "IN", "NNP", "IN", "CD", "NNS", "IN", "DT", "''", "NN", "IN", "DT", "JJ", "NN", "IN", "WDT", "DT", "NN", "VBD", "VBG", "IN", "DT", "."], "36": ["CC", "DT", "NNP", "NNP", "NNP", "NNP", "CC", "DT", "NNP", "NNP", "NNP", "VBP", "VBN", "IN", "DT", "POS", "NN", "CC", "NN", "VBD", "RB", "DT", "NN", "IN", "DT", "NN", "IN", "WDT", "PRP", "VBD", "DT", "."], "37": ["PRP", "MD", "RB", ",", "IN", "NN", "IN", ",", "TO", "VB", "IN", "DT", "NNP", "PRP$", "JJS", "NN", "IN", "PRP$", "VBG", "NN", "IN", "DT", "NN", "IN", "DT", "JJ", "NN", "IN", "DT", "NNP", "NNP", "CC", "IN", "DT", "NNS", "IN", "PRP$", "NNS", "IN", "DT", "JJR", "NN", "IN", "WDT", "JJ", ",", "NN", "CC", "JJ", "NN", "."], "38": ["IN", "PRP", "VBP", "DT", "JJ", "NNS", "IN", "NNP", "IN", "WDT", "PRP", "VBD", "DT", "JJ", ",", "PRP", "VBP", "DT", "JJ", "NN", "IN", "PRP", "MD", "RB", "VB", "RB", "IN", "DT", "NN", "VBG", "IN", "PRP$", "NN", "TO", "VB", "DT", "NNS", "IN", "DT", "JJ", "CD", "CD", "."], "39": ["PRP", "VBZ", "DT", "NN", "NN", "IN", "DT", "NN", "RB", "VBN", "IN", "NNP", "NNP", "-RRB-", "CC", "VBN", "IN", "NNP", "NNP", ",", "IN", "WDT", "JJ", "NNS", "IN", "NNS", "VBP", "DT", "''", "IN", "DT", "JJ", "."], "40": ["PRP", "VBP", "VBN", "DT", "NN", "IN", "NN", "IN", "WDT", "PRP", "MD", "RB", "VB", ",", "NNS", "WDT", "VBP", "DT", "VBN", "NNS", "IN", "DT", ",", "DT", ",", "CC", "DT", "."], "41": ["NN", "VBZ", "PRP", "TO", "VB", "DT", "NN", "IN", "NNS", "CC", "NNS", "IN", "DT", ",", "IN", "DT", "NN", "MD", "VB", "DT", "NNS", "TO", "VB", "DT", "NNS", "MD", "VB", "."], "42": ["JJ", "NNS", "MD", "RB", "VB", "DT", "JJR", "NN", "NN", "IN", "NNS", "TO", "VB", "DT", "NN", "IN", "WDT", "IN", "NN", "."], "43": ["CC", "EX", "VBZ", "VBN", "DT", "NN", "IN", "PRP$", "NN", "IN", "DT", "NNS", "WDT", "DT", "NN", "MD", "VB", "IN", "IN", "PRP", "VBZ", "TO", "VB", "PRP$", "NNS", "IN", "PRP$", "NNS", "CC", "DT", "WP", "VBP", "IN", "."], "44": ["NNP", "VBZ", "RB", "VBN", "RP", "IN", "JJ", ",", "WDT", "VBZ", "VBN", "DT", "NNS", "IN", "WDT", "NNS", "VBP", "."], "45": ["IN", ",", "DT", "IN", "DT", "NN", "IN", "VBG", "DT", "JJ", "NN", "MD", "VB", "RP", "JJ", "NNS", "WDT", "RB", "VBP", ",", "VBG", "NN", "IN", "DT", "NNS", "IN", "WDT", "DT", "JJ", "NNS", "VBP", "JJ", "NNS", "TO", "VB", "IN", "NNS", "VBP", "VBN", "."], "46": ["PRP", "VBP", "JJ", "IN", "DT", "NN", "NN", "IN", "DT", "''", "IN", "NNS", ",", "DT", "NN", "IN", "WDT", "NNP", "FW", "VBZ", "VBZ", "JJ", "NNS", "WDT", "VBP", ",", "CC", "VBZ", "JJ", "IN", "DT", "NNS", "VBP", "''", "VBN", "RB", "RB", "IN", "DT", "NN", "IN", "JJ", "."], "47": ["RB", "IN", ",", "DT", "VBG", "NN", "VBZ", "CD", "NNS", "IN", "PRP$", "CC", "PRP$", ",", "IN", "DT", ",", "IN", "WDT", "DT", "NN", "VBZ", "JJ", "CD", "."], "48": ["IN", "DT", "NN", "IN", ",", "NNP", "VBD", "IN", "DT", "JJ", "NNS", "CC", "JJ", "NN", "IN", "NNS", ",", "WDT", "PRP", "VBD", "IN", "RB", "RB", "CC", "IN", "WDT", "PRP", "VBD", "JJ", "NNS", "IN", "NN", ".", "-RSB-", "JJR", "NN", "-RSB-"], "49": ["DT", ",", "IN", "IN", "JJ", "NNS", "IN", "NN", "IN", ",", "VBP", "VBN", "IN", "PRP$", "NN", "NNPS", "IN", ",", "WRB", "NNP", "VBZ", "IN", "VBG", "IN", "VBN", "IN", "DT", "CD", "NNS", "VBP", ",", "CC", "IN", "DT", "NNS", "VBN", "IN", "VBG", "NNS", "CC", "IN", "DT", "NNS", "IN", "WDT", "NNS", "VBP", "VBN", "IN", "NNS", "CC", ",", "PRP", "VBZ", "TO", "VB", "IN", "EX", "MD", "VB", "DT", "JJ", "NN", "IN", "."], "50": ["POS", "NN", "VBD", "DT", "NN", "IN", "NNP", ",", "DT", "NN", "IN", "NNP", "IN", ":", "DT", "NNP", ",", "IN", "WDT", "DT", "NNP", "NNPS", "NN", "VBD", "DT", "."], "51": ["DT", ",", "IN", "MD", "VB", "IN", "WP", "VBZ", ".", "VBZ", "VBN", "."], "52": ["PRP", "VBD", "DT", "NN", "IN", "DT", ",", "IN", "WDT", "DT", "NN", "MD", "VB", "VBN", "IN", "NN", "NNS", "IN", ".", "-RSB-", "-RSB-"], "53": ["IN", ",", "PRP", "VBD", "TO", "VB", "IN", "DT", "NN", "IN", "DT", "NN", "IN", "WDT", "NN", "VBZ", "CC", "PRP$", "."], "54": [",", "VBZ", "DT", "JJ", ",", "WDT", "PRP", "VBP", ",", "CC", "DT", "NN", "VBZ", "DT", "JJ", "JJ", ",", "CC", "PRP", "VBP", "PRP", "RP", "IN", "DT", ":", "IN", "DT", "NN", "."], "55": ["DT", "NNS", "IN", "DT", "NN", "VBP", "IN", "NN", "NN", "NN", "NNS", "WDT", "VBD", "VBN", "IN", "NN", "VBG", "DT", "NN", "NN", "VBN", "TO", "VB", "NN", "NNS", "IN", "RB", "JJ", ",", "TO", "VB", "DT", "JJ", "NN", "NNS", "WDT", "VBP", "VBG", "."], "56": ["IN", "PRP", "RB", "RB", "VB", "PRP", "MD", "VB", "JJ", "TO", "VB", "RP", "IN", "PRP$", "CD", "NN", "NN", "NN", "WDT", "PRP", "VBD", "RP", ",", "CC", "PRP", "VBP", "."], "57": ["RB", "DT", "RBS", "RB", "JJ", "NNS", "IN", "JJ", "NNS", "IN", "WDT", "NNS", "VBP", "JJ", "NNS", "CC", "NN", "IN", "PRP$", "JJ", "MD", "VB", "IN", "DT", "JJ", "NN", "IN", "JJ", "JJ", "NN", "IN", "NNS", "JJ", "IN", "NNP", "CC", "NNP", "MD", "VB", "VBN", "IN", "DT", "NN", "IN", "JJ", "."], "58": ["PRP", "VBD", "DT", "NNP", "WP", "VBD", "DT", "NN", ",", "DT", "JJ", ",", "CC", "DT", "JJ", "NN", "RB", "JJ", "IN", "DT", "JJ", "NNS", "IN", "DT", "NNPS", "WP", "VBD", "PRP", "-RRB-", "CC", "DT", "NNP", "IN", "WP", "PRP", "VBD", "."], "59": ["PRP", "VBP", "IN", "DT", "NN", "IN", "WDT", "PDT", "DT", "NNS", "IN", "DT", "NN", "MD", "VB", "IN", "DT", "NN", "IN", "JJ", "NN", "CC", ",", "IN", "NN", "IN", "DT", "POS", "."], "60": [",", "CC", "PRP", "VBP", "DT", "NN", "WDT", "MD", "VB", ",", "DT", "."], "61": ["CD", "NN", "IN", "WDT", "NNS", "CC", "NNS", "VBP", "NNS", "VBZ", "WRB", "VBN", "NNS", "VBP", "VBN", "TO", "VB", "DT", "JJ", "NN", "NN", "WDT", "MD", "VB", "VBN", "IN", "DT", "NN", "."], "62": [",", ",", "NNP", "VBD", "RB", "VB", "POS", ",", "IN", "PRP", "VBD", "VBG", "PDT", "PRP$", "JJ", "NNS", "IN", "RB", "IN", ",", "CC", "VBD", "VBG", "PRP$", "NNS", "IN", "PRP$", "NN", "IN", "CD", "NNP", ",", "-RSB-", "IN", "WDT", "PRP", "VBD", "RB", "VBN", "IN", "DT", ".", "-RSB-"], "63": ["DT", "VBD", "VBN", "IN", "DT", "NN", "IN", "DT", "NN", "IN", "DT", ",", "IN", ",", "RB", "IN", "DT", "NNS", "IN", "NNP", "CC", "NNP", ",", "DT", "NN", "VBD", "VBN", "IN", "DT", "NNP", ":", "DT", "CD", "NNS", "VBP", "DT", "WDT", "VBD", "VBN", "IN", "DT", "NN", "IN", "DT", "NN", "IN", "NNP", "POS", "NNP", "NNP", "NNP", "NNP", "CC", "DT", "NNS", "IN", "NNP", "."], "64": ["PDT", "DT", "JJ", "NN", "WDT", "VBZ", "DT", "NN", "IN", "JJ", "NN", "VBZ", "VBN", "DT", "NN", "''", "IN", "WDT", "DT", "NN", "VBZ", "IN", "VBG", "RB", "RB", "CC", "RB", "IN", "JJ", "DT", "NN", "CC", "NN", "IN", "DT", "."], "65": ["EX", "VBP", "RB", "RB", "JJ", "JJ", "JJ", "NNS", "CC", "RB", "JJ", "NNS", "IN", "WDT", "NN", "MD", "VB", "''", "PRP$", "JJ", "."], "66": ["EX", "VBP", "EX", "VBP", "NNS", "IN", "DT", "NN", "WDT", "VBP", "RB", "RB", "JJ", "."], "67": ["IN", "JJ", ",", "DT", "JJ", "NNS", "IN", "WDT", "NN", "VBZ", "NN", "VBP", "VBN", "VBN", ",", "CC", "JJ", "NNS", "IN", "DT", "NN", "IN", "NN", "IN", "JJ", "NNS", "VBP", "VB", "NNP", ",", "CD", "IN", "DT", "-RRB-", ",", "IN", "NNS", "NNP", ",", "NNP", ",", ",", ",", ",", "NNP", "-RRB-", "IN", "DT", "NN", "IN", ",", "CC", "NNP", ",", "NNP", ",", "NNP", ",", "NNP", "NNP", "-RRB-", "IN", "NNS", "IN", "DT", "JJ", "."], "68": ["IN", "PRP$", "JJ", ",", "PRP", "VBD", "TO", "RBR", "RB", "VB", "JJ", "NN", "NN", ",", "IN", "WDT", "NN", "VBZ", "VBN", "IN", "DT", "RB", "VBG", "."]}