{"0": [], "1": [], "2": [], "3": [], "4": [], "5": [[[13, 14, 15, 16, 17], [30]]], "6": [], "7": [[[24], [37]]], "8": [], "9": [], "10": [], "11": [[[0, 1, 2, 3, 4, 5, 6], [12]]], "12": [[[0], [23]]], "13": [], "14": [], "15": [[[19], [52]]], "16": [], "17": [], "18": [[[14], [17]]], "19": [[[1], [19]]], "20": [], "21": [], "22": [], "23": [], "24": [], "25": [], "26": [[[0], [13]]], "27": [], "28": [], "29": [], "30": [], "31": [[[2, 3], [6], [10]]], "32": [[[21], [23]]], "33": [[[7], [25, 26], [36]]], "34": [], "35": [], "36": [[[0, 1, 2, 3, 4, 5, 6, 7, 8, 9, 10], [28]]], "37": [], "38": [], "39": [], "40": [], "41": [], "42": [], "43": [[[19], [23], [26]]], "44": [], "45": [], "46": [], "47": [[[2], [10], [12]]], "48": [[[1, 2, 3, 4, 5], [18], [26]]], "49": [[[9], [13]]], "50": [], "51": [], "52": [], "53": [], "54": [[[10, 11], [20]]], "55": [], "56": [], "57": [[[11], [18]]], "58": [[[9, 10, 11], [27], [34]]], "59": [], "60": [], "61": [], "62": [[[6], [9], [13], [23], [26], [35]]], "63": [], "64": [], "65": [], "66": [], "67": [], "68": [[[1], [4]]]}