{"0": ["NNP", "NNP", "IN", "DT", "NNS", "WDT", "VBP", "RB", "RB", "VBN", "RB", "."], "1": ["DT", "JJ", "NNS", "IN", "DT", "NNS", "VBP", "DT", ",", "WP", "VBD", "VBN", "IN", "DT", "NNP", "IN", "JJ", "NNP", ",", "CC", "WP", "VBD", "PRP$", "JJ", "NN", "CC", "NN", "IN", "DT", "."], "2": ["NNP", "VBZ", "RB", "CD", "IN", "DT", "NNS", "VBN", "IN", "NNP", "POS", "NN", ",", "CC", "NNS", "IN", ",", ",", ",", "CC", ",", "WDT", "VBP", ",", "VBP", "IN", "DT", "CD", "NNS", "IN", "DT", "."], "3": ["IN", "VBG", "DT", ",", "PRP", "VBP", "IN", "PRP", "MD", "VB", "VBN", "DT", "NN", "IN", "DT", "NN", "IN", "NN", "WDT", "VBZ", "RB", "RB", "VBN", "IN", "."], "4": ["IN", "DT", "NN", "IN", "DT", ",", "JJ", "NNS", "VBP", ",", "WDT", "VBZ", "VBN", "IN", "DT", "NNS", "IN", "DT", "NN", "CC", "DT", "."], "5": ["VB", "DT", "NN", "WDT", "RB", "VBN", "DT", "NN", "JJ", "IN", "DT", "JJ", "NN", "CC", "NN", "."], "6": ["NNP", "VBZ", "DT", "NNP", "NNP", "NN", "WDT", "VBD", "VBN", "IN", "."], "7": ["PRP", "VBZ", ",", "JJ", "NN", "WDT", "VBZ", "RB", "VBN", "IN", "."], "8": ["DT", "NN", "IN", "NN", "IN", "NN", "VBZ", "IN", "DT", "NN", "IN", "NN", "WDT", "VBZ", "JJ", "CC", "IN", "WRB", "JJ", "CC", "JJ", "PRP", "."], "9": ["NNP", "VBZ", "NN", "IN", "PRP$", "NN", "CC", "VBZ", "PRP$", "JJ", "NN", "CC", "NN", "WDT", "MD", "RB", "VB", "RB", "VBN", "IN", "DT", "."], "10": ["NNP", "NNP", "NNP", "NN", "NNP", "NNP", ",", "IN", "NNS", "IN", "NNP", ",", "VBD", "PDT", "DT", "WP", "VBD", "VBN", "CC", "DT", "JJ", "VBP", "VBN", "VBN", "IN", ".", "EX", "VBP", "DT", "NNS", "VBN", "IN", "DT", "''"], "11": ["VB", "CD", "NN", "IN", "DT", "NN", "IN", ",", "CC", "VB", "IN", "NNS", "WDT", "VBP", "RBS", "RB", "."], "12": ["NNP", "RB", "VBD", "JJ", "NNS", "TO", "VB", "JJ", "NNS", "JJ", "IN", "NN", "WDT", "VBD", "CC", "PRP$", "JJ", "NN", "CC", "PRP$", "JJ", "NN", "IN", "PRP$", "JJ", ",", "JJ", "IN", "NN", "WDT", "VBD", "VBN", "IN", ".", "NN", "-RSB-"], "13": ["VB", "PRP", "VBP", "DT", "RB", "JJ", "DT", "NN", "IN", "DT", "NN", "NN", "NN", ",", "WDT", "VBZ", "VBN", "VBN", "TO", "VB", "IN", "DT", "JJ", "."], "14": ["PRP", "VBP", "RB", "DT", "NNS", "WDT", "MD", "VB", "VBN", "VBN", "IN", "DT", "NN", "IN", "DT", "NNS", "WDT", "VBD", "IN", "DT", "."], "15": ["EX", "VBP", "CD", "JJ", "NNS", "IN", "NN", "WDT", "VBP", "RB", "VBN", "IN", "DT", "NN", ":", "DT", "JJ", "-RRB-", "NN", ",", "JJ", "JJ", "-RRB-", "NN", "NN", "CC", "DT", "JJ", "."], "16": ["RB", "DT", "JJ", "NN", "WDT", "VBP", "VBG", "TO", "VB", "PRP", "NNS", "VBZ", "DT", "VBN", "IN", "NNP", "NNP", "NNP", "CC", "NNP", "NNP", ",", "WDT", "VBZ", "VBN", "IN", "NN", "NN", "NN", "CC", "VBD", "."], "17": ["DT", "NN", "NN", "VBZ", "TO", "VB", "IN", "DT", ",", "VBZ", "IN", "DT", ",", "CC", "VBZ", ",", "DT", "VBZ", "VBN", "IN", "."], "18": ["PRP", ",", "PRP", ",", "PRP", "VBD", ",", "RB", "RB", "IN", "JJ", "JJ", ",", "WDT", "VBD", "RB", "VBN", "IN", "DT", "JJ", "."], "19": ["NNP", "RB", "VBD", "IN", "POS", ",", "CC", "VBD", "PRP", "RP", "IN", "NN", "TO", "VB", "DT", "NN", "VBN", "NNP", "NNP", "WDT", "VBD", "RB", "VBN", ".", "-RSB-"], "20": ["VBN", "IN", "JJ", ",", "DT", "NNP", "VBZ", "VBN", "IN", "DT", "JJ", "NN", "IN", "JJ", "NN", "IN", ",", "WDT", "VBZ", "VBN", "VBN", "IN", ",", "NNP", "CC", "."], "21": ["PRP", "VBZ", "NN", "WDT", ",", "IN", "JJ", ",", "DT", "NN", "IN", "JJ", "NNS", "WDT", "VBP", "."], "22": ["IN", ",", "DT", "NNPS", "IN", "NNP", "IN", "NNP", "NNP", "-RRB-", "NN", "NNP", "VBD", "VBN", "IN", "CD", "CC", ",", "IN", "DT", "NN", "IN", ",", "RB", "CD", "NNS", "WDT", "MD", "VB", "VBN", "IN", ",", "IN", "JJ", ",", "IN", "NN", "NN", "NNP", "CC", ",", ":", ",", ",", "CC", ",", "."], "23": ["DT", "VBZ", "DT", "RB", "JJ", "JJ", "NN", "WDT", "VBZ", "VBN", "RB", "IN", "DT", "NN", "IN", "DT", "NNP", "NNP", "VBZ", "RB", "VBN", "DT", "JJ", "NN", ",", "WRB", "."], "24": [",", "EX", "VBP", "JJ", ",", "RB", ",", "WDT", "VBP", "RBR", "VBN", "IN", "NNP", "NNS", "IN", "."], "25": ["RB", "VBP", "VBN", "CC", "VBN", "DT", "NN", "WDT", "RB", "VBN", "CC", "RB", "JJ"], "26": ["DT", "JJ", "NNS", "VBG", "DT", "JJ", "NN", "VBP", "JJ", "NNS", "VBG", ":", "-RRB-", "DT", "-RRB-", "NN", "IN", "VBN", "NN", ":", "-RRB-", "DT", "-RRB-", "NN", "IN", "NN", ",", "CC", "-RRB-", "DT", "NN", "-RRB-", ",", "WDT", "VBZ", "IN", "DT", "NN", "IN", "WDT", "NNS", "MD", "-RRB-", "VB", "VBN", "IN", "NN", "NNS", "WDT", "VBP", "VBN", "."], "27": ["IN", ",", "NNP", "VBD", "IN", "DT", "NN", "IN", "POS", "NN", "NN", ",", "NNP", ",", "WDT", "VBD", "VBN", "IN", "RB", "CD", "NNS", "IN", "IN", "JJ", ".", "-RSB-"], "28": ["EX", "VBP", "CD", "JJ", "NN", "NNS", "WDT", "VBP", "VBN", "VBN", "TO", "RB", "VB", "IN", "."], "29": ["NNP", "IN", "NNP", "VBZ", "DT", "RB", "VBN", "NN", "VBG", "DT", "JJ", "''", "WDT", "VBZ", "VBN", "IN", "NN", "CC", "NN", "CC", "VBZ", "IN", "JJS", "NNS", ":", "DT", "NNS", "VBP", "."], "30": ["MD", "PRP", "VB", "DT", ",", "RB", "RB", "CD", "VBZ", "VBN", ",", "CC", "RB", "CD", "WDT", "PRP", "."], "31": ["PRP", "VBZ", "RB", "VBN", "VBG", "IN", "PRP$", "NNS", "WDT", "VBP", "VBN", "IN", "NN", "CC", ",", ",", "VBG", "NNS", "FW", "-RSB-"], "32": ["DT", "NN", "NN", "VBZ", "DT", "JJ", "NN", "IN", "NNS", "CD", "NN", ",", "RB", "DT", "NN", "MD", "VB", "DT", "NN", "IN", "DT", "CD", "JJ", "NNS", "DT", "NN", "IN", "CD", "CC", ",", "WDT", "VBZ", "VBN", "IN", "CD", "CC", "NNS", "."], "33": ["EX", "VBP", "JJ", "JJ", "NNS", "IN", "VBG", ",", "CC", "DT", "RBS", "RB", "VBN", "NN", "IN", "NNS", "VBP", "DT", "VBN", "IN", "DT", "NNP", "NNP", "NNP", "WDT", "MD", "VB", "VBN", "."], "34": ["PRP", "VBD", "IN", "NN", "WDT", "VBZ", "VBN", "VBN", "DT", "NN", "IN", "DT", "JJ", ",", "DT", "JJ", "."], "35": [",", "PRP", "VBP", "NN", "IN", "DT", "NNS", "IN", "DT", "NN", "TO", "VB", ",", "RB", "IN", "DT", "NN", "IN", "DT", "NN", "NNS", "WDT", "VBD", "RB", "."], "36": ["DT", "VBD", "DT", "NN", "WDT", "MD", "RB", "VB", ",", "RB", ",", "RB", "."], "37": ["DT", "NNS", "VBP", "IN", "DT", "NN", "IN", "DT", "NN", "CC", "DT", "JJ", ",", "VBG", "NNS", "CC", "VBG", "PRP", "IN", "JJ", "NNS", "WDT", "VBP", "VBN", "IN", "DT", "."], "38": ["NNP", "NNP", "VBZ", "RB", "JJ", "CC", "VBZ", "NN", "IN", "JJ", "JJ", "JJ", "NNS", "IN", ",", ",", ",", ",", "CC", "NNS", "WDT", "VBP", "RB", "VBN", "RB", "RB", "IN", "DT", "."], "39": [",", "IN", "CD", "IN", "DT", "CD", "JJ", "NNS", "IN", "DT", "NNP", ",", "VBZ", "RB", "VBN", "IN", "NN", "IN", "DT", "NNP", "NNP", ",", "WDT", "VBP", "VBN", "RB", "VBN", "IN", "DT", "JJ", "NN", "IN", "JJ", "CC", "JJ", "."], "40": [",", "DT", "JJ", "NN", "IN", "NN", "NN", "VBZ", "RB", "RB", "VBN", "VBN", "IN", "DT", "NN", "IN", "NN", ",", "VBG", "DT", "JJ", "NN", "IN", "DT", "JJ", "NN", "CC", "NN", "IN", "NN", "NNS", "WDT", "VBP", "VBN", "."], "41": ["NNP", "NNP", "VBZ", "VBN", "DT", "NN", "IN", "JJ", "NN", "NNS", "WDT", "MD", "VB", "VBN", "VBN", "IN", "NNP", "IN", "CD", "NNS", "IN", "DT", "''", "NN", "IN", "DT", "JJ", "NN", "IN", "WDT", "DT", "NN", "VBD", "VBG", "IN", "DT", "."], "42": ["RB", "PRP", "RB", "VB", "NNS", "VBG", "RP", "IN", "DT", "NN", "CC", ",", "CC", "PRP", "MD", "RB", "VB", "DT", "NN", "IN", "NNS", "VBG", "DT", "JJS", "NNS", "CC", "RB", "VB", "PRP", "IN", "DT", "JJ", "NN", "WP", "VBD", "RB", "RB", "."], "43": ["PRP", "DT", "VBD", "IN", "DT", ",", "IN", "IN", "DT", "NN", "IN", "DT", "JJ", "NN", "CC", "NN", "VBN", "IN", "DT", "NNS", "IN", "PRP$", ",", "WP", "VBD", "."], "44": ["NNS", "VBN", "IN", ",", "NN", "VBN", "IN", ",", "NNS", "VBN", "IN", "NN", "CC", ",", "CC", "NN", "NNS", "WDT", "VBD", "VBN", "IN", "DT", "NN", "NN", "VBD", "DT", "NN", "IN", "."], "45": ["JJ", "NN", "VBZ", "NN", "IN", "NNS", "WP", "VBP", "RB", "VBN", "IN", "JJ", "NN", "IN", "DT", "NN", "IN", "DT", "NN", "VBZ", "RB", "VB", "TO", "VB", "IN", "NNS", "WP", "VBP", "."], "46": ["DT", "JJ", "NN", "VBZ", "VBN", "IN", "DT", "JJ", "NN", "IN", "JJ", "NNS", "CC", "JJ", ",", "CC", "IN", ",", "EX", "VBZ", "DT", "JJ", "JJ", "NN", "WDT", "MD", "VB", "VBN", "IN", "NN", "CC", "NN", "."], "47": ["IN", "NN", "IN", "DT", "JJ", ",", "PRP", "VBP", "IN", ".", "VBZ", "DT", "NNS", "IN", "DT", "NN", "IN", "DT", "NN", "IN", "VBG", "DT", "JJ", "JJ", "NN", "WDT", "MD", "VB", "."], "48": ["DT", "NN", "VBD", "IN", "CD", "NNS", "IN", "DT", "NNP", "NNP", "IN", "NNP", ",", "NNP", "NNP", "IN", "NNP", ",", "VBN", "CD", "CC", "CD", "NNS", "JJ", "NN", "SYM", "CD", "NN", ",", "WDT", "VBD", "VBN", "IN", "CD", ":", "NN", "CC", "."], "49": ["POS", ",", "WDT", "VBZ", "VBN", "IN", ",", ",", "VBZ", "TO", "VB", "IN", "NNP", "CD", "IN", "NNP", "."], "50": ["PRP", "VBP", "VBN", "IN", "VBG", "DT", "WDT", "VBZ", "VBN", "TO", "VB", "IN", "DT", "NN", "NN", "VBZ", "RB", "JJ", "IN", "JJ", "NNS", "IN", "JJ", "CC", "JJ", "."], "51": ["RB", "VBZ", "DT", "JJ", "NN", "NN", "WDT", "VBZ", "VBN", "IN", "NNP", "NNP", "CC", "DT", "."], "52": ["IN", "PRP$", "JJ", "''", "VBZ", "NN", "WDT", "RB", "VB", "VBN", "IN", "CD", ",", "VB", "DT", "NN", "IN", "JJ", "NNS", "IN", "PRP", "WDT", "PRP", "MD", "VB", "."], "53": ["DT", "JJ", "NNS", "CC", "NNS", "IN", "DT", "NN", "VBD", "VBN", "TO", "VB", "IN", "DT", "JJ", "JJ", "JJ", ",", "DT", "NN", "VBN", "IN", "NNP", "WP", "VBD", "RB", "VBN", "IN", "DT", "NNP", "."], "54": ["DT", "VBZ", "VBN", "IN", "DT", "NN", "IN", "DT", "NN", "WDT", "VBZ", "VBN", "TO", "VB", "DT", "NN", "IN", "PRP$", "NN", "WRB", "DT", "NN", "NN", "."], "55": ["PRP", "RB", "VBD", "DT", "NNS", "WDT", "VBD", "RB", ",", "IN", "DT", "."], "56": ["PRP", "VBZ", "DT", "NN", "NN", "IN", "DT", ",", "RB", "PRP", "VBZ", "RB", "VB", "DT", "NN", "NN", "WDT", "VBZ", "VBG", "VBN", "IN", "DT", "NN", "."], "57": ["DT", "NNS", "IN", "DT", "NN", "VBP", "IN", "NN", "NN", "NN", "NNS", "WDT", "VBD", "VBN", "IN", "NN", "VBG", "DT", "NN", "NN", "VBN", "TO", "VB", "NN", "NNS", "IN", "RB", "JJ", ",", "TO", "VB", "DT", "JJ", "NN", "NNS", "WDT", "VBP", "VBG", "."], "58": ["RB", "DT", "NN", "MD", "VB", "DT", "JJ", "JJ", "NN", "NN", "NNS", "VBP", "-RRB-", "WDT", "VBZ", "VBN", "IN", "DT", "NN", "VBZ", "IN", "DT", "NN", "CC", "."], "59": ["PRP", "VBP", "RB", "IN", "PRP$", "NNS", "CC", "NNS", "WP", "VBP", "VBN", "VBN", "RP", "IN", "PRP", "IN", "JJ", "NNS", "CC", "WP", "RB", "MD", "RB", "VB", "IN", "JJ", "IN", "DT", "NN", "WDT", "VBZ", "."], "60": ["DT", "NN", "VBZ", "DT", "JJ", "NN", "IN", "DT", "VBG", "NN", "WDT", "MD", "VB", "VBN", "IN", "DT", "NN", "NN", "IN", "DT", "NN", "VBN", "IN", "DT", "CD", "JJ", "NNS", "NNP", "."], "61": [",", "DT", "JJ", "NN", "VBZ", "JJ", "NNS", "WDT", "VBP", "RP", "DT", ",", "JJ", "NNS", "WDT", "VBP", "VBN", "IN", "NN", "IN", "."], "62": ["NN", "VBZ", "VBN", "TO", "VB", ",", "RB", "VBZ", ",", "RB", "VBZ", "NN", ",", "CC", "RB", "VBZ", "NN", "IN", "DT", "CD", "NN", "WDT", "MD", "RB", "RBR", "VB", "VBN", "IN", "VBN", "."], "63": ["NNS", ",", "IN", "JJ", ",", "JJ", "NNS", "WDT", "VBP", "VBN", "IN", "VBG", ",", "CC", "VBG", "CC", "VBG", "DT", "NNS", "IN", "JJ", "."], "64": ["IN", "DT", "NN", "NN", "VBZ", "JJ", "IN", "JJ", "NN", "NN", "NNS", "IN", "DT", "NN", "IN", "CD", "-RRB-", "IN", "IN", "JJ", "NN", ",", "PRP", "VBZ", "VBN", "VBN", "IN", "JJ", ",", "IN", ",", "DT", "JJ", "NNS", "-RSB-", "CC", "JJ", "NN", "NN", "-RRB-", "VBN", "NNS", ",", "WDT", "VBD", "VBN", "TO", "VB", "DT", "NN", "VBN", "NN", "NN", "."], "65": ["CC", "EX", "VBZ", "DT", "NN", "WDT", "VBZ", "RB", "JJ", "IN", "NN", "WDT", "VBZ", "VBN", "NN", "."], "66": ["DT", "JJ", "NN", "NNS", "VBP", "NNP", "WDT", "VBZ", "RB", "VBN", "CC", "IN", ",", "NN", "CC", "NN", ",", "CC", ",", "WDT", "VBZ", "RBS", "VBN", "IN", "NN", "IN", "."], "67": ["DT", "JJ", "NN", "NNS", "VBP", "NNP", "WDT", "VBZ", "RB", "VBN", "CC", "IN", ",", "NN", "CC", "NN", ",", "CC", ",", "WDT", "VBZ", "RBS", "VBN", "IN", "NN", "IN", "."], "68": ["IN", "DT", "JJ", ",", "JJ", "NN", "NNS", "IN", "RB", "DT", "JJ", "NNS", "IN", "DT", "NN", "VBP", "DT", "NN", "IN", "PRP$", "NN", "VBN", "IN", "DT", "NNS", "NNP", "-RRB-", "WDT", "VBP", "TO", "RBR", "RB", "VB", "IN", "CD", "IN", "POS", "JJ", ",", "RBS", "RB", "NNP", ",", "WP", "VBD", "VBN", "IN", "NNP", "IN", "DT", "JJ", ".", "-RSB-"], "69": ["CD", "NN", "IN", "WDT", "NNS", "CC", "NNS", "VBP", "NNS", "VBZ", "WRB", "VBN", "NNS", "VBP", "VBN", "TO", "VB", "DT", "JJ", "NN", "NN", "WDT", "MD", "VB", "VBN", "IN", "DT", "NN", "."], "70": ["CC", "JJ", "NN", "VBZ", "JJ", "IN", "VBZ", "DT", "VBZ", "VBN", "IN", "DT", "."], "71": ["NN", "VBD", "IN", "DT", "NNS", "CC", "NNS", "VBG", "IN", "DT", "NNS", "CC", ",", "VBG", "DT", ",", "VBG", "RP", "DT", "WDT", "RB", "VBN", "JJ", "CC", "VBG", "IN", "DT", "NNS", "IN", "DT", "JJ", "NN", "IN", "VBG", "DT", "NN", "CC", "VBG", "IN", "DT", "NNS", "PRP", "VBD", "VBG", ",", "DT", "JJ", "NN", "VBN", "IN", "JJ", "NN", "CC", "JJ", "NN", ",", ",", "VBG", "IN", "DT", "NN", "."], "72": ["DT", "NN", "PRP", "VBD", "DT", "JJ", "CC", "JJ", ":", "DT", "NN", "PRP", "VBP", ",", "VBZ", "DT", ",", "RB", ",", "DT", "VBZ", "VBN", "IN", "."], "73": ["DT", "VBD", "VBN", "IN", "DT", "NN", "IN", "DT", "NN", "IN", "DT", ",", "IN", ",", "RB", "IN", "DT", "NNS", "IN", "NNP", "CC", "NNP", ",", "DT", "NN", "VBD", "VBN", "IN", "DT", "NNP", ":", "DT", "CD", "NNS", "VBP", "DT", "WDT", "VBD", "VBN", "IN", "DT", "NN", "IN", "DT", "NN", "IN", "NNP", "POS", "NNP", "NNP", "NNP", "NNP", "CC", "DT", "NNS", "IN", "NNP", "."], "74": ["EX", "VBZ", "DT", "JJ", "NN", "WDT", "VBZ", "VBN", "JJ", "NNS", "."], "75": ["NNP", "VBD", "DT", "JJ", "NN", "IN", "VBG", "JJ", "NNS", "IN", "NN", "WDT", "VBD", "VBN", "TO", "VB", "JJ", "IN", "PRP$", ",", "VBG", "PRP", "TO", "VB", "DT", "NNS", "IN", "JJ", "NNS", "IN", "DT", "JJ", "NN", "IN", "."], "76": ["DT", "NN", "RB", "VBZ", "DT", "NN", "CC", "VBZ", "DT", "JJ", "NNS", "TO", "VB", ",", "WDT", "MD", "RB", "VB", "VBN", "IN", "NN", "CC", "VBN", "IN", "NN", "IN", "JJ", "."], "77": ["NNP", "VBD", "TO", "VB", "IN", "PRP", "VBZ", "NN", "CC", "NN", "WDT", "VBP", "VBN", "IN", "DT", "NN", "IN", "DT", "JJ", ",", "JJ", ",", "CC", "NN", "JJ", "WDT", "VBZ", "IN", "NN", "CC", ",", "RB", "VB", "PRP$", "NNS", "."], "78": ["DT", "WP", "VBD", "VBN", "VBD", "RB", "VBN", "IN", "DT", "NN", "IN", "NNS", "IN", "."], "79": ["PRP", "VBP", "IN", "DT", "JJ", "NN", "WDT", "VBZ", "RB", "CC", "RB", "VBN", "IN", "NNS", "WP", "VBP", "NN", "CC", "JJ", "NNS", "IN", "DT", "NN", "IN", "VBG", "PRP$", "NN", "IN", "."], "80": ["VBZ", "DT", "NN", "IN", "JJ", "NNS", "WDT", "VBP", "VBN", "IN", "DT", "JJ", ",", "VBZ", "WRB", "PRP", "VBP", "CC", "VBP", "IN", "DT", "JJ", "NN", "CC", "RB", "VB", "RP", "IN", "DT", "."], "81": ["PRP", "VBP", "RB", "IN", "NNP", "TO", "VB", "PRP$", "NN", "IN", "DT", "NN", "CC", "RB", "TO", "VB", "NN", "IN", "DT", "NN", "PRP", "VBD", "IN", "DT", "NNPS", "IN", "DT", "NN", "CC", ",", "CC", "TO", "VB", "IN", "PRP", "IN", "DT", "NN", "IN", "DT", "NN", "VBZ", "VBN", "IN", "DT", "NNS", "WDT", "VBD", "VBN", "CD", "NNS", "."], "82": ["DT", "JJ", "JJ", "NNS", "JJ", "DT", ",", "NN", ",", "CC", "NNS", "VBP", "DT", "NN", "NN", "IN", "DT", "JJ", "NN", "NN", "WDT", "MD", "VB", "VBN", "IN", "VBG", "DT", "NNS", "IN", "DT", "CD", "NN", "NN", "NN", "IN", "DT", "."], "83": ["NNS", "IN", "DT", "MD", "VB", "PRP", "VB", "PRP", "VBP", "VBN", "NNS", "WP", "RB", "RB", "VBN", "IN", "."]}