{"0": ["in", "this", "study", "we", "use", "eye-tracking", "in", "the", "first", "stage", "of", "explore", "audience", "experience", "of", "the", "extensive", "Spanish", "art", "collection", "of", "County", "Durham,", "of", "which", "the", "13", "Zurbar\u00e1n", "artwork", "(there", "be", "actually", "only", "12", "Zurbar\u00e1n", "artwork,", "the", "13th", "Benjamin,", "be", "a", "copy", "by", "Arthur", "Pond)", "be", "a", "key", "part", "of,", "to", "investigate", "the", "way", "in", "which", "audience", "look", "at", "Spanish", "art,", "how", "aesthetic", "experience", "be", "evaluate", "and", "whether", "audience", "can", "be", "encourage", "to", "approach", "art", "in", "different", "way."], "1": ["we", "start", "from", "the", "widely", "agree", "premise", "that", "test", "the", "reproducibility", "of", "finding", "should", "have", "a", "essential", "role", "in", "the", "testing", "and", "refinement", "of", "theory,", "at", "least", "for", "hypothesis-testing", "epistemology", "that", "seek", "to", "ascertain", "generalizability", "and", "for", "other", "epistemology", "in", "which", "construct", "be", "deem", "to", "be", "definable", "and", "observable."], "2": ["once", "again,", "the", "first", "and", "fundamental", "question,", "dispute", "in", "fifteen", "sixteen,", "and", "fifteen", "seventeen,", "and", "again", "in", "Heidelberg,", "in", "April", "of", "fifteen", "eighteen,", "with", "which", "Luther", "have", "open", "the", "assault", "on", "scholastic", "theology,", "be", "debate."], "3": ["this", "be", "not", "the", "first", "time", "deadly", "stampede", "have", "take", "place", "during", "the", "hajj,", "with", "the", "deadly", "stampede", "during", "the", "1991", "hajj,", "in", "which", "1426", "pilgrim", "be", "trample."], "4": ["do", "this", "too", "often", "can", "quickly", "turn", "a", "otherwise", "flirtatious", "conversation", "into", "one", "in", "which", "you", "appear", "needy", "and", "self-loathing."], "5": ["to", "investigate", "this,", "Daniel", "experiment", "by", "puncture", "the", "wall", "of", "a", "pipe", "with", "a", "small", "open", "ended", "straw", "and", "note", "that", "the", "height", "to", "which", "the", "fluid", "rise", "up", "the", "straw", "be", "related", "to", "fluid's", "pressure", "in", "the", "pipe."], "6": ["this", "visa,", "which", "be", "really", "little", "more", "than", "a", "piece", "of", "paper", "on", "which", "you", "list", "you", "vital", "statistic,", "cost", "between", "15", "-", "25", "CUC", "(or", "\u20ac", "15", "-", "25),", "depend", "on", "where", "purchase."], "7": ["one", "of", "Gordon's", "great", "achievement", "be", "secure", "permission", "from", "the", "Tsar", "to", "establish", "the", "first", "Roman", "Catholic", "church", "and", "school", "in", "Muscovy,", "of", "which", "he", "remain", "the", "main", "benefactor,", "and", "head", "the", "Catholic", "community", "in", "Russia", "until", "he", "death."], "8": ["the", "shape", "that", "it", "start", "out", "with."], "9": ["this", "be", "a", "very", "exciting", "moment", "to", "join", "you", "for", "the", "unveiling", "of", "the", "work", "that", "you", "have", "be", "labor", "on", "for", "decade."], "10": ["she", "pick", "up", "the", "pan", "in", "which", "shehave", "make", "the", "potato", "and", "maple", "glaze."], "11": ["the", "government", "of", "the", "Republic", "of", "Albania", "will", "continue", "to", "constantly", "demonstrate", "its", "commitment", "to", "a", "full", "implementation", "of", "the", "standard", "enshrine", "in", "the", "United", "Nations", "and", "Council", "of", "Europe", "convention,", "as", "well", "as", "the", "relevant", "document", "of", "regional", "organization,", "such", "as", "the", "Organization", "for", "Security", "and", "Cooperation", "in", "Europe,", "in", "which", "we", "be", "play", "a", "very", "active", "role."], "12": ["he", "also", "have", "a", "lead", "role", "in", "the", "critically", "acclaimed", "british", "mini-serial", "Dancing", "on", "the", "Edge,", "as", "music", "journalist", "Stanley", "Mitchell,", "for", "which", "he", "earn", "a", "nomination", "for", "best", "actor", "in", "a", "miniseries", "or", "a", "Television", "Film", "at", "the", "Satellite", "Award."], "13": ["okay,", "so", "that", "be", "the", "basis", "on", "which", "then", "shortly", "after", "the", "Soviet", "Union", "collapse."], "14": ["discuss", "he", "concern", "in", "a", "public", "statement,", "Malaysia's", "Prime", "Minister,", "Najib", "Razak", "say,", "\"we", "be", "in", "contact", "with", "all", "relevant", "party,", "with", "whom", "we", "share", "the", "desire", "to", "find", "a", "solution", "to", "this", "crisis\"."], "15": ["although", "I", "be", "sure", "that", "be", "there", "would", "enhance", "my", "understanding", "of", "the", "animal", "and", "the", "system", "in", "which", "they", "live,", "and", "would", "help", "I", "formulate", "more", "and", "better", "question", "about", "the", "anemone,", "ship", "time", "be", "expensive,", "especially", "in", "Antarctica,", "and", "if", "there", "be", "biologist", "whose", "contribution", "be", "predicate", "on", "be", "there,", "they", "should", "have", "priority", "to", "be", "there."], "16": ["the", "expropriation", "of", "YPF", "be", "a", "case", "in", "which", "the", "Argentine", "State", "present", "predatory", "behavior,", "encourage", "by", "a", "extractive", "institutional", "framework."], "17": ["a", "mutant", "be", "a", "copy", "of", "the", "system", "in", "which", "a", "change", "have", "be", "do", "that,", "in", "most", "case,", "will", "lead", "to", "a", "behaviour", "different", "than", "expect."], "18": ["itbe", "the", "first", "week", "that", "Ihave", "be", "actually", "able", "to", "say", "the", "word\"", "Ibe", "pregnant\"", "and", "have", "it", "not", "feel", "really", "weird."], "19": ["nevertheless,", "she", "initial", "effort", "at", "write", "fiction", "be", "in", "the", "form", "of", "a", "short", "story,", "a", "form", "to", "which", "she", "would", "remain", "true."], "20": ["in", "2004,", "he", "appear", "in", "the", "Mary-Kate", "and", "Ashley", "Olsen", "comedy", "New", "York", "Minute", "as", "Trey", "Lipton,", "a", "cute", "boy", "to", "whom", "the", "Olsen's", "character", "be", "attract."], "21": ["the", "case", "on", "which", "the", "Court", "have", "rule", "be", "of", "the", "religious", "school", "Santo", "Spirito", "and", "Immacolata", "in", "Livorno,", "Tuscany,", "to", "pay", "over", "422000", "euros", "in", "arrears", "for", "the", "period", "from", "2004", "to", "2009."], "22": ["innate", "human", "behavior\u2014that", "be,", "behavior", "that", "people", "be", "bear", "with\u2014be", "biological,", "not", "cultural."], "23": ["the", "severe", "concern", "underpin", "the", "alleged", "crisis", "have", "several", "dimension", "relate", "to:", "(a)", "the", "(small)", "amount", "of", "publish", "replication", "research;", "(b)", "the", "(poor)", "quality", "of", "replication", "research;", "and", "(c)", "the", "(lack", "of)", "reproducibility,", "which", "refer", "to", "the", "extent", "to", "which", "finding", "can", "(not)", "be", "reproduce", "in", "replication", "attempt", "that", "have", "be", "undertake."], "24": ["for", "optimal", "comparability,", "we", "study", "the", "exact", "same", "conversational", "environment", "across", "language:", "that", "of", "other-initiated", "repair", "(OIR),", "in", "which", "one", "participant", "produce", "a", "turn", "at", "talk,", "the", "other", "then", "signal", "some", "trouble", "with", "this", "turn,", "and", "finally", "the", "first", "produce", "a", "next", "turn", "which", "aim", "to", "solve", "the", "trouble,", "usually", "by", "means", "of", "repetition", "and/or", "modification."], "25": ["and", "if", "we", "can", "obtain", "the", "early", "passage", "of", "a", "effective", "tax", "cut", "which", "the", "House", "of", "Representatives", "have", "already", "pass--and", "which", "the", "Ways", "and", "means", "Committee,", "on", "which", "Bill", "Green", "serve,", "write--we", "shall", "be", "sailing", "this", "country", "next", "year", "on", "the", "longest", "and", "strongest", "peacetime", "expansion", "of", "we", "economy", "in", "the", "history", "of", "the", "United", "States."], "26": ["his", "breakthrough", "role", "be", "in", "the", "romantic", "comedy,", "Chasing", "Liberty", "(2004),", "for", "which", "he", "receive", "a", "nomination", "at", "Teen", "Choice", "Award", "for", "Choice", "Breakout", "Movie", "Star", "-", "male."], "27": ["thus,", "institution", "also", "determine", "the", "level", "of", "uncertainty", "to", "which", "individual", "be", "subject,", "stimulate", "or", "discouraging", "transaction."], "28": ["throughout", "the", "long", "and", "difficult", "period", "of", "Watergate,", "I", "have", "feel", "it", "be", "my", "duty", "to", "persevere,", "to", "make", "every", "possible", "effort", "to", "complete", "the", "term", "of", "office", "to", "which", "you", "elect", "I."], "29": ["''the", "internal", "Sense", "be,", "a", "passive", "power", "of", "receive", "idea", "of", "beauty", "from", "all", "Objects", "in", "which", "there", "be", "uniformity", "amidst", "Variety''", "(\u00a7", "VI,", "67)."], "30": ["39.", "''the", "figure", "which", "excite", "in", "we", "the", "idea", "of", "Beauty,", "seem", "to", "be", "that", "in", "which", "there", "be", "uniformity", "amidst", "Variety''", "(\u00a7", "ii,", "P.", "28)."], "31": ["\"I", "think", "Siri", "die,", "they", "scoop", "he", "out", "and", "throw", "he", "away", "and", "yoube", "some", "whole", "other", "kid", "that", "just,", "just", "grow", "back", "out", "of", "what", "be", "leave."], "32": ["although", "no", "one", "know", "what", "happen", "to", "the", "Olmec", "after", "about", "400", "BCE,", "in", "part", "because", "the", "jungle", "reclaim", "many", "of", "they", "city,", "they", "culture", "be", "the", "base", "upon", "which", "the", "Maya", "and", "the", "Aztec", "build."], "33": ["I", "talk", "instead", "about", "the", "kind", "of", "America", "that", "I", "want", "for", "my", "family", "and", "for", "you", "family", "and", "all", "that", "who", "be", "citizen", "of", "this", "country", "in", "this", "difficult", "and", "change", "year,", "the", "kind", "of", "America", "in", "which", "I", "believe,", "not", "as", "a", "Democrat", "or", "as", "a", "candidate,", "but", "as", "a", "citizen."], "34": ["you,", "and", "you", "alone,", "have", "identify", "that", "on", "which", "all", "else", "hinge."], "35": ["Markus", "Landgraf", "have", "estimate", "the", "number", "of", "interstellar", "dust", "particle", "that", "should", "have", "be", "capture", "by", "stardust", "during", "two", "period", "of", "the", "\"cruise\"", "phase", "of", "the", "interplanetary", "orbit", "in", "which", "the", "spacecraft", "be", "move", "with", "this", "wind."], "36": ["both", "the", "Irving", "Independent", "School", "District", "and", "the", "Irving", "Police", "Department", "have", "assert", "that", "the", "boy's", "religion", "and", "name", "be", "not", "a", "factor", "in", "the", "manner", "in", "which", "they", "approach", "the", "situation."], "37": ["I", "would", "also", "like,", "on", "behalf", "of", "Albania,", "to", "convey", "to", "the", "Secretary-General", "we", "high", "appreciation", "for", "he", "lead", "contribution", "to", "the", "fulfilment", "of", "the", "historical", "mission", "of", "the", "United", "Nations", "and", "to", "the", "aspiration", "of", "we", "people", "for", "a", "better", "world", "in", "which", "only", "peace,", "democracy", "and", "economic", "prosperity", "reign."], "38": ["as", "I", "recall", "the", "high", "hope", "for", "America", "with", "which", "we", "begin", "this", "second", "term,", "I", "feel", "a", "great", "sadness", "that", "I", "will", "not", "be", "here", "in", "this", "office", "work", "on", "you", "behalf", "to", "achieve", "that", "hope", "in", "the", "next", "2", "1/2", "year."], "39": ["it", "be", "a", "transmedia", "system", "in", "the", "sense", "first", "use", "by", "Marsha", "Kinder", "(1991)", "and", "popularize", "by", "Henry", "Jenkins", "(2006),", "in", "which", "media-hopping", "network", "of", "intertextualities", "extend", "the", "''storyworld''", "of", "a", "original", "production."], "40": ["they", "have", "be", "a", "time", "of", "achievement", "in", "which", "we", "can", "all", "be", "proud,", "achievement", "that", "represent", "the", "share", "effort", "of", "the", "administration,", "the", "Congress,", "and", "the", "people."], "41": ["reflection", "allow", "we", "to", "obtain", "the", "list", "of", "class", "and", "method", "of", "the", "SUT,", "so", "the", "user", "can", "decide", "the", "method", "to", "wish", "the", "operator", "will", "be", "apply."], "42": ["future", "study", "should", "also", "include", "a", "larger", "age", "range", "of", "child", "to", "document", "the", "age", "at", "which", "adult-like", "performance", "emerge."], "43": ["but", "there", "have", "be", "no", "change", "in", "my", "concept", "of", "the", "goal", "which", "this", "country", "must", "strive", "for", "if", "it", "be", "to", "meet", "its", "responsibility", "to", "its", "people", "and", "that", "who", "depend", "upon", "it."], "44": ["Thailand", "have", "recently", "crack", "down", "on", "human", "trafficking,", "which", "have", "affect", "the", "route", "by", "which", "people-smuggler", "transport", "migrant."], "45": ["for", "instance,", "that", "with", "a", "interest", "in", "deceive", "the", "general", "public", "may", "set", "up", "parallel", "institution", "that", "ostensibly", "guarantee", "expertise,", "take", "advantage", "of", "the", "way", "in", "which", "this", "parallel", "institution", "mimic", "legitimate", "institution", "to", "ensure", "that", "people", "be", "take", "in."], "46": ["I", "be", "curious", "about", "the", "population", "structure", "of", "the", "\"field\"", "of", "anemone", "-", "the", "group", "to", "which", "Edwardsiella", "andrillae", "belong", "include", "many", "species", "that", "reproduce", "asexually,", "and", "itbe", "possible", "that", "the", "field", "be", "\"clone\"", "produce", "asexually", "rather", "than", "the", "result", "of", "sexual", "reproduction."], "47": ["regardless", "of", "method,", "the", "win", "seeker", "win", "30", "point", "for", "he", "or", "she", "team,", "unlike", "the", "book,", "in", "which", "the", "snitch", "be", "worth", "150", "point."], "48": ["as", "a", "student", "in", "Rome,", "Jerome", "engage", "in", "the", "superficial", "escapade", "and", "sexual", "experimentation", "of", "student", "there,", "which", "he", "indulge", "in", "quite", "casually", "but", "for", "which", "he", "suffer", "terrible", "bout", "of", "guilt", "afterwards.", "[13]", "[better", "source", "need]"], "49": ["this", "theory,", "along", "with", "other", "theory", "of", "correspondence", "in", "translate,", "be", "elaborate", "in", "he", "essay", "principle", "of", "Correspondence,", "where", "Nida", "begin", "by", "assert", "that", "give", "that", "\"no", "two", "language", "be", "identical,", "either", "in", "the", "meaning", "give", "to", "corresponding", "symbol", "or", "in", "the", "way", "in", "which", "symbol", "be", "arrange", "in", "phrase", "and", "sentence,", "it", "stand", "to", "reason", "that", "there", "can", "be", "no", "absolute", "correspondence", "between", "language."], "50": ["Hamill's", "schedule", "include", "a", "panel", "with", "Kevin", "Conroy,", "the", "voice", "of", "Batman", "in", "Batman:", "the", "Animated", "Series,", "in", "which", "the", "Star", "Wars", "lead", "play", "the", "Joker."], "51": ["this", "process,", "as", "youwill", "recall", "from", "what", "be", "anthropology?", "be", "call", "enculturation."], "52": ["they", "discuss", "the", "\"dictionary", "of", "the", "future\",", "in", "which", "every", "word", "would", "be", "link", "to", "example", "sentence", "from", "corpus.", "[7]", "[9]"], "53": ["in", "particular,", "they", "want", "to", "know", "about", "the", "relationship", "between", "the", "speed", "at", "which", "blood", "flow", "and", "its", "pressure."], "54": ["th-", "therebe", "a", "white", "line,", "that", "you", "go", "by,", "and", "a", "horse", "have", "this", "little", "white", "line,", "and", "you", "clean", "it", "out", "with", "the", "\u2014", "with", "the", "hoof", "knife."], "55": ["the", "track", "in", "the", "demo", "be", "from", "submicron", "carbonyl", "iron", "particle", "that", "be", "shoot", "into", "aerogel", "use", "a", "particle", "accelerator", "modify", "to", "accelerate", "dust", "particle", "to", "very", "high", "speed,", "to", "simulate", "the", "interstellar", "dust", "impact", "that", "webe", "look", "for."], "56": ["like", "I", "donot", "even", "think", "I", "would", "be", "able", "to", "wake", "up", "for", "my", "8:15", "a.m.", "yoga", "class", "that", "I", "sign", "up", "for,", "but", "I", "be", "awake."], "57": ["even", "the", "most", "culturally", "relativist", "people", "from", "egalitarian", "society\u2014one", "in", "which", "woman", "have", "political", "rights", "and", "control", "over", "they", "own", "body\u2014would", "question", "whether", "the", "widespread", "practice", "of", "female", "genital", "mutilation", "in", "country", "such", "as", "Ethiopia", "and", "Sudan", "should", "be", "accept", "as", "a", "part", "of", "cultural", "tradition."], "58": ["it", "be", "the", "Olmec", "who", "worship", "a", "rain", "god,", "a", "maize", "god,", "and", "the", "feathered", "serpent", "so", "important", "in", "the", "future", "pantheon", "of", "the", "Aztecs", "(who", "call", "he", "Quetzalcoatl)", "and", "the", "Maya", "(to", "whom", "he", "be", "Kukulkan)."], "59": ["I", "hope", "for", "a", "future", "in", "which", "all", "the", "country", "of", "the", "region", "can", "live", "in", "a", "state", "of", "mutual", "respect", "and", "cooperation,", "without", "interference", "in", "each", "other's", "affair."], "60": ["--", "but", "I", "have", "a", "chart", "that", "Iwill", "go", "through;", "the", "MMPI."], "61": ["one", "instance", "in", "which", "college", "and", "university", "use", "percentile", "be", "when", "sit", "result", "be", "use", "to", "determine", "a", "minimum", "testing", "score", "that", "will", "be", "use", "as", "a", "acceptance", "factor."], "62": ["apparently,", "however,", "Galois", "do", "not", "ignore", "Poisson's", "advice,", "as", "he", "begin", "collect", "all", "he", "mathematical", "manuscript", "while", "still", "in", "prison,", "and", "continue", "polish", "he", "idea", "until", "he", "release", "on", "29", "April", "1832,", "[12]", "after", "which", "he", "be", "somehow", "talk", "into", "a", "duel.", "[8]"], "63": ["this", "be", "follow", "by", "a", "memoir", "on", "the", "theory", "of", "the", "tide,", "to", "which,", "conjointly", "with", "the", "memoir", "by", "Euler", "and", "Colin", "Maclaurin,", "a", "prize", "be", "award", "by", "the", "French", "Academy:", "this", "three", "memoir", "contain", "all", "that", "be", "do", "on", "this", "subject", "between", "the", "publication", "of", "Isaac", "Newton's", "Philosophiae", "Naturalis", "Principia", "Mathematica", "and", "the", "investigation", "of", "Pierre-Simon", "Laplace."], "64": ["such", "a", "formal", "orientation", "that", "typify", "this", "type", "of", "structural", "equivalence", "be", "call", "a", "\"gloss", "translation\"", "in", "which", "the", "translator", "aim", "at", "reproduce", "as", "literally", "and", "meaningfully", "as", "possible", "the", "form", "and", "content", "of", "the", "original."], "65": ["there", "be", "just", "too", "many", "possible", "moral", "truth", "and", "too", "many", "way", "in", "which", "evolution", "could", "have", "''push''", "we", "moral", "belief."], "66": ["there", "be", "there", "be", "mystery", "in", "this", "house", "that", "Ibe", "not", "even", "aware", "of."], "67": ["in", "Spanish", "poetry,", "the", "syntactic", "configuration", "under", "which", "enjambment", "take", "place", "have", "be", "describe", "extensively,", "and", "detailed", "study", "on", "the", "use", "of", "enjambment", "by", "individual", "author", "exist", "(see", "Mart\u00ednez", "Cant\u00f3n,", "2011", "for", "a", "overview)", "include,", "among", "other", "Quilis", "(1964),", "Dom\u00ednguez", "Caparr\u00f3s,", "(2000),", "Para\u00edso,", "(2000),", "Spang", "(1983)", "for", "a", "description", "of", "enjambment,", "and", "Alarcos", "(1966),", "Senabre", "(1982),", "Luj\u00e1n", "(2006),", "Mart\u00ednez", "Fern\u00e1ndez", "(2010)", "for", "case-study", "on", "a", "single", "author."], "68": ["in", "we", "experimental", "setup,", "we", "attempt", "to", "more", "closely", "mimic", "non-avian", "theropod", "tail", "morphology,", "in", "which", "mass", "be", "distribute", "through", "a", "distally", "taper", "tail."]}