{"0": ["PRP", "VBD", "JJ", "VBG", "IN", "IN", "DT", "NN", "NN", "WDT", "PRP", "VBD", "IN", "RB", "JJ", ",", "IN", "WDT", "NN", "PRP", "."], "1": ["CC", "DT", "JJ", "NN", "VBZ", "RB", "JJR", "IN", "JJ", "TO", "VB", "PRP$", "JJ", "NN", "IN", "DT", "WDT", "PRP", "RB", "."], "2": ["PRP", "RB", "VBP", "DT", "NN", "PRP", "VBP", "RP", "IN", ",", "DT", "NN", "WDT", "PRP", ",", "IN", "IN", "PRP", "VBP", "DT", "NN", ",", "NNP", "CC", "PRP", "VBD", "PRP", "RP"], "3": ["DT", "NN", "IN", "DT", "NNS", "WDT", "PRP", "VBD", "VBN", "IN", "PRP$", "JJ", "NN", "CC", "VBG", "JJR", "IN", "DT", "NN", "CC", "IN", "VBG", "IN", "POS", "NN", "IN", "DT", "IN", "DT", ",", "PRP", ":", "PRP", "RB", "VBD", "PRP", "IN", "UH", "VBZ", "DT", "CD", "JJ", "NN", "IN", "PRP$", "NN", "WDT", "VBZ", "NN", "IN", "DT", "NN", "IN", "."], "4": ["CC", "WP", "VBP", "PRP", "VB", "NN", "WDT", "PRP", ":", "WDT", "PRP", "MD", "VB", "."], "5": ["PRP", "MD", "VB", "IN", "NN", "WRB", "DT", "JJR", "NNS", "MD", "VB", "NN", "WDT", "PRP", "RB", ":", "IN", "NN", ",", "CC", "VB", "DT", "."], "6": ["PRP$", "NN", "VBD", "NN", "IN", "NNP", ",", ",", "IN", "NNP", "NNP", "NNP", ",", ",", "WDT", "DT", "NNP", "NNP", "IN", "NNP", "NNP", "NNP", "VBD", "VBN", "IN", "."], "7": ["VB", ",", "JJ", "CC", ",", "WDT", "PRP", "VBP", "TO", "VB", "IN", "PRP$", "JJ", ",", "VB", "JJ", "NNS", "IN", "JJR", "NNS", "IN", "."], "8": ["NNS", "VBG", "TO", "VB", "IN", "JJ", ",", ",", "MD", "VB", "TO", "VB", "NNS", "IN", "PRP$", "JJ", "NN", "IN", "NNS", "IN", "DT", "NN", "WDT", "PRP", "VBP", "."], "9": ["UH", "PRP", "VBP", "VB", "IN", "VBP", "VBG", ",", "DT", "VBZ", "RB", ",", "DT", "VBZ", "RB", "IN", "PRP$", ",", "WDT", "VBP", "VBN", "NNP", "."], "10": ["CC", ",", "VBP", "RB", "JJ", "TO", "VB", "IN", "PRP", "VBP", "RB", "VBN", "RB", "IN", ",", "WDT", "VBZ", "NN", "WDT", "PRP", "RB", "VBN", "RB", ":", "PRP", "VBP", "DT", "JJ", "NN", "PRP", "VBD", "IN", ",", "RB", "PRP", "VBD", "IN", "."], "11": ["RB", "PRP", "MD", "RB", "VB", "RB", "IN", "DT", "NN", "CC", "VB", "PRP", "NNS", "RB", ",", "PRP", "MD", "VB", "PRP", "IN", "PRP$", "''", "WRB", "DT", "MD", "RB", "VB", "IN", "DT", "WDT", "VBP", "RB", "VBN", "IN", "PRP$", ",", "WDT", "VBZ", "NNS", "RB", "VBP", "WP", "VB", "PRP$", "VB", "''"], "12": ["CC", "IN", "PRP", "VBD", "RB", "DT", "NNS", ",", "PRP", "VBD", "IN", "NNS", "WDT", "PRP", "MD", "VB", "PRP", "CC", "VB", "IN", "PRP", "DT", "NNS", "WDT", "DT", "NN", "VBD", "VBN", "IN", "DT", "."], "13": ["PRP", "VBP", "JJ", "NNS", ",", "CC", "VBP", "RB", "VB", "VBG", "PRP", "NNS", "NN", "RB", "WRB", "VBP", "VBG", "TO", "VB", "VBG", "PRP$", ",", "CC", "VBP", "RB", "VBG", "TO", "VB", "VBG", "PRP", "NNS", "DT", "JJ", "NN", "NN", "NN", "WDT", "PRP", "MD", ",", ",", "IN", "NN", "IN", "PRP", "VBZ", "VBG", "DT", "JJ", "NN", "JJR", "."], "14": ["VBG", "IN", ",", "NNP", "VBD", "JJ", "TO", "VB", "DT", "NNP", "NN", "CC", "VB", "DT", "NN", "IN", ",", "WDT", "PRP", "RB", "MD", "VB", "TO", "VB", "DT", "NN", "IN", "DT", "NN", "NN", "NN", "IN", "VBG", "NN", "CC", "VBG", "PRP", "."], "15": ["RB", "DT", "JJ", "NN", "WDT", "VBP", "VBG", "TO", "VB", "PRP", "NNS", "VBZ", "DT", "VBN", "IN", "NNP", "NNP", "NNP", "CC", "NNP", "NNP", ",", "WDT", "VBZ", "VBN", "IN", "NN", "NN", "NN", "CC", "VBD", "."], "16": ["IN", "VBG", "DT", ",", "PRP", "VBP", "VBG", "DT", "NNS", "WDT", "PRP", "MD", "VB", "DT", "."], "17": ["VBD", "JJ", "DT", ",", "NNS", "WDT", "NNS", "VBP", "VBP", "."], "18": ["PRP", "VBD", "PRP", ",", ",", "UH", "CD", "CC", "CD", ",", "UH", "NNP", "NNP", "VBD", "CD", "IN", "PRP", "WDT", "PRP", ",", "IN", "DT", "."], "19": ["VB", "DT", "NNS", "WDT", "PRP", "MD", "VB", "IN", "VBG", "PRP$", "NNS", "TO", "VB", "NN", "IN", "DT", "."], "20": [",", "DT", "JJ", "NNS", "WDT", "NN", "NNS", "VBP", "RB", "DT", "NN", "IN", "JJ", "NN", "NNP", ",", "."], "21": ["DT", "JJS", "NN", "IN", "VBG", "DT", ",", "WDT", "VBZ", "WRB", "NNS", "RB", "VB", ",", "VBZ", "DT", "NN", "WDT", "PRP$", "NN", "VBZ", "IN", "DT", "NNS", "CC", "IN", "DT", "."], "22": ["RB", "NNP", "VBD", "DT", "DT", ":", "VBD", "DT", ",", "WDT", "NNP", "."], "23": ["IN", "DT", "NN", "IN", "NN", ",", "VBN", "DT", "NN", "IN", "NN", "CC", "DT", "CD", "NNS", "IN", "NN", "IN", "NN", "NN", "WDT", "PRP", ",", "PRP", "MD", "VB", "DT", "JJ", "NN", "IN", "VBN", "NN", "NNS", "IN", "."], "24": ["DT", "NN", "VBZ", "VB", "DT", "NN", "DT", "JJ", ",", "CC", "DT", "VBZ", "RB", "DT", "NN", "WDT", "PRP", "CC", "DT", "NN", "MD", "."], "25": ["DT", "NN", "NNS", "WDT", "PRP", "VBP", "TO", "."], "26": ["RB", "PRP", "VBP", "VBP", "TO", "VB", "RB", "IN", "DT", "NN", "NN", "WDT", "VBZ", "DT", "JJ", "NN", ",", ",", "NN", "WDT", "PRP", "VBD", "DT", "JJ", "."], "27": ["IN", "RB", "VBP", "JJ", "VBP", "VBG", "IN", "DT", "JJ", "NNS", "WDT", "PRP", "VBP", "IN", "DT", "NN", ",", "CC", ",", "PRP", "MD", "VB", "TO", "VB", "IN", "PRP", "IN", "DT", "CD", "."], "28": ["IN", "DT", "JJ", ",", "PRP", "VBP", "VBN", ",", "NN", "CC", "DT", "NN", "IN", "NN", "IN", "NN", "IN", "NN", "TO", "VB", "DT", "NNS", "WDT", "PRP", "."], "29": ["CC", "IN", "CD", ":", "CC", "PRP", "MD", "VB", "PRP", ",", "CC", "PRP", "VBD", "PRP", "RB", ",", "NNS", ",", "PRP", "VBD", ":", "CC", "PRP", "VBP", "DT", ",", "CC", "PRP", "VBP", "TO", "VB", "DT", "JJS", "NN", "WDT", "VBP", "RB", ",", "CC", "PRP", "VBP", "PRP", "RBR", "RB", "IN", "."], "30": ["PRP", "VBD", "DT", "JJ", "JJ", "NN", "WDT", "PRP", "VBZ", "IN", "NN", "NN", "CC", "IN", "DT", "NN", "IN", ":", "NNS", "WDT", "VBP", "DT", "VBP", "IN", "DT", "JJ", "."], "31": ["CC", "PRP", "VBZ", "WP", "PRP", "MD", ",", "WP", "JJR", "PRP", "MD", ",", "RB", "RB", "IN", "JJ", ",", "CC", "IN", "PRP$", "RB", "JJ", "NN", "CC", ",", "IN", "POS", "NNP", "NNP", "NNP", "WDT", "PRP", "VBD", "JJ", "."], "32": [",", "PRP", "VBD", "IN", "PRP", "VBD", "DT", "NN", "WDT", "VBP", "VBN", "."], "33": ["RB", "RB", "IN", "PRP", "MD", ",", "NN", "VBZ", "JJ", "IN", "IN", "''", "NN", ":", "NN", "WDT", "PRP", "MD", ",", "CC", "WDT", "RB", "IN", "DT", "JJ", "NN", "."], "34": ["CC", "IN", "PRP", "MD", "VB", "DT", "JJ", "NN", "IN", "DT", "JJ", "NN", "NN", "WDT", "DT", "NNP", "IN", "NNPS", "VBZ", "RB", "CC", "WDT", "DT", "NNPS", "CC", "NNS", ",", "IN", "WDT", "NNP", "NNP", ",", "PRP", "MD", "VB", "VBG", "DT", "NN", "JJ", "NN", "IN", "DT", "JJS", "CC", "JJS", "JJ", "NN", "IN", "PRP$", "NN", "IN", "DT", "NN", "IN", "DT", "NNP", "."], "35": ["DT", "CD", "NN", "WP", "PRP", "RB", "VBD", "VBD", "DT", "NN", "IN", "PRP", "CC", "VBD", "PRP", "IN", "PRP", "IN", "DT", "."], "36": ["PRP", "RB", "VBP", "IN", "DT", "NN", "IN", "NNP", "WDT", "PRP", "VBD", "IN", "DT", "NN", "CD", "NNS", ",", "CC", "PRP", "VBP", "RB", "JJ", "IN", "DT", "NN", "MD", "VB", "TO", "VB", "TO", "VB", "DT", "."], "37": ["CC", "WRB", "PRP", "VBD", "RB", "RP", "IN", "DT", "NN", "DT", "JJ", "NN", "VB", "IN", "DT", "NN", "TO", "VB", "NN", "IN", "DT", "JJ", ",", "PRP", "MD", "RB", "VB", "VBN", ",", "CC", "VBD", "PRP", "IN", "DT", "WP", "PRP", "VBD", "VBN", "WRB", "PRP", "VBD", "."], "38": ["PRP", "VBD", "RB", "VBN", "IN", "NNP", "NNP", "NNP", "IN", ",", "WDT", "DT", "NNP", "VBZ", "IN", "DT", "JJ", ",", "CC", "NNS", "VBP", "VBZ", "DT", "VBN", "NN", "."], "39": ["NNP", "VBD", "DT", "JJ", "NN", "IN", "DT", "JJ", "NN", "NN", "IN", "POS", "NN", "NNP", "IN", "DT", ",", "WDT", "PRP", "VBD", "IN", "VBG", "VBN", "IN", "JJ", "NN", "CC", "NN", "NNP", ",", "WP", "VBD", "NNP", ",", "CC", "DT", "NN", "IN", "DT", ",", "WP", "VBD", "NN", "JJR", "IN", "NNP", "TO", "VB", "RP", "."], "40": ["IN", "DT", "JJ", "NN", "NNP", "NNP", "VBD", "DT", "NN", "WDT", "DT", "NN", "NN", "NNP", "NNP", "VBD", "NNP", "IN", "VBG", "IN", "DT", "NN", "JJ", "."], "41": ["NNP", "CC", "NNP", "VBP", "VBN", "DT", "NN", "IN", "VBG", "RP", "NNS", "IN", "NNS", ",", "VBG", "IN", ",", "DT", "NNP", "NNP", "CC", "NNP", "NNP", "VBP", "CC", "."], "42": ["VBP", "RB", "RB", "VBG", "DT", "JJ", "NN", "WDT", "PRP", "VBD", "JJ", "NNS", "RB", "IN", "JJ", "NN", "NN", "TO", "VB", "DT", "NN", "IN", "DT", "NNP", "NNP", "NNP", "IN", "NNP", "CD", "IN", "NNP", "NNP", "."], "43": ["IN", "DT", "NNS", "PRP", "VBP", "VBN", "IN", "NNP", "CC", "JJ", ",", "PRP", "VBP", "VBN", "IN", "IN", "IN", "DT", "NNP", ",", "PRP", "MD", "RB", "VB", "DT", "NN", "IN", "DT", "NNP", "WDT", "PRP", "MD", "VB", "JJ", "TO", "VB", "DT", "RB", "JJ", "NNS", "CC", "VB", "RP", "DT", "NNS", "IN", "DT", "NN", "IN", "DT", "NN", "DT", "NNS", "IN", "DT", "NN", "MD", "."], "44": ["WRB", "NNS", "VBP", "VBG", "VBG", "DT", "JJ", ",", "PRP", "MD", "VB", "VBG", "RB", "IN", "DT", ",", "CC", "IN", "DT", "NNS", "WDT", "DT", "NNS", ",", "WDT", "VBP", "RB", "JJR", ":", "JJ", "NNS", "IN", "."], "45": ["PRP", ",", "JJS", "NNS", "WDT", "PRP", "MD", "VB", "TO", "VB", "PRP$", "NN", "VB", "PRP", "PDT", "DT", "."], "46": ["RB", "DT", "VBP", "DT", "NN", "IN", "NN", "WDT", "PRP", "MD", "VB", "IN", "PRP$", "JJ", "CC", "RB", "IN", "PRP$", "JJ", ",", "IN", "PRP", "VBP", "VBN", "TO", "VB", ",", "VB", "RB", "."], "47": ["DT", "NN", "NN", "-RSB-", "JJ", ",", "PRP", ",", "NN", "WDT", "DT", "JJ", "NN", "CC", "NN", "IN", "NNP", "MD", ",", "CC", "DT", "JJ", "NN", "VBZ", "IN", ".", ":", "NNP", "NNP"], "48": ["IN", "DT", ",", "NNS", "IN", "DT", "NN", "VBP", "DT", "JJ", "NN", "IN", "JJ", "NN", "WDT", "MD", "VB", "RB", "."], "49": ["IN", "RB", "PRP", "VBP", "IN", "NNS", "WDT", "PRP", "RB", "."], "50": ["CC", "DT", "VBZ", ",", "NN", ",", "IN", "PRP", "VBD", "DT", "."], "51": ["PRP", "VBD", "RB", "IN", "DT", "NN", "IN", "NNP", "WDT", "PRP", "VBD", "IN", "PRP$", "NN", "CC", "IN", "PRP$", "NN", "CC", "PDT", "DT", "WP", "VBP", "NNS", "IN", "DT", "NN", "IN", "DT", "JJ", "CC", "VBG", ",", "DT", "NN", "IN", "NNP", "IN", "WDT", "PRP", ",", "RB", "IN", "DT", "NNP", "CC", "IN", "DT", ",", "CC", "IN", "DT", "."], "52": ["PRP", "VBP", "NNP", "IN", "NNP", "NNS", "IN", "NNP", "IN", "DT", "JJ", "CC", "JJ", "NN", "IN", "NN", "CC", "VBG", "WDT", "PRP", "VBP", "VBG", "."], "53": ["DT", "NN", "IN", "JJ", "NN", "WDT", "NNP", "VBZ", "IN", "NN", "VBZ", "DT", "NN", "IN", "JJ", "NNS", "VBP", "IN", "JJ", "NNS", "IN", "DT", "NN", "TO", ",", "IN", "VBG", "VBZ", "JJ", "VBZ", "JJ", "IN", "IN", "NN", "VBZ", "CC", "VBZ", "IN", "VBG", "VBZ", "."], "54": ["PRP", "VBD", "TO", "VB", "DT", "RP", "IN", "PRP", "NNS", "IN", "PRP", "NNS", "VBP", "VBN", "VBG", "IN", "NN", "NNS", "IN", "DT", ",", "RB", "VBP", "RB", "JJ", "TO", "RB", "VB", "JJ", "NN", "NNS", "WDT", "PRP", ",", ",", "PRP", ",", "JJ", "IN", "PRP", "."], "55": ["DT", "NN", "IN", "DT", "NN", "VBD", "JJ", "RB", "RB", "TO", "VB", "PRP", "IN", ",", "CC", "RB", "VBD", "PRP", "CD", "NNS", "WDT", "PRP", "RB", "VBP", "NN", ",", "NNP", "IN", "NNP", "''", "CC", "NNP", "IN", "NNP", "."], "56": [",", "VBN", "IN", ",", "PRP", "VBP", "JJ", "NNS", "WDT", ",", ",", ",", "RB", "IN", "NNS", ",", ",", "."], "57": ["PRP", ":", "DT", "VBD", "RB", "IN", "DT", "JJ", "NN", ",", "PRP", "VBD", "IN", ":", "IN", "DT", ",", "RB", "PRP", "VBD", "RB", "NN", "IN", "."], "58": ["CC", "DT", "NN", "HYPH", "NN", "VBZ", ",", "CC", "NN", "VBZ", "RB", "IN", ",", "DT", "NN", "WDT", "PRP", "MD", "VB", "CC", "VB", "CC", "NNS", "MD", "VB", "."], "59": ["NN", "WDT", "PRP", "VBP", "TO", "VB", "RP", "CC", "VBZ", "CD", "NNS", "TO", "VB", ",", "VB", "."], "60": ["VBZ", ",", "CC", "VBZ", "NN", "CC", "NN", "CC", ",", "CC", "NN", "CC", "NNS", "IN", "DT", "WDT", "PRP", "VBP", "TO", "."], "61": ["CD", "NN", "WDT", "PRP", "MD", "VB", ",", "VBZ", "IN", "IN", "DT", ",", "DT", "NN", "IN", "WP", "PRP", "VBP", "VBG", "VBZ", "RB", "."], "62": ["IN", "DT", "JJ", "NN", "WDT", "NNP", "VBZ", "IN", "PRP$", "NN", "WDT", "MD", "RB", "VB", "RB", "."], "63": ["IN", "PRP", "VBP", "DT", "NN", "NN", "WDT", "PRP", "RB", ",", "WRB", "RB", "VB", "DT", "NN", "IN", "NN", "WP", "VBZ", "CC", "VBZ", "DT", "."], "64": ["CC", "WRB", "DT", "NN", "VBD", "RB", "IN", "DT", "NN", "CC", "DT", "JJ", "NN", "VBD", "IN", "DT", "JJ", ",", "PRP", "VBD", "IN", "DT", "JJ", "JJ", "NNS", "WDT", "DT", "NNS", "RB", ",", "CC", "JJ", "NNS", "JJ", "IN", "NNS", "IN", "JJ", "."], "65": ["IN", "PRP$", "JJ", "''", "VBZ", "NN", "WDT", "RB", "VB", "VBN", "IN", "CD", ",", "VB", "DT", "NN", "IN", "JJ", "NNS", "IN", "PRP", "WDT", "PRP", "MD", "VB", "."], "66": ["IN", "DT", "JJS", ",", "JJ", "NNS", "VBP", "NNS", "WDT", "PRP", "RB", "VB", "IN", "NNS", "IN", "PRP$", "JJ", "JJ", "."], "67": ["PRP", "VBD", "RB", "VBN", "IN", "RB", "CD", "SYM", ",", "WRB", "PRP", "VBD", "VBN", "IN", "NNP", "IN", "PRP$", "NN", "NNP", "IN", "NNP", "WP", "MD", "CC", "MD", "RB", "VB", "VBN", "DT", "JJ", "NNP", "WP", "NNP", "VBZ", "IN", "PRP$", "NN", "WP", "VBD", "TO", "VB", "IN", "DT", "NN", "IN", "DT", "NN", "IN", "DT", "-RRB-", "TO", "VB", "JJ", "CC", "JJ", "."], "68": ["DT", "NNS", "IN", "PRP", "VBD", "IN", "DT", "JJ", "JJ", ",", "CC", "PDT", "DT", "NN", "IN", "NN", "WDT", "PRP", "MD", "VB", "IN", "RB", "VBD", "DT", "RB", "JJ", "NN", "WDT", "VBD", "DT", "VBG", "NN", "IN", "PRP$", "JJ", "."], "69": ["DT", "VBZ", "DT", "NN", "IN", ",", "JJ", "JJ", "NN", "WDT", "NNP", "NNP", "VBZ", "."], "70": ["DT", "NNP", "VBZ", "VBN", "DT", "NN", "IN", "VBG", "DT", "NNS", "VB", "DT", "NNP", "CC", "NN", "IN", "PRP$", "NN", ",", "WDT", "VBZ", "RB", "VB", ",", "CC", "IN", "DT", "NN", "IN", "NN", "IN", "NNPS", "WDT", "NNS", "VBP", "IN", "VBG", "PRP", "NN", "IN", "DT", "JJ", "."], "71": ["IN", "PRP", "VBD", "RP", "WP", "PRP", ",", "PRP", "VBD", "DT", "NN", "IN", "NN", "NN", ",", "WDT", "MD", "VB", "JJ", "CC", "NN", "VBG", "VBN", "DT", "JJ", "NNS", "WDT", "NNS", "VBP", "IN", "NNS", "IN", ",", "NN", ",", "."], "72": ["DT", "NN", "WDT", "DT", "NN", "CC", "NN", "NN", "VBZ", "RB", "VB", "RB", "IN", "DT", ",", "RB", "DT", "NN", "IN", "."], "73": ["PRP", "VBP", "VBN", ",", "WP", "PRP", ",", "PRP", "VBP", ":", "VBP", "JJ", ":", "RB", "IN", "DT", ",", "NNS", "CC", "NNS", "IN", "JJ", "."], "74": ["NNP", "VBD", "DT", "NN", "IN", "DT", "NN", "IN", "DT", "NN", "IN", "DT", "CD", "NN", ",", ",", "VBZ", "JJ", ",", "PRP", ",", "NN", "WDT", "DT", "JJ", "NN", "CC", "NN", "IN", "NNP", "MD", ",", "CC", "DT", "JJ", "NN", "VBZ", "IN", "''"], "75": ["PRP", "VBD", "DT", ",", "CC", "PRP", "VBP", "DT", "JJ", "NN", "IN", ",", "CC", "PRP", "VBP", "DT", "JJ", ",", "WDT", "PRP", "VBP", "DT", ",", "CC", "PRP", "VBZ", "IN", "."], "76": ["PRP", "VBD", "DT", "NN", "IN", "DT", "NNP", "IN", "NNP", "CC", "JJ", "NNS", "IN", "DT", "NNP", "NN", "IN", "DT", "JJ", "NN", "IN", "DT", "NN", "WDT", "NNP", "VBZ", "VBN", "VBG", "IN", "RB", "CD", ",", "IN", "DT", "JJ", "NNS", "IN", "NNS", "JJ", "IN", ",", "WDT", "VBD", "JJ", "NN", "NNS", "IN", "."], "77": ["CD", "JJ", "NN", "IN", "VBN", "NN", "VBZ", "JJ", "IN", "NN", "DT", "JJ", "NNS", "WDT", "NNS", "VBP", "IN", "NN", "IN", "PRP$", "-RRB-"], "78": [",", "VBG", "NN", "VB", "IN", "DT", "NN", "VBZ", "RP", "DT", "NN", "IN", "PRP$", ",", "NN", "CC", "NN", "WDT", "VBG", "CC", "VBG", "IN", "NN", "MD", "."], "79": ["CC", ":", "CC", ",", "PRP", ",", "PRP", ",", "PRP", "VBP", ",", "CD", "IN", "DT", "NNS", "IN", "VBZ", "VBN", "DT", "NN", "VBZ", ",", ",", "NN", "VBD", "DT", "JJ", "NN", "IN", "DT", "JJS", "NN", "WDT", "PRP", ",", "CC", "VBD", "RB", "VBG", "DT", "JJ", "NN", "VB", "DT", ":", "VB", "DT", "."], "80": ["DT", "NNP", "CC", "NNP", "NN", "VBD", "NN", "NNS", "RB", "IN", "NNP", "NNP", "CC", "PRP$", "NNS", "VBD", "TO", "RB", "VB", "CC", "PRP", "VB", "DT", "NN", "IN", "JJ", "NN", "NNS", "VBG", "IN", "DT", "JJ", "."], "81": ["DT", "NNS", "VBP", "IN", "IN", "CD", "CC", "CD", "CD", "NNS", ",", "DT", "NN", "NN", "VBD", "IN", "NNP", "CC", "NNP", "NNP", "WDT", "PRP", "RB", "VBP", "."], "82": ["DT", "NN", "VBZ", "RBR", "JJ", "IN", "PRP", "VBP", "DT", "NN", "IN", "DT", "NN", "WDT", "PRP", "VBD", "IN", "DT", "."], "83": ["IN", "DT", "JJ", "NN", "NN", "VBZ", "CD", "NN", "CC", "PRP$", "NNS", "VBP", "DT", ",", "RB", ",", "VBP", "VBG", "TO", "VB", "DT", "NN", "WDT", "PRP", "VBD", ",", "RB", "IN", "VBZ", "DT", "JJR", "JJ", "."], "84": ["PRP", ",", "RB", "IN", ",", "IN", "PRP", "VBD", "IN", "NNP", "WRB", "NN", "VBD", "JJ", "IN", "DT", "WP", "VBD", "JJ", "CC", "JJ", "TO", ",", "WRB", "DT", "NN", "IN", "JJ", "NNS", "CC", "NNS", "MD", "VB", ",", "CC", "WRB", "JJR", "JJ", "NN", "MD", "VB", "DT", "JJ", "NNS", "CC", "DT", "JJ", "NNS", "WDT", "PRP$", "VBG", "NN", "."], "85": ["PRP", "VBP", "CD", "IN", "PRP$", "NNS", "WDT", "PRP", "VBD", "VBN", "IN", ",", "IN", "PRP", "VBP", "JJ", "NNS", "RB", "VB", "''", ",", "PRP", "VBD", "WP", "DT", "NN", "IN", "PRP", "VBD", "."], "86": ["DT", "NN", "WDT", "NNP", "CC", "PRP$", "NNS", "VBP", "VBG", "TO", "VB", "DT", "NN", "VBZ", "RB", "JJ", ",", "VBN", "PRP$", "NN", "IN", ",", "PRP", "VBP", "DT", "JJ", "NN", "IN", "WP", "PRP", "MD", "VB", ",", "CC", "WP", "PRP", "RB", "VB", "."], "87": [",", "PRP", "VBD", "TO", "VB", "PRP$", ",", "IN", ",", "PRP", "VBD", "VBN", "IN", "PRP", "MD", "VB", "DT", "NN", "IN", "DT", "JJ", ",", "IN", "PRP", "VBD", ":"], "88": ["RB", "RB", "IN", "PRP", "VBD", "IN", "DT", "NN", "PRP$", "NN", "VBD", "RB", "RB", "RB", "CC", "PRP", "VBD", "VBG", "PRP$", "NNS", "RB", "IN", "PRP", "VBD", "DT", "NN", "VBD", "NN", "WDT", "RB", "PRP", "MD", ",", "CC", "PRP", "VBP", "IN", "PRP", "VBZ", "IN", "VBP", "VBN", "VBG", "PRP$", "NN", "RB", "PRP", "VBP", "PRP$", "."], "89": ["CC", "PRP", "MD", "VB", "DT", "NN", "DT", "JJ", "NN", "NN", "TO", "VB", "DT", ",", "VB", "DT", "NN", "CC", "NN", "TO", "VB", "DT", ",", "JJR", "NN", "IN", "NN", "NN", "CC", "NNS", "WDT", "PRP", "."], "90": ["NNS", "WP", "VBP", "NN", "VBP", "VBG", "IN", "NNS", "TO", "VB", "WRB", "PRP", ",", ",", "CC", "VBP", "PRP$", "JJ", "JJ", "NNS", "IN", "VBG", "JJ", "IN", "DT", "IN", "DT", "JJ", "NN", "WDT", "PRP$", "NNS", "VBP", "VBG", "IN", ",", ",", "."], "91": ["NNP", "NNP", "RB", "VBD", "DT", "JJ", "NNS", "IN", "POS", "NN", "NNP", "IN", "PRP$", "JJ", "NN", "NNP", "WDT", "PRP", "VBD", "IN", "IN", "."], "92": ["VBZ", "RB", "JJ", "NN", "WDT", "PRP", "MD", "RB", "."], "93": ["CD", "IN", "PRP", "VBZ", "DT", "NNS", "WDT", "NNP", "IN", "DT", "NN", "NNS", "NN", "IN", "DT", "NNP", "NNP", "MD", "VB", "TO", "VB", "DT", "NNP", "NNPS", "."], "94": ["PRP", "VBP", "IN", "CD", "NNS", "VBZ", "NN", "IN", "DT", "NN", "WDT", "VBP", "VBN", "RB", "."], "95": ["DT", "JJ", "NN", "WDT", "PRP", "VBP", "RB", "MD", "VB", "DT", "NN", "IN", "NN", "IN", "DT", "JJ", "NN", "NNS", "VBZ", "RB", "TO", "VB", "."]}