{"0": [[0], [1], [2], [3], [4], [5], [6], [7], [8], [9], [10], [11], [12], [13], [14], [15], [16], [17], [18], [19], [20], [21, 22], [23], [24], [25], [26], [27], [28], [29], [30], [31], [32], [33], [34], [35], [36], [37], [38], [39], [40], [41], [42], [43, 44], [45], [46], [47], [48], [49], [50], [51], [52], [53], [54], [55], [56], [57], [58], [59], [60], [61], [62], [63], [64], [65], [66], [67], [68], [69], [70], [71], [72], [73], [74], [75], [76], [77]], "1": [[0], [1], [2], [3], [4], [5], [6], [7], [8], [9], [10], [11], [12], [13], [14], [15], [16], [17], [18], [19], [20], [21], [22], [23], [24], [25, 26], [27], [28], [29], [30], [31], [32], [33], [34], [35], [36], [37], [38], [39], [40], [41], [42], [43], [44], [45], [46], [47], [48]], "2": [[0], [1], [2], [3], [4], [5], [6], [7], [8], [9, 10], [11], [12, 13], [14], [15], [16], [17], [18], [19, 20, 21, 22], [23], [24], [25], [26], [27], [28], [29], [30], [31], [32], [33], [34]], "3": [[0], [1], [2], [3], [4], [5], [6], [7], [8], [9], [10], [11], [12], [13], [14], [15], [16], [17], [18], [19], [20], [21], [22], [23], [24], [25], [26], [27]], "4": [[0], [1], [2], [3], [4], [5], [6], [7], [8], [9], [10], [11], [12], [13], [14], [15], [16], [17], [18], [19]], "5": [[0], [1], [2], [3], [4], [5], [6], [7], [8], [9], [10], [11], [12], [13], [14], [15], [16], [17], [18], [19], [20], [21], [22], [23], [24], [25], [26], [27, 28], [29], [30], [31], [32], [33], [34], [35], [36], [37], [38]], "6": [[0], [1], [2], [3], [4], [5], [6, 7], [8], [9], [10], [11], [12], [13], [14], [15], [16], [17], [18], [19], [20], [21, 22, 23, 24], [25], [26, 27, 28, 29], [30], [31], [32], [33]], "7": [[0], [1], [2], [3], [4], [5], [6], [7], [8], [9], [10], [11], [12], [13], [14], [15, 16], [17], [18], [19], [20], [21], [22], [23], [24], [25], [26], [27], [28], [29], [30], [31], [32], [33], [34], [35], [36], [37], [38]], "8": [[0], [1], [2], [3], [4, 5], [6]], "9": [[0], [1], [2], [3], [4], [5], [6], [7], [8], [9], [10], [11], [12], [13], [14], [15], [16], [17], [18], [19], [20], [21], [22]], "10": [[0], [1, 2], [3], [4], [5], [6], [7], [8], [9], [10], [11], [12], [13]], "11": [[0], [1], [2], [3], [4, 5, 6], [7], [8], [9], [10], [11], [12], [13], [14], [15], [16], [17], [18], [19], [20], [21], [22], [23], [24, 25], [26], [27, 28, 29], [30], [31, 32, 33], [34], [35], [36], [37], [38], [39], [40, 41], [42], [43, 44, 45, 46, 47, 48, 49], [50], [51], [52], [53], [54], [55], [56], [57], [58]], "12": [[0], [1], [2], [3], [4], [5], [6], [7], [8], [9], [10], [11], [12, 13, 14, 15], [16], [17], [18], [19, 20], [21], [22], [23], [24], [25], [26], [27], [28, 29, 30, 31, 32, 33, 34, 35, 36], [37], [38], [39], [40]], "13": [[0], [1], [2], [3], [4], [5], [6], [7], [8], [9], [10], [11], [12, 13], [14]], "14": [[0], [1], [2], [3], [4], [5], [6], [7], [8], [9], [10, 11], [12], [13], [14], [15], [16], [17], [18], [19], [20], [21], [22], [23], [24], [25], [26], [27], [28], [29], [30], [31], [32], [33]], "15": [[0], [1], [2, 3], [4], [5, 6], [7], [8], [9], [10], [11], [12], [13], [14], [15], [16], [17], [18], [19], [20], [21], [22], [23], [24], [25], [26], [27], [28], [29], [30], [31], [32], [33], [34], [35], [36], [37], [38], [39], [40], [41], [42], [43], [44], [45], [46], [47], [48], [49], [50], [51], [52], [53], [54], [55], [56], [57], [58]], "16": [[0], [1], [2], [3], [4], [5], [6], [7], [8], [9], [10, 11], [12], [13], [14], [15], [16], [17], [18], [19], [20]], "17": [[0], [1], [2], [3], [4], [5], [6], [7], [8], [9], [10], [11], [12], [13], [14], [15], [16], [17], [18], [19], [20], [21], [22], [23], [24], [25], [26]], "18": [[0], [1], [2], [3], [4], [5], [6], [7], [8], [9], [10], [11], [12], [13], [14], [15], [16, 17], [18], [19], [20], [21]], "19": [[0], [1], [2], [3], [4], [5], [6], [7], [8], [9], [10], [11], [12], [13], [14], [15], [16], [17], [18], [19], [20], [21], [22]], "20": [[0], [1], [2], [3], [4], [5], [6], [7], [8, 9], [10], [11, 12, 13], [14], [15, 16], [17], [18], [19], [20], [21], [22], [23], [24], [25], [26]], "21": [[0], [1], [2], [3], [4], [5], [6], [7], [8], [9], [10], [11], [12], [13, 14], [15], [16], [17], [18], [19], [20], [21], [22], [23, 24], [25], [26], [27], [28], [29, 30, 31, 32, 33]], "22": [[0], [1], [2], [3], [4], [5], [6], [7], [8], [9], [10], [11], [12]], "23": [[0], [1], [2], [3], [4], [5], [6], [7], [8], [9], [10], [11], [12], [13], [14], [15], [16], [17], [18], [19], [20], [21], [22], [23], [24], [25], [26], [27], [28], [29], [30], [31], [32], [33], [34, 35], [36], [37], [38], [39], [40], [41], [42], [43], [44], [45], [46], [47], [48], [49], [50], [51]], "24": [[0], [1], [2], [3], [4], [5], [6], [7], [8], [9], [10], [11], [12], [13], [14], [15], [16], [17], [18], [19], [20], [21], [22], [23], [24], [25], [26], [27], [28], [29], [30], [31], [32], [33], [34], [35], [36], [37], [38], [39], [40], [41], [42], [43], [44], [45], [46], [47], [48], [49], [50], [51], [52], [53], [54], [55]], "25": [[0], [1], [2], [3], [4], [5], [6], [7], [8], [9], [10], [11], [12], [13], [14], [15, 16, 17], [18], [19], [20], [21], [22], [23, 24, 25, 26], [27], [28], [29, 30], [31], [32], [33], [34], [35], [36], [37], [38], [39], [40], [41], [42], [43], [44], [45], [46], [47], [48], [49], [50], [51], [52], [53], [54], [55, 56]], "26": [[0], [1], [2], [3], [4], [5], [6], [7], [8, 9], [10], [11], [12], [13], [14], [15], [16], [17], [18, 19, 20], [21], [22, 23, 24, 25, 26, 27]], "27": [[0], [1], [2], [3], [4], [5], [6], [7], [8], [9], [10], [11], [12], [13], [14], [15], [16]], "28": [[0], [1], [2], [3], [4], [5], [6], [7], [8], [9], [10], [11], [12], [13], [14], [15], [16], [17], [18], [19], [20], [21], [22], [23], [24], [25], [26], [27], [28], [29], [30], [31], [32]], "29": [[0], [1], [2], [3], [4], [5], [6, 7], [8], [9], [10], [11], [12], [13], [14], [15], [16], [17], [18], [19], [20], [21], [22], [23], [24]], "30": [[0], [1], [2], [3], [4], [5], [6], [7], [8, 9, 10], [11], [12], [13], [14], [15], [16], [17], [18], [19], [20], [21], [22], [23], [24], [25]], "31": [[0], [1], [2], [3], [4], [5], [6], [7], [8], [9], [10], [11], [12], [13], [14], [15], [16], [17], [18], [19], [20], [21], [22, 23], [24], [25], [26], [27]], "32": [[0], [1, 2], [3], [4], [5], [6], [7], [8], [9], [10], [11, 12], [13], [14], [15], [16], [17], [18], [19], [20], [21], [22], [23], [24], [25], [26], [27], [28], [29], [30], [31], [32], [33], [34], [35]], "33": [[0], [1], [2], [3], [4], [5, 6], [7], [8], [9], [10], [11], [12], [13], [14], [15], [16], [17], [18], [19], [20], [21], [22], [23], [24], [25], [26], [27], [28], [29], [30], [31], [32], [33], [34, 35], [36], [37], [38], [39], [40], [41], [42], [43], [44], [45], [46], [47], [48], [49], [50], [51], [52]], "34": [[0], [1], [2], [3], [4], [5], [6], [7], [8], [9], [10], [11]], "35": [[0, 1], [2], [3], [4], [5], [6], [7], [8], [9], [10], [11], [12], [13], [14], [15], [16], [17], [18], [19], [20], [21], [22], [23], [24], [25], [26], [27], [28], [29], [30], [31], [32], [33], [34], [35], [36]], "36": [[0], [1], [2, 3, 4, 5], [6], [7], [8, 9, 10], [11], [12], [13], [14], [15], [16], [17], [18], [19], [20], [21], [22], [23], [24], [25], [26], [27], [28], [29], [30], [31]], "37": [[0], [1], [2], [3], [4, 5, 6], [7], [8], [9], [10], [11], [12], [13], [14], [15], [16], [17], [18], [19], [20], [21], [22], [23], [24], [25], [26], [27], [28], [29, 30], [31], [32], [33], [34], [35], [36], [37], [38], [39], [40], [41], [42], [43], [44], [45], [46], [47], [48], [49], [50]], "38": [[0], [1], [2], [3], [4], [5], [6], [7], [8], [9], [10], [11], [12], [13], [14], [15], [16], [17], [18], [19], [20], [21], [22], [23], [24], [25], [26], [27], [28], [29], [30], [31], [32], [33], [34], [35], [36], [37], [38], [39], [40, 41, 42]], "39": [[0], [1], [2], [3], [4], [5], [6], [7], [8], [9], [10], [11, 12], [13], [14], [15], [16], [17, 18], [19], [20], [21], [22], [23], [24], [25], [26], [27], [28], [29], [30], [31], [32]], "40": [[0], [1], [2], [3], [4], [5], [6], [7], [8], [9], [10], [11], [12], [13], [14], [15], [16], [17], [18], [19], [20], [21], [22], [23], [24], [25], [26], [27]], "41": [[0], [1], [2], [3], [4], [5], [6], [7], [8], [9], [10], [11], [12], [13], [14], [15], [16], [17], [18], [19], [20], [21], [22], [23], [24], [25], [26], [27]], "42": [[0], [1], [2], [3], [4], [5], [6], [7], [8], [9], [10], [11], [12], [13], [14], [15], [16], [17], [18], [19]], "43": [[0], [1], [2], [3], [4], [5], [6], [7], [8], [9], [10], [11], [12], [13], [14], [15], [16], [17], [18], [19], [20], [21], [22], [23], [24], [25], [26], [27], [28], [29], [30], [31], [32], [33]], "44": [[0], [1], [2], [3, 4], [5], [6], [7], [8], [9], [10], [11], [12], [13], [14], [15], [16], [17]], "45": [[0], [1], [2], [3], [4], [5], [6], [7], [8], [9], [10], [11], [12, 13], [14], [15], [16], [17], [18], [19], [20, 21], [22], [23], [24], [25], [26], [27], [28], [29], [30], [31], [32], [33], [34], [35], [36], [37], [38], [39]], "46": [[0], [1], [2], [3], [4], [5], [6], [7], [8], [9], [10], [11], [12], [13], [14], [15], [16], [17, 18], [19], [20], [21], [22], [23], [24], [25], [26], [27], [28], [29], [30], [31], [32], [33], [34], [35], [36, 37], [38], [39], [40], [41], [42]], "47": [[0, 1], [2], [3], [4], [5], [6], [7], [8], [9], [10], [11], [12], [13], [14], [15], [16], [17], [18], [19], [20], [21], [22], [23], [24]], "48": [[0], [1], [2], [3], [4], [5], [6], [7], [8], [9], [10], [11], [12], [13], [14], [15], [16], [17], [18], [19], [20], [21], [22], [23], [24], [25], [26], [27], [28], [29], [30], [31], [32], [33], [34], [35], [36]], "49": [[0], [1], [2, 3], [4], [5], [6], [7], [8], [9], [10], [11], [12], [13], [14], [15, 16, 17], [18], [19], [20], [21], [22], [23], [24], [25], [26], [27], [28], [29], [30], [31], [32], [33], [34], [35], [36], [37], [38], [39], [40, 41, 42], [43], [44], [45], [46], [47], [48], [49], [50], [51], [52], [53], [54], [55], [56], [57], [58], [59], [60], [61], [62], [63], [64]], "50": [[0], [1], [2], [3], [4], [5], [6, 7], [8], [9], [10], [11], [12], [13], [14], [15], [16], [17], [18], [19], [20, 21], [22], [23], [24], [25]], "51": [[0], [1], [2], [3], [4], [5], [6], [7], [8], [9], [10], [11]], "52": [[0], [1], [2], [3], [4], [5], [6], [7], [8], [9], [10], [11], [12], [13], [14], [15], [16], [17], [18], [19], [20]], "53": [[0], [1], [2], [3], [4], [5], [6], [7], [8], [9], [10], [11], [12], [13], [14], [15], [16], [17], [18]], "54": [[0], [1], [2], [3], [4], [5], [6], [7], [8], [9], [10], [11], [12], [13], [14], [15], [16], [17], [18], [19], [20], [21], [22], [23], [24], [25], [26], [27], [28]], "55": [[0], [1], [2], [3], [4], [5], [6], [7], [8], [9], [10], [11], [12], [13], [14], [15], [16], [17], [18], [19], [20], [21], [22], [23], [24], [25], [26], [27], [28], [29], [30], [31], [32], [33], [34], [35], [36], [37], [38]], "56": [[0], [1], [2], [3], [4], [5], [6], [7], [8], [9], [10, 11], [12], [13], [14, 15], [16], [17], [18], [19], [20, 21], [22], [23], [24], [25], [26]], "57": [[0], [1], [2], [3], [4], [5], [6], [7], [8], [9], [10], [11], [12], [13], [14], [15], [16], [17], [18], [19], [20], [21], [22], [23], [24], [25], [26], [27], [28], [29], [30], [31], [32, 33], [34], [35], [36], [37], [38], [39], [40], [41], [42], [43], [44], [45]], "58": [[0], [1], [2], [3], [4], [5], [6], [7], [8], [9], [10], [11], [12], [13], [14], [15], [16], [17], [18], [19], [20], [21], [22], [23], [24], [25], [26], [27], [28], [29], [30], [31], [32], [33], [34], [35], [36]], "59": [[0], [1], [2], [3], [4], [5], [6], [7], [8], [9], [10], [11], [12], [13], [14], [15], [16], [17], [18], [19], [20], [21], [22], [23], [24], [25], [26], [27], [28]], "60": [[0], [1], [2], [3], [4], [5], [6], [7], [8], [9], [10], [11]], "61": [[0], [1], [2], [3], [4], [5], [6], [7], [8], [9], [10], [11], [12], [13], [14], [15], [16], [17], [18], [19], [20], [21], [22], [23], [24], [25], [26], [27], [28]], "62": [[0], [1], [2], [3], [4], [5], [6], [7], [8], [9], [10], [11], [12], [13], [14], [15], [16], [17], [18], [19], [20], [21], [22], [23], [24], [25], [26], [27], [28], [29, 30, 31], [32], [33], [34], [35], [36], [37], [38], [39], [40], [41], [42]], "63": [[0], [1], [2], [3], [4], [5], [6], [7], [8], [9], [10], [11], [12], [13], [14], [15], [16], [17], [18], [19], [20], [21, 22], [23], [24], [25], [26], [27], [28], [29, 30], [31], [32], [33], [34], [35], [36], [37], [38], [39], [40], [41], [42], [43], [44], [45], [46, 47], [48, 49, 50, 51], [52], [53], [54], [55], [56, 57]], "64": [[0], [1], [2], [3], [4], [5], [6], [7], [8], [9], [10], [11], [12], [13], [14], [15], [16], [17], [18], [19], [20], [21], [22], [23], [24], [25], [26], [27], [28], [29], [30], [31], [32], [33], [34], [35]], "65": [[0], [1], [2], [3], [4], [5], [6], [7], [8], [9], [10], [11], [12], [13], [14], [15], [16], [17], [18], [19], [20]], "66": [[0], [1, 2], [3], [4], [5], [6], [7], [8], [9], [10], [11], [12], [13]], "67": [[0], [1], [2], [3], [4], [5], [6], [7], [8], [9], [10], [11], [12], [13], [14], [15], [16], [17], [18], [19], [20], [21], [22], [23], [24], [25], [26], [27], [28, 29], [30], [31], [32], [33], [34], [35, 36], [37], [38], [39, 40], [41], [42], [43], [44], [45], [46], [47], [48], [49], [50], [51], [52], [53], [54], [55], [56], [57], [58, 59], [60], [61], [62], [63], [64], [65], [66]], "68": [[0], [1], [2], [3], [4], [5], [6], [7], [8], [9], [10], [11], [12], [13], [14], [15], [16], [17], [18], [19], [20], [21], [22], [23]]}