{"0": [], "1": [], "2": [[[12], [22]]], "3": [], "4": [[[18, 19, 20], [38]]], "5": [[[0], [8]]], "6": [], "7": [], "8": [], "9": [[[3, 4, 5, 6, 7, 8, 9, 10, 11, 12, 13, 14, 15, 16, 17, 18, 19, 20, 21, 22, 23, 24, 25, 26, 27, 28, 29, 30, 31, 32, 33, 34, 35, 36, 37, 38, 39, 40, 41, 42, 43, 44, 45, 46, 47, 48, 49, 50, 51, 52, 53, 54, 55, 56, 57, 58, 59, 60, 61, 62, 63, 64], [10]], [[29, 30, 31, 32, 33, 34, 35, 36], [40], [59]]], "10": [[[1, 2], [4], [10]]], "11": [[[8, 9], [31]]], "12": [], "13": [[[6], [13]]], "14": [[[19, 20, 21, 22, 23, 24, 25], [28]]], "15": [], "16": [], "17": [[[3], [6]], [[9], [26]]], "18": [[[3], [9], [13]]], "19": [[[5, 6], [12]]], "20": [[[8, 9, 10, 11], [15]]], "21": [], "22": [], "23": [], "24": [[[33, 34, 35, 36, 37], [52]]], "25": [[[5, 6, 7, 8], [11]]], "26": [], "27": [[[9, 10, 11], [24]]], "28": [], "29": [[[9], [18]]], "30": [], "31": [[[29], [36]]], "32": [[[28], [33]]], "33": [], "34": [[[6, 7, 8, 9, 10, 11, 12, 13, 14, 15, 16, 17, 18, 19, 20, 21, 22, 23, 24, 25, 26, 27, 28, 29, 30, 31, 32, 33, 34, 35, 36, 37, 38, 39, 40, 41], [14]]], "35": [], "36": [], "37": [], "38": [[[20], [22]]], "39": [], "40": [], "41": [[[2, 3, 4, 5], [10]]], "42": [[[8], [14]]], "43": [], "44": [], "45": [[[0], [10], [16]], [[32], [35]]], "46": [], "47": [[[9], [13]]], "48": [], "49": [], "50": [], "51": [], "52": [], "53": [[[0], [6]]], "54": [], "55": [], "56": [[[12], [18], [20]]], "57": [], "58": [[[5], [16], [28], [32]]], "59": [], "60": [[[4], [16]]], "61": [], "62": [], "63": [], "64": [], "65": [], "66": []}