{"0": ["VBZ", "EX", "NN", "JJ", "IN", "DT", "NNP", "WRB", "PRP", "RB", "VBP", "DT", "NN", "CC", "."], "1": ["NNS", "VBP", "VBN", "IN", "PRP$", "JJ", "NN", "PRP", "MD", "VB", "JJR", "IN", "JJ", "NN", "IN", "DT", "JJR", "-RRB-", "CC", "VBP", "JJ", "IN", "DT", "NN", "IN", "PRP$", ",", ",", "CD", "IN", "DT", "JJS", "NNS", "TO", "VB", "NNS", "VBZ", "IN", "DT", ",", "WRB", "PRP", "VBP", "VBN", "."], "2": ["NNP", "VBD", "CD", "NNS", "IN", "DT", "NNP", "NNP", "VBN", "IN", ",", "WRB", "PRP", "VBD", "VBN", "JJ", "NNS", "IN", "NN", "NN", "CC", "VBD", "PRP", ".", "-RSB-"], "3": ["NN", "VBD", "VBN", "IN", "DT", "JJ", "''", "JJ", "-RRB-", "IN", "DT", ",", "WRB", "CD", "NNPS", "NN", "VBD", "VBN", "IN", "PRP$", "NN", "."], "4": ["DT", "JJ", "NN", "IN", "DT", "JJ", "NNS", "VBZ", "IN", "DT", "NN", "IN", "JJ", "NN", "VBD", "DT", "NNP", "NNP", "NNP", "NNP", ",", "-RSB-", "DT", "NN", "IN", "DT", "NN", "IN", "DT", "NN", "WRB", "NNP", "VBD", "IN", "DT", "JJ", "NNS", "IN", "PRP$", "."], "5": ["NNS", "VBD", "RP", "IN", "DT", "NN", "NN", "WRB", "PRP", "MD", "RB", "RBR", "VB", "CC", "VBD", "CC", "VBD", "IN", "NN", "IN", "DT", ",", "VBG", "CC", "VBG", "IN", "DT", "JJ", "."], "6": ["DT", "NN", "IN", "POS", "RBS", "JJ", "NN", "VBD", "IN", "NNP", ",", "IN", "DT", "NN", "WRB", "NNS", "VBP", "VBN", "IN", "DT", "NN", "TO", "VB", "DT", "NN", "IN", "NNP", "IN", "NN", "IN", "DT", "JJ", "NNS", "IN", "DT", "."], "7": ["DT", "VBZ", "PRP", "RB", "JJR", "TO", "VB", "NNS", "IN", "IN", "NNS", "WRB", "NNS", "VBP", "DT", "WDT", "."], "8": ["PRP", "VBP", "TO", "VB", "DT", "JJ", "NN", "IN", "JJ", "NNP", "WRB", "DT", "PRP$", "NNS", "MD", "."], "9": ["PRP", "VBP", "VBN", "NNS", "IN", "DT", "NNP", "NNP", "WP", "VBP", "PRP$", "NNS", "VBG", "VBN", "RP", "IN", "VBG", ",", "JJ", "NNS", "IN", "DT", "NNP", "NNP", "VBG", "IN", "DT", "NN", "IN", "NN", "CC", ",", "NNP", "NNS", "IN", "NNP", "NNP", "VBG", "TO", "VB", "PRP$", ",", "NNS", "VBG", "NN", "CC", ",", "NNS", "IN", "DT", "NNS", "CC", "NNS", "WP", "VBP", "RB", "IN", "IN", "WP", "PRP", ",", "CC", "RB", "JJ", "."], "10": ["DT", ",", "NNP", "VBD", "PRP$", "NN", "IN", "NNP", ",", "WRB", "PRP", "VBD", "IN", "PRP$", "JJ", "NN", "."], "11": ["VBN", "IN", "NNP", "IN", "NN", "IN", ",", "NNP", ",", "NNP", "VBD", "IN", "DT", "NNP", "NNP", "IN", "DT", "NNP", "NNP", "NNP", "IN", "CD", "TO", "VB", "NN", "CC", "NN", "IN", "NNP", ",", "WRB", "PRP", "VBD", "DT", "NN", "CC", "JJ", "NN", "IN", "NNP", ",", "DT", "NN", "IN", "DT", "NNP", "NNP", "."], "12": ["CC", "RB", "PRP", "VBD", "TO", "VB", "JJ", "TO", "VB", "IN", "PRP", "IN", "DT", "NN", ",", "WRB", "JJS", "IN", "DT", "NNS", "VBD", "."], "13": ["VBZ", "DT", "NN", "WRB", "PRP", "VBD", "PRP", "VB", "RP", "DT", "NN", ",", "CC", "PRP", "VBD", "TO", "VB", "DT", ",", "VBD", "RB", "PRP", "MD", "VB", "DT", ",", "RB", "PRP", "MD", "VB", "DT", "."], "14": ["DT", "JJ", "NN", "IN", "DT", ",", "NNP", "VBD", "IN", "DT", "JJ", ",", "VBD", "DT", "NN", "WRB", "NNS", "MD", "VB", "DT", "IN", "NN", "CC", "VB", "JJ", "NNS", "CC", "VBP", "PRP$", "JJ", "NNP", "."], "15": ["JJ", "MD", "VB", "IN", "DT", "NN", "WP", "VBZ", "DT", "NN", "''", "VBZ", "DT", "JJ", "NN", "IN", "JJ", "NNS", "CC", "NN", "IN", ",", "WRB", "DT", "NN", "VBZ", "VBN", "VBN", "IN", "WP", "VBZ", "DT", "NN", "JJ", "CC", "''"], "16": ["TO", "VB", "TO", "VB", "IN", "DT", "NNS", "RB", "IN", "PRP$", "JJ", "NN", "MD", "RB", "RB", "VB", "DT", "NN", "CC", "NN", "IN", "CC", "DT", "NNP", "CC", "DT", "NNP", "IN", "DT", "NN", "WRB", "PRP$", "JJ", "NN", "MD", "VB", "IN", "DT", "JJ", "NNS", "IN", "NN", "RB", "CC", "NN", "IN", "NN", "IN", "."], "17": ["IN", ",", ",", "PRP$", "NN", "CC", "PRP$", "NN", "VBD", "PRP$", "JJ", "NN", "NN", ",", "IN", "DT", "JJ", "NN", "TO", ",", "VBD", "IN", "DT", "JJ", "NN", "WRB", "PRP", "VBD", "DT", "NN", "NN", "WDT", "IN", "RB", "."], "18": ["IN", ",", "WRB", "PRP", "VBD", "DT", ",", "CD", "IN", "PRP$", "NNS", "VBD", "CC", "PRP", "PRP", "VBD", "RB", "JJ", "JJR", "IN", "."], "19": ["NN", "IN", "DT", "NN", "WRB", "NN", "NN", "VBZ", "JJ", "NN", "MD", "VB", "PRP", "RP", "HYPH", "VBG", "TO", "VB", "DT", "NN", "IN", "DT", "JJ", "NN", ":", "RB", "IN", "DT", ",", "CC", "IN", "DT", "NN", "CC", "POS", "."], "20": ["IN", "NN", "IN", "DT", "VBN", "NN", "WRB", "DT", "CD", "NNS", "IN", "NNS", "VBP", "VBN", "IN", "PRP$", "NN", "CC", "NN", "IN", "NN", ",", "DT", "NNS", "VBD", "DT", "."], "21": ["IN", "DT", "NN", "WRB", "DT", "JJ", "NN", "MD", "VB", "IN", "DT", "JJ", ",", "PRP", "MD", "VB", "NN", "JJ", "TO", "VB", "IN", "NN", "CC", "."], "22": ["RB", "VBD", "DT", "NN", "IN", "RB", "RBS", "JJ", ",", "CC", "RB", ",", "IN", "NNP", "IN", ",", "WRB", "PRP", "VBD", "JJ", "JJ", "."], "23": ["PRP", "VBD", "DT", "NNP", "NNP", "NNP", "NNP", "IN", "JJS", "NN", "IN", "NNP", "NNPS", ",", "NNP", "NNPS", ",", "DT", "NNP", "NNP", "IN", "JJS", "JJ", "NN", "IN", "NNP", ".", ",", "CC", "DT", "NNP", "NNP", "IN", "JJS", "NN", "IN", "DT", "NNP", "NNP", "WP", "VBD", "IN", "DT", "NNP", "."], "24": ["DT", "NN", "IN", "NNS", "IN", "NNP", ",", ",", "CC", "NNP", "NNP", "VBD", "DT", "NN", "IN", "CD", "NNS", ",", "IN", "DT", "JJ", "NN", "CC", "IN", "DT", "JJ", "NNS", "WRB", "NNP", "NNP", "VBD", "DT", ",", "DT", "NN", "IN", "JJ", "NNS", "VBD", "TO", "VB", "PRP$", "PRP$", "JJ", "NN", "IN", "NN", "CC", "MD", "VB", "RB", "IN", "PRP", "."], "25": ["VBG", "DT", "NN", "IN", "DT", "JJ", "NN", "IN", ",", "IN", "IN", "PRP$", "NN", "IN", "DT", "NN", "IN", "NNS", "CC", ",", "VBG", "DT", "NN", "IN", "DT", "NN", "VBZ", "RB", ",", "RB", "IN", ",", "WRB", "DT", "NN", "MD", "VB", "NN", "IN", "DT", "NN", "JJ", "IN", "JJ", "."], "26": ["IN", "DT", ",", "NNP", "VBD", "NNS", "IN", "JJ", "NN", "IN", "DT", "NNP", "IN", ",", "WRB", "PRP", "VBD", "NNP", ",", "WP", "VBD", "VBG", "JJ", "NNS", "IN", "DT", "JJ", "."], "27": ["RB", "PRP", "VBP", "DT", "JJ", "NN", ",", "WP", "VBZ", "DT", "RB", ",", "WRB", "MD", "PRP", "RB", "VB", "VBG", ",", "VBZ", "EX", "DT", "NN", "WRB", "PRP", "MD", "."], "28": ["NNS", "VBP", "VBN", "IN", "NNP", ",", "WRB", "NNS", "VBP", "TO", "VB", "VBN", "IN", "."], "29": ["NNP", "VBD", "NNP", "POS", "CD", "NNP", "IN", "NNP", ",", "PRP", "RB", "VBD", "IN", "DT", "NNP", "NNP", ",", "WRB", "PRP", "VBD", "DT", ".", "-RSB-"], "30": ["NNP", "VBD", "VBN", "RP", "CC", "VBD", "DT", "JJ", "JJ", ",", "IN", "DT", "NN", "WRB", "DT", "NNP", "VBD", "VBG", "VBN", "IN", ",", "WDT", "VBD", "VBN", "."], "31": ["NNP", "VBD", "IN", "NNP", ",", ",", "VBD", "DT", "POS", "NN", "IN", "DT", "JJ", "NN", ",", "VBG", "PRP", "IN", "DT", "''", "IN", "DT", "NN", "IN", ".", ".", "DT", "JJ", "NN", "NNP", "VBZ", "VBZ", "IN", "DT", "NN", "WRB", "PRP", "VBD", "IN", "DT", "JJ", "CD", "''"], "32": ["DT", "JJ", "NN", "VBZ", ",", "PRP$", "NN", "IN", ",", ",", "CC", "IN", "VBP", "TO", ",", "IN", "VBP", "TO", "VB", "RP", "RB", "RB", "IN", "DT", ":", "DT", "JJ", "WRB", "PRP", "MD", "VB", "NN", ",", "PRP", "VBP", "TO", "VB", "PRP", "IN", "DT", "JJ", "."], "33": ["PRP", "VBP", "DT", "NN", "IN", "VBG", "DT", "NNS", "CC", "VBG", ",", "CC", "VBP", "DT", "NN", "NN", "WRB", "DT", "NN", "NNS", "VBP", "VBN", "IN", "CD", "NN", "."], "34": ["RB", "PRP", "MD", "VB", "PRP", "VBG", "DT", ",", "RB", "VBN", "IN", "DT", ",", "IN", "PRP$", "NNS", "IN", "DT", "NN", "VBN", "IN", "DT", "NNS", "IN", "DT", ",", "WRB", "NN", "VBD", "RB", "JJ", "IN", "RB", "PRP", "VBD", "IN", "IN", "DT", "POS", "NNS", "VBD", ",", "VB", "PRP", "VB", "RB", "RB", "IN", ".", "-RSB-"], "35": ["CC", "PRP", "MD", "VB", "IN", "VBZ", ",", "IN", "PRP$", ",", "PRP", "RB", "VBP", "PRP", "NNS", "POS", "WRB", "PRP", "VBP", "DT", "NN", "IN", "."], "36": ["CC", "TO", "VB", "DT", "JJ", "NN", "PRP", "VBD", "RB", "CC", "RB", "IN", "DT", "VBG", "NNS", "WRB", "IN", "JJ", "NNS", "CC", "JJ", "NNS", "JJ", "NNS", "VBP", "IN", "DT", "POS", "."], "37": ["DT", "NNP", "VBZ", "DT", "JJ", "JJ", "NN", "WRB", "PRP", "VBP", "RB", "VBG", "TO", "VB", "NN", "IN", "DT", "CD", "NNS", "CC", "IN", "DT", "JJ", "."], "38": ["VBZ", "DT", "JJ", "NN", "WRB", "PRP", "VBP", "VBG", "TO", "VB", "IN", "WP", "DT", "NN", ",", "VBP", "PRP", "VBN", "NN", "IN", ",", "VBZ", "PRP", "DT", "JJ", ",", "WP", "VBP", "JJ", "NNS", "."], "39": ["CC", "NN", "WRB", "NNS", "VBD", "VBN", "CC", "IN", "WRB", "PRP", "."], "40": ["RB", "PRP", "VBD", "VB", "DT", ",", "DT", "JJ", "NN", "PRP", "VBD", "VBG", "IN", "IN", "IN", ",", "WRB", "PRP", "VBP", "DT", "RB", "JJ", "NN", "IN", "PRP$", "."], "41": ["PRP", "VBD", "JJ", "NNS", "IN", "NNPS", "IN", "DT", ",", "VBD", "PRP", "RP", "IN", "NNS", "IN", "DT", "NN", "WRB", "NN", "MD", "VB", "."], "42": ["RB", "IN", "VBG", "VBN", "IN", "DT", ",", "WRB", "PRP", "MD", "VB", "RP", "IN", ",", "PRP", "VBD", "VBN", "IN", "DT", "NNP", "NNP", "."], "43": ["PRP", "VBD", "VBN", "PRP$", "NN", "IN", "DT", "JJ", "NN", "VBN", "IN", "DT", "NN", "IN", "DT", "NN", "IN", "DT", ",", "WRB", "PDT", "DT", "NNS", "."], "44": ["PRP", "RB", "VBD", "DT", "NN", "IN", "DT", "NN", "DT", "NN", ",", "WRB", "DT", "NNS", "VBD", "DT", "NN", "IN", "DT", "NN", "IN", "NN", "CC", "DT", "NN", "."], "45": ["PRP", "VBD", "RB", "VBN", "IN", "RB", "CD", "SYM", ",", "WRB", "PRP", "VBD", "VBN", "IN", "NNP", "IN", "PRP$", "NN", "NNP", "IN", "NNP", "WP", "MD", "CC", "MD", "RB", "VB", "VBN", "DT", "JJ", "NNP", "WP", "NNP", "VBZ", "IN", "PRP$", "NN", "WP", "VBD", "TO", "VB", "IN", "DT", "NN", "IN", "DT", "NN", "IN", "DT", "-RRB-", "TO", "VB", "JJ", "CC", "JJ", "."], "46": ["NNP", "VBD", "VBN", "CC", "VBN", "IN", ",", "NNP", ",", "WRB", "PRP", "VBD", "IN", "NNP", "NNP", "NNP", "IN", "."], "47": ["DT", ",", "IN", "IN", "JJ", "NNS", "IN", "NN", "IN", ",", "VBP", "VBN", "IN", "PRP$", "NN", "NNPS", "IN", ",", "WRB", "NNP", "VBZ", "IN", "VBG", "IN", "VBN", "IN", "DT", "CD", "NNS", "VBP", ",", "CC", "IN", "DT", "NNS", "VBN", "IN", "VBG", "NNS", "CC", "IN", "DT", "NNS", "IN", "WDT", "NNS", "VBP", "VBN", "IN", "NNS", "CC", ",", "PRP", "VBZ", "TO", "VB", "IN", "EX", "MD", "VB", "DT", "JJ", "NN", "IN", "."], "48": ["DT", "VBZ", "CD", ":", ",", "PRP", "VBP", "JJ", "TO", "RB", "VB", "NNS", "WRB", "PRP", "VBP", "TO", "VB", ",", "CC", ",", "PRP", "MD", "VB", "PRP$", "NNS", "IN", "DT", "NN", "TO", "VB", "JJ", "WP", "PRP", "VBP", "VBZ", "JJ", "CC", "."], "49": ["DT", "VBZ", "VBN", "IN", "DT", "NN", "IN", "DT", "NN", "WDT", "VBZ", "VBN", "TO", "VB", "DT", "NN", "IN", "PRP$", "NN", "WRB", "DT", "NN", "NN", "."], "50": ["PRP", "VBD", "IN", "PRP", "VBD", "IN", "DT", "POS", ",", "WRB", "PRP", "VBD", "NN", "CC", "DT", "NN", "VBD", "VBG", "NN", "IN", "DT", ",", "CC", "PRP", "VBD", "RB", ",", "CC", "RB", "PRP", "VBD", "DT", "NN", ",", "CC", "PRP", "VBD", "VBN", "RB", "IN", "."], "51": ["DT", "JJ", "NN", "VBN", "IN", "DT", ",", "WRB", "PRP", "VBP", "PRP$", "NNS", "RB", "IN", "VBZ", "IN", "NN", "CC", "NN", ",", "VBZ", "VBN", "IN", "DT", "JJ", "JJ", "NN", "IN", ",", "CC", "RB", "RB", "."], "52": ["VBD", "DT", "DT", "NN", "WRB", "PRP", "VBD", "DT", "NN", "IN", "DT", ",", "IN", "."], "53": ["PRP", "RB", "VBD", "IN", ",", "WRB", "PRP", "VBD", "NNP", "."], "54": ["DT", "VBZ", "DT", "JJ", "NN", "PRP", "VBP", "VBN", "IN", "PRP", "IN", "DT", ",", "WRB", "RB", "JJ", "NNS", "VBP", "VBN", "VBN", "WDT", "VBD", "DT", "NN", "IN", "DT", "."], "55": ["PRP", "VBD", "IN", "DT", "JJ", "NN", "WRB", "DT", "NN", "VBD", "RP", "IN", "DT", "JJ", "NN", "WRB", "PRP", ",", "DT", "JJ", "NN", "IN", "JJ", "NNS", "CC", "JJ", "NNS", "IN", "NN", "WDT", "VBP", "JJ", "CC", "JJ", "."], "56": ["PRP", "RB", "VBP", "TO", "VB", "CD", "IN", "DT", "JJ", "NNS", "WRB", "DT", "NNS", "MD", "RB", "VB", "RP", "IN", "PRP", "CC", "PRP", "VBZ", "RB", "."], "57": ["PRP", "VBP", "VBN", "IN", ",", "CC", "WRB", "VBP", "VBN", "IN", ",", "PRP", "VBP", "DT", ",", "UH", "PRP", "VBP", "DT", "VBD", "DT", "NN", "WRB", "PRP", "VBD", "RB", "VBN", "DT", "NN", "CC", "."], "58": ["IN", "JJ", "NNS", "IN", ",", "PRP", "VBD", "IN", "NNP", "IN", "NNP", "CC", "VBD", "IN", "NNP", "WRB", "PRP", "VBZ", "TO", "VB", "RB", "VBN", "RP", "JJ", ",", "CC", ",", "IN", "PRP$", "NN", "NNP", ",", "PRP", "VBD", "NNP", "IN", "POS", "NN", "IN", "DT", "NNPS", "CC", "DT", "NN", "NNP", "."], "59": ["PRP", ",", "RB", "IN", ",", "IN", "PRP", "VBD", "IN", "NNP", "WRB", "NN", "VBD", "JJ", "IN", "DT", "WP", "VBD", "JJ", "CC", "JJ", "TO", ",", "WRB", "DT", "NN", "IN", "JJ", "NNS", "CC", "NNS", "MD", "VB", ",", "CC", "WRB", "JJR", "JJ", "NN", "MD", "VB", "DT", "JJ", "NNS", "CC", "DT", "JJ", "NNS", "WDT", "PRP$", "VBG", "NN", "."], "60": ["IN", "CD", "IN", ",", "PRP", "VBD", "IN", "DT", "NNP", "IN", "NNP", "IN", ",", "WRB", "IN", ",", "PRP", "VBD", "NNP", "NNP", "IN", "NNP", "."], "61": ["VB", "RP", "DT", "NN", "IN", "DT", "NN", "WRB", "PRP", "MD", "VB", "PDT", "DT", "VBN", "."], "62": ["IN", "PRP$", "JJ", "NNS", "IN", ",", "NNP", "VBD", "RP", "DT", "NNS", "IN", ",", "VBG", "DT", "NNS", "IN", "DT", "NNP", ",", "CC", "DT", "NN", "WRB", "PRP", ",", "WDT", "VBD", "JJ", "IN", "."], "63": ["PRP", "RB", "VB", "IN", "PRP", "NNS", "VBP", "VBN", "DT", "IN", "NNPS", "WRB", "NNS", "VBP", "CC", "VBP", "JJ", "NNS", "IN", "NN", "NN", "CC", "NN", "CC", "."], "64": ["IN", "VBG", "PRP", "VBD", "NNP", ",", "WRB", "NNP", "NN", "NN", "VBD", "."], "65": ["RB", "IN", "DT", "NN", "VBZ", "IN", "DT", "NN", "WRB", "NN", "VBZ", "TO", "VB", "DT", "JJ", ",", "JJ", "NNS", "IN", "VBN", "IN", "NN", ",", "VBP", "RB", "CD", "NN", "IN", "DT", "NN", "VBN", ":", "VBG", "NN", "IN", "DT", "JJ", "NN", "IN", "NN", "."], "66": ["IN", "JJ", "NN", ",", "IN", "PRP$", "JJ", ",", "PRP", "VBP", "DT", "NNS", "IN", "PRP$", "NN", "WRB", "PRP", "VBD", "PRP", "VBD", "DT", "NN", "JJR", ",", "CC", "RB", "PRP", "VBP", "IN", "PRP$", "NN", "."]}