{"0": [], "1": [[[11], [17]]], "2": [], "3": [[[10], [44]]], "4": [], "5": [[[0], [13]]], "6": [], "7": [], "8": [[[0, 1, 2, 3, 4, 5, 6, 7], [14], [23]]], "9": [], "10": [], "11": [[[7, 8], [18]]], "12": [[[11], [16], [20]]], "13": [[[15], [23]]], "14": [[[2, 3], [18]], [[28, 29, 30], [36]]], "15": [], "16": [], "17": [], "18": [[[16], [18]]], "19": [[[4], [9]]], "20": [], "21": [], "22": [], "23": [], "24": [], "25": [], "26": [], "27": [], "28": [], "29": [], "30": [], "31": [[[4], [9], [19], [31]]], "32": [], "33": [], "34": [], "35": [[[8, 9, 10, 11], [14]], [[11], [16]]], "36": [[[7], [23, 24]]], "37": [[[28], [31]]], "38": [], "39": [[[0], [18]]], "40": [], "41": [], "42": [], "43": [], "44": [[[1], [8]]], "45": [], "46": [[[1], [12], [21]]], "47": [], "48": [], "49": [], "50": [], "51": [[[7], [25, 26], [36]]], "52": [], "53": [], "54": [[[7, 8], [10, 11]]], "55": [[[0, 1, 2, 3, 4], [11]]], "56": [], "57": [[[0], [10]]], "58": [], "59": [], "60": [], "61": [], "62": [[[5], [8]]], "63": [], "64": [], "65": [], "66": [[[4, 5], [9], [15]]], "67": [[[0], [10], [16]], [[32], [35]]], "68": [], "69": [], "70": [[[0, 1], [16]]], "71": [[[1], [7]]], "72": [], "73": [], "74": [], "75": [], "76": [[[8], [24]]], "77": [[[14], [19]]], "78": [], "79": [[[26, 27], [40, 41]]], "80": [[[10, 11], [13]], [[10, 11, 12, 13, 14], [20]]], "81": [], "82": [], "83": [[[16], [28]]], "84": [], "85": [], "86": [[[3], [5]], [[18], [22]]], "87": [[[13], [23]]], "88": [], "89": [[[26, 27, 28, 29], [31]]], "90": [[[11], [16]]], "91": [[[0, 1], [12], [17]]], "92": [], "93": [], "94": [], "95": []}